{
"type": "FeatureCollection",
"name": "Saluran Irigasi KorSDA Kabat",
"crs": { "type": "name", "properties": { "name": "urn:ogc:def:crs:OGC:1.3:CRS84" } },
"features": [
{"type":"Feature","properties":{"Name":"Saluran Sekunder Asnapun","Kategori":"Saluran Irigasi Sekunder","DI":"Asnapun","KorSDA":"Kabat","Status":null,"DI_PERMEN":"Asnapun","ID_TANAH":null},"geometry":{"type":"LineString","coordinates":[[114.265953126000113,-8.172964096999976,0.0],[114.265946420000091,-8.173092438999959,0.0],[114.266040613000087,-8.173170144999972,0.0],[114.266166373000033,-8.173217593999937,0.0],[114.266211226000109,-8.173280301999966,0.0],[114.266182686000093,-8.173405498999955,0.0],[114.266121747000057,-8.173633550999966,0.0],[114.26607363200003,-8.173779902999968,0.0],[114.266062023000018,-8.173933569999974,0.0],[114.266087226000082,-8.174069955999926,0.0],[114.26614823400007,-8.174199034999958,0.0],[114.266227523000111,-8.17429231899996,0.0],[114.266256109000096,-8.174359782999943,0.0],[114.266240893000031,-8.174455899999941,0.0],[114.266262796000092,-8.174563142999943,0.0],[114.266342969000107,-8.174696910999955,0.0],[114.266596741000058,-8.174889001999929,0.0],[114.266671416,-8.174975490999941,0.0],[114.266709214000116,-8.175110852999978,0.0],[114.266734379000013,-8.175249660999953,0.0],[114.266789053000025,-8.175353821999977,0.0],[114.266808381000033,-8.175425791999942,0.0],[114.266849733000072,-8.175467395999931,0.0],[114.266919696000059,-8.17549926099997,0.0],[114.266973483000015,-8.175530549999962,0.0],[114.266993697000089,-8.175597575999973,0.0],[114.266979710000101,-8.175698821999958,0.0],[114.26694296300002,-8.175780123999971,0.0],[114.266927179000049,-8.175871718999929,0.0],[114.266907952000111,-8.175969915999929,0.0],[114.266871334000029,-8.176043731999926,0.0],[114.266785749000064,-8.176092107999978,0.0],[114.266741029000059,-8.176150952999933,0.0],[114.2667320810001,-8.176227206999954,0.0],[114.266824986000074,-8.176421924999943,0.0],[114.266931713000076,-8.176571688999957,0.0],[114.267053512000075,-8.176730383999939,0.0],[114.267127513000105,-8.176861595999981,0.0],[114.267256175000057,-8.176983373999974,0.0],[114.267348746000039,-8.177052768999943,0.0],[114.267421257000024,-8.177156751999973,0.0],[114.267493930000114,-8.177310304999935,0.0],[114.267532203000087,-8.177392156999929,0.0],[114.267546257000049,-8.177495590999968,0.0],[114.267544625000028,-8.177612057999966,0.0],[114.267524420000086,-8.177675981999926,0.0],[114.267511357000103,-8.177768812999943,0.0],[114.267474195000091,-8.177868475999958,0.0],[114.267418635000013,-8.177885710999931,0.0],[114.2673713370001,-8.177944207999928,0.0],[114.267358287000093,-8.177993998999966,0.0],[114.267394854000031,-8.178062182999952,0.0],[114.26743883600011,-8.178109707999965,0.0],[114.267457141000023,-8.178151482999965,0.0],[114.267453886000112,-8.178207713999939,0.0],[114.267445433000034,-8.178250694999974,0.0],[114.267433243000028,-8.178288472999952,0.0]]}},
{"type":"Feature","properties":{"Name":"Saluran Tersier Asnapun","Kategori":"Saluran Irigasi Tersier","DI":"Asnapun","KorSDA":"Kabat","Status":null,"DI_PERMEN":"Asnapun","ID_TANAH":null},"geometry":{"type":"MultiLineString","coordinates":[[[114.267432948000078,-8.178296053999929,0.0],[114.267418753000015,-8.17831560999997,0.0],[114.267414297000073,-8.17834813199994,0.0],[114.267409017000091,-8.178404994999937,0.0],[114.267435848000105,-8.178437187999975,0.0],[114.267468306000069,-8.178474962999928,0.0],[114.267465085000026,-8.178495934999944,0.0],[114.267438044000073,-8.178520071999969,0.0],[114.267399691000037,-8.178548529999944,0.0],[114.267387310000117,-8.178559360999941,0.0],[114.26738010400004,-8.178574743999945,0.0],[114.267363811000109,-8.178588047999938,0.0]],[[114.267435427,-8.17829975899997,0.0],[114.267466201000047,-8.178378622999958,0.0],[114.267482428000108,-8.178435787999945,0.0],[114.267554250000103,-8.178514475999975,0.0],[114.267618033000076,-8.178602736999949,0.0],[114.267673031000072,-8.178680072999953,0.0],[114.267707157000018,-8.178734223999982,0.0],[114.267714940000019,-8.17878100799993,0.0],[114.26771326800008,-8.178846611999973,0.0],[114.26774011200007,-8.178905759999964,0.0],[114.26777023000011,-8.178966890999959,0.0],[114.267765709000059,-8.179041473999973,0.0],[114.267749724000055,-8.179078083999968,0.0],[114.26774540800011,-8.179105364999941,0.0],[114.267781631000048,-8.179170761999956,0.0],[114.267807190000099,-8.179247133999979,0.0]],[[114.267484663,-8.178440197999976,0.0],[114.267508398000018,-8.178491397999949,0.0],[114.267508040000052,-8.178503796999962,0.0],[114.267462114000068,-8.178531243999942,0.0],[114.267452707000075,-8.178543167999976,0.0],[114.267415974000073,-8.178564062999953,0.0],[114.26740906200007,-8.178584093999973,0.0],[114.267395524000108,-8.178599176999967,0.0],[114.267377085000021,-8.17860838799993,0.0],[114.267348734000052,-8.178621437999936,0.0],[114.267312490000108,-8.178651652999974,0.0],[114.267285346000108,-8.178653697999948,0.0],[114.267266594000034,-8.178678635999972,0.0],[114.267213899000012,-8.178721927999959,0.0],[114.267177366000055,-8.178746855999975,0.0],[114.267149209000081,-8.178780318999941,0.0],[114.26708918700001,-8.178825555999936,0.0]]]}},
{"type":"Feature","properties":{"Name":"Saluran Sekunder Astro","Kategori":"Saluran Irigasi Sekunder","DI":"Astro","KorSDA":"Kabat","Status":null,"DI_PERMEN":"Astro","ID_TANAH":null},"geometry":{"type":"LineString","coordinates":[[114.265981575000069,-8.172734710999976,0.0],[114.266019193000034,-8.172751508999966,0.0],[114.266014025000118,-8.172806256999934,0.0],[114.265953954000111,-8.172851742999967,0.0],[114.265929645000028,-8.172880082999939,0.0],[114.265909334000071,-8.17293867099994,0.0]]}},
{"type":"Feature","properties":{"Name":"Saluran Sekunder Banjar","Kategori":"Saluran Irigasi Sekunder","DI":"Banjar","KorSDA":"Kabat","Status":null,"DI_PERMEN":"Banjar","ID_TANAH":null},"geometry":{"type":"LineString","coordinates":[[114.271837165000079,-8.181633630999954,0.0],[114.271908329000098,-8.181613466999977,0.0],[114.271965976000047,-8.181629861999966,0.0],[114.272018975000037,-8.181655790999969,0.0],[114.272054646000015,-8.181639841999981,0.0],[114.272071268000104,-8.181588941999962,0.0],[114.272136397000054,-8.181557101999942,0.0],[114.272204831000067,-8.181553891999954,0.0],[114.272277802000076,-8.181536069999936,0.0],[114.272350382000013,-8.181520049999961,0.0],[114.272396290000074,-8.181522054999959,0.0],[114.272495500000105,-8.181617261999975,0.0],[114.272550411000111,-8.181690455999956,0.0],[114.272606011000107,-8.181754425999941,0.0],[114.272656669000071,-8.181828133999943,0.0],[114.272703100000058,-8.181886777999978,0.0]]}},
{"type":"Feature","properties":{"Name":"Saluran Sekunder Benahan I","Kategori":"Saluran Irigasi Sekunder","DI":"Benahan I","KorSDA":"Kabat","Status":null,"DI_PERMEN":"Benahan I","ID_TANAH":null},"geometry":{"type":"LineString","coordinates":[[114.235965189000012,-8.18623230399993,0.0],[114.235975826000072,-8.186318000999961,0.0],[114.236026623000043,-8.186370298999975,0.0],[114.236020275000101,-8.186437201999979,0.0],[114.23609113100008,-8.186516250999944,0.0],[114.236136983000051,-8.186570786999937,0.0]]}},
{"type":"Feature","properties":{"Name":"Saluran Sekunder Benahan II","Kategori":"Saluran Irigasi Sekunder","DI":"Benahan II","KorSDA":"Kabat","Status":null,"DI_PERMEN":"Benahan XI","ID_TANAH":null},"geometry":{"type":"LineString","coordinates":[[114.23535800600007,-8.18654652999993,0.0],[114.235436205000042,-8.186481589999971,0.0],[114.235540167000067,-8.186332036999943,0.0],[114.235570869000071,-8.186285805999944,0.0]]}},
{"type":"Feature","properties":{"Name":"Saluran Sekunder Bun","Kategori":"Saluran Irigasi Sekunder","DI":"Bun","KorSDA":"Kabat","Status":null,"DI_PERMEN":"Bun","ID_TANAH":null},"geometry":{"type":"LineString","coordinates":[[114.266153106000047,-8.172906014999967,0.0],[114.266122591000112,-8.173039570999947,0.0],[114.266167600000017,-8.17308677699998,0.0],[114.266298230000075,-8.173130855999943,0.0],[114.266348798000081,-8.173243689999936,0.0],[114.26635947200009,-8.173370394999949,0.0],[114.266354748000026,-8.173458575999973,0.0],[114.266430849000017,-8.173651459999974,0.0],[114.266437271000086,-8.173933332999979,0.0],[114.266461391,-8.174159197999927,0.0],[114.266509681000116,-8.174445827999932,0.0],[114.26658455300003,-8.174654071999953,0.0],[114.266658393000057,-8.174821143999964,0.0],[114.266812800000025,-8.174947559999964,0.0],[114.266922888000067,-8.175035330999947,0.0],[114.267045555000095,-8.175168068999938,0.0],[114.267181777000019,-8.175281363999943,0.0],[114.267313740000077,-8.175459830999955,0.0],[114.267528344000084,-8.175860639999939,0.0],[114.26768064800001,-8.17603283699998,0.0],[114.267813096000054,-8.17616199899993,0.0],[114.267968578000023,-8.176394441999946,0.0],[114.268114750000109,-8.176611667999964,0.0],[114.268205346000059,-8.176803771999971,0.0],[114.268247340000016,-8.17684354599993,0.0],[114.268343853000033,-8.176910061999934,0.0],[114.268434672000012,-8.176934462999952,0.0],[114.26847585500002,-8.176958037999952,0.0],[114.268515122000053,-8.177004841999974,0.0],[114.26854216400011,-8.177066313999944,0.0],[114.268592128000023,-8.177113584999972,0.0],[114.26865978100011,-8.177141334999931,0.0],[114.268760578000069,-8.177141146999929,0.0],[114.268845490000103,-8.177135533999945,0.0],[114.268915802000038,-8.177113611999971,0.0],[114.269019257000082,-8.17705706299995,0.0],[114.269139234000022,-8.176974277999932,0.0],[114.26928182000006,-8.176924600999939,0.0],[114.269364997000025,-8.176930378999941,0.0],[114.269448888000056,-8.176957863999974,0.0],[114.269472842000027,-8.177050083999973,0.0],[114.269556695,-8.17713648299997,0.0],[114.269690793000109,-8.177160645999948,0.0],[114.269741747000012,-8.177243037999972,0.0],[114.269819657000085,-8.17730381299998,0.0],[114.269926038000108,-8.177389550999976,0.0],[114.270062661000111,-8.17745694499996,0.0],[114.270172163000097,-8.177514995999957,0.0],[114.27033442600009,-8.177488517999961,0.0],[114.270451355000091,-8.177420537999978,0.0],[114.27057917500008,-8.177372605999949,0.0],[114.270710695000048,-8.177336541999978,0.0],[114.270794672000079,-8.177353915999959,0.0],[114.270877194000036,-8.177486289999933,0.0],[114.270927524000058,-8.177599887999975,0.0],[114.270993298,-8.177684085999942,0.0],[114.271069189000059,-8.177797740999949,0.0],[114.271162614000104,-8.177898178999953,0.0],[114.271231904000047,-8.177934268999934,0.0],[114.271287854000093,-8.177950409999937,0.0],[114.27144799000007,-8.177897892999965,0.0],[114.271556120000014,-8.177868503999946,0.0],[114.271608660000084,-8.177857503999974,0.0],[114.271650247000025,-8.177951508999968,0.0],[114.271693685000059,-8.178046748999975,0.0],[114.271744801000068,-8.178135890999954,0.0],[114.271800373000019,-8.178246208999951,0.0],[114.271891722000078,-8.178331503999971,0.0],[114.272023122000064,-8.178417904999947,0.0],[114.272128743000053,-8.178454740999939,0.0],[114.272193683000069,-8.17843372599998,0.0],[114.272208739,-8.178374484999949,0.0],[114.272220565000111,-8.178323808999949,0.0],[114.272249450000118,-8.178270104999967,0.0],[114.272311490000106,-8.178241070999945,0.0],[114.272431241000049,-8.178218020999964,0.0],[114.272528307000016,-8.178205190999961,0.0],[114.272691781000049,-8.178032443999939,0.0],[114.272737045000099,-8.177957244999959,0.0],[114.272815337000111,-8.177903914999945,0.0],[114.27291006400003,-8.177917788999935,0.0],[114.273005194,-8.17789473299996,0.0],[114.273098108000113,-8.177838909999934,0.0],[114.273243069000046,-8.177641430999927,0.0],[114.2733483720001,-8.177550140999926,0.0],[114.273523164000039,-8.177445510999974,0.0],[114.273688181000011,-8.177377247999971,0.0],[114.273855362000063,-8.177302775999976,0.0],[114.273975361000112,-8.177239935999978,0.0],[114.274128417000043,-8.177148124999974,0.0],[114.274234218000061,-8.17709608399997,0.0],[114.274332404,-8.177032680999957,0.0],[114.274495819000094,-8.177097375999949,0.0],[114.27457624300007,-8.177176349999968,0.0],[114.274670256000036,-8.177240358999939,0.0],[114.274773885000059,-8.177230281999925,0.0],[114.274846154000102,-8.177206879999972,0.0]]}},
{"type":"Feature","properties":{"Name":"Saluran Tersier Bun","Kategori":"Saluran Irigasi Tersier","DI":"Bun","KorSDA":"Kabat","Status":null,"DI_PERMEN":"Bun","ID_TANAH":null},"geometry":{"type":"MultiLineString","coordinates":[[[114.274850155000081,-8.177208451999945,0.0],[114.274956050000014,-8.177155819999939,0.0],[114.275074682000081,-8.177126184999963,0.0],[114.275195799000016,-8.177084660999981,0.0],[114.27527,-8.17709188699996,0.0],[114.275322971000037,-8.177133220999963,0.0],[114.275376958000038,-8.177180383999939,0.0],[114.27544100700004,-8.177205209999954,0.0],[114.275510427000086,-8.17720606499995,0.0],[114.275576172000115,-8.177193719999934,0.0],[114.275665359000072,-8.17715108699997,0.0],[114.275711196000088,-8.177070728999979,0.0],[114.275737990000039,-8.177010493999944,0.0],[114.275790338000093,-8.176981233999982,0.0],[114.275870894000036,-8.176993066999955,0.0],[114.275964467000108,-8.177008260999969,0.0],[114.276027045000092,-8.176987321999945,0.0],[114.276029744000084,-8.176982609999925,0.0],[114.276088758000014,-8.176953350999952,0.0],[114.276156108,-8.176951521999968,0.0],[114.276229822,-8.176981473999945,0.0],[114.276288917000102,-8.177028557999961,0.0],[114.276333561000115,-8.177086352999936,0.0],[114.27640584300002,-8.177154403999964,0.0],[114.276473942000052,-8.177200027999959,0.0],[114.276547119000043,-8.177263509999932,0.0],[114.276616907000061,-8.177299708999954,0.0],[114.276673680000044,-8.17734074599997,0.0],[114.276732011000036,-8.177380786999947,0.0],[114.276758726000025,-8.177411991999975,0.0]],[[114.27484926000011,-8.177212736999934,0.0],[114.274890754000012,-8.177303604999963,0.0],[114.275031762000026,-8.17746496999996,0.0],[114.275213432000101,-8.177638920999925,0.0],[114.275367310000092,-8.177788569999962,0.0],[114.275524151000013,-8.177938162999965,0.0],[114.275630684000021,-8.178052401999935,0.0],[114.275720469000021,-8.178153503999965,0.0],[114.275860131000059,-8.178288389999977,0.0],[114.275951347000046,-8.178384435999931,0.0],[114.276035708000109,-8.178485039999941,0.0]]]}},
{"type":"Feature","properties":{"Name":"Saluran Sekunder Cende","Kategori":"Saluran Irigasi Sekunder","DI":"Cende","KorSDA":"Kabat","Status":null,"DI_PERMEN":"Cende","ID_TANAH":null},"geometry":{"type":"LineString","coordinates":[[114.251976074000027,-8.195334183999933,0.0],[114.251994926000066,-8.19534755799998,0.0],[114.252073569000117,-8.195446484999934,0.0],[114.252131304000045,-8.19552192499998,0.0],[114.252159355000117,-8.195575433999977,0.0],[114.252162678000104,-8.195612092999966,0.0],[114.252149638000105,-8.195640081999954,0.0],[114.2521282350001,-8.195668965999971,0.0],[114.252109324000116,-8.195717539999976,0.0],[114.252108717000056,-8.19578271599994,0.0],[114.252157063000027,-8.195837214999926,0.0],[114.252215763000095,-8.19590007499994,0.0],[114.25227812300011,-8.195984806999945,0.0],[114.252388455000073,-8.196101093999971,0.0]]}},
{"type":"Feature","properties":{"Name":"Saluran Tersier Citrowati","Kategori":"Saluran Irigasi Tersier","DI":"Citrowati","KorSDA":"Kabat","Status":null,"DI_PERMEN":"Citrowati","ID_TANAH":null},"geometry":{"type":"LineString","coordinates":[[114.290564216,-8.261195451999981,0.0],[114.290640133000011,-8.261232102999941,0.0],[114.290726530000029,-8.261269407999976,0.0],[114.290743896000095,-8.261269133999974,0.0],[114.290785220000089,-8.261243500999967,0.0],[114.29083223900011,-8.261239943999954,0.0],[114.290885391000074,-8.261245801999962,0.0],[114.290936485000088,-8.261260020999941,0.0],[114.290981176000059,-8.261268341999937,0.0],[114.291252782000015,-8.261353718999942,0.0]]}},
{"type":"Feature","properties":{"Name":"Saluran Sekunder Citrowati","Kategori":"Saluran Irigasi Sekunder","DI":"Citrowati","KorSDA":"Kabat","Status":null,"DI_PERMEN":"Citrowati","ID_TANAH":null},"geometry":{"type":"LineString","coordinates":[[114.290557697000054,-8.261198990999958,0.0],[114.290577513000017,-8.26126573199997,0.0],[114.290600294000114,-8.261353415999963,0.0],[114.290604502000065,-8.261435533999929,0.0],[114.290580398000088,-8.261632965999979,0.0],[114.290529092000043,-8.261911944999952,0.0],[114.290492803,-8.262041955999962,0.0],[114.290459680000026,-8.262138879999952,0.0],[114.290405846000112,-8.262247538999929,0.0],[114.290291016000083,-8.26247256399995,0.0],[114.290295921000052,-8.262511030999974,0.0],[114.290325846000087,-8.262548247999973,0.0],[114.290337298000054,-8.262574162999954,0.0],[114.290330717000074,-8.262671378999926,0.0],[114.290313907000041,-8.262730673999954,0.0],[114.290238583000018,-8.262918967999951,0.0],[114.290192570000045,-8.263035230999947,0.0],[114.290175961000045,-8.26310151399997,0.0],[114.290133775000072,-8.263197507999962,0.0],[114.290147567000076,-8.263211170999966,0.0],[114.290222859000096,-8.263243319999958,0.0],[114.290332741000043,-8.263279633999957,0.0],[114.290622235000114,-8.263399188999927,0.0]]}},
{"type":"Feature","properties":{"Name":"Saluran Sekunder Cokro Kabat","Kategori":"Saluran Irigasi Sekunder","DI":"Cokro Kabat","KorSDA":"Kabat","Status":null,"DI_PERMEN":"Sbr. Cokro","ID_TANAH":null},"geometry":{"type":"LineString","coordinates":[[114.37271807500008,-8.247497856999928,0.0],[114.372952590000068,-8.24704152299995,0.0],[114.3730631950001,-8.246860638999976,0.0],[114.373226505000048,-8.246574606999957,0.0],[114.373482719000094,-8.246712670999955,0.0],[114.37363824900001,-8.246792958999947,0.0],[114.373817907000102,-8.246880283999928,0.0],[114.374009277000027,-8.246958933999963,0.0],[114.374146324000094,-8.247039579999978,0.0],[114.374313986000061,-8.247130039999945,0.0],[114.3745287590001,-8.247226875999957,0.0],[114.374675055000012,-8.24727809999996,0.0],[114.374760787000014,-8.247331304999932,0.0],[114.374887102000116,-8.247417205999966,0.0],[114.37498473900007,-8.247482566999963,0.0]]}},
{"type":"Feature","properties":{"Name":"Saluran Sekunder Dali","Kategori":"Saluran Irigasi Sekunder","DI":"Dali","KorSDA":"Kabat","Status":null,"DI_PERMEN":"Dali","ID_TANAH":null},"geometry":{"type":"LineString","coordinates":[[114.241914260000044,-8.177677456999959,0.0],[114.241871317,-8.177755041999944,0.0],[114.241833539000027,-8.177836069999955,0.0],[114.241844008000044,-8.177922986999931,0.0],[114.241850697000018,-8.177997341999969,0.0],[114.241835150000043,-8.178082427999925,0.0],[114.241818589000104,-8.178150083999981,0.0],[114.241793499000096,-8.178207904999965,0.0],[114.241790588000072,-8.178267762999951,0.0]]}},
{"type":"Feature","properties":{"Name":"Saluran Sekunder H Salam","Kategori":"Saluran Irigasi Sekunder","DI":"H Salam","KorSDA":"Kabat","Status":null,"DI_PERMEN":"H. Salam","ID_TANAH":null},"geometry":{"type":"LineString","coordinates":[[114.269182339000054,-8.180336484999941,0.0],[114.269267992000096,-8.180349587999956,0.0],[114.269306210000082,-8.180396913999971,0.0],[114.269341723000025,-8.180452517999981,0.0],[114.269411520000062,-8.180504275999965,0.0],[114.269484363000061,-8.18055114799995,0.0],[114.269538505000014,-8.18060166999993,0.0],[114.269561037000017,-8.180662906999942,0.0],[114.269589238000094,-8.180786223999974,0.0],[114.269654531000015,-8.180884379999952,0.0],[114.269745018000094,-8.180823207999936,0.0],[114.269869750000112,-8.180871569999965,0.0],[114.269959553000035,-8.180948926999974,0.0],[114.27009891900002,-8.181029213999977,0.0],[114.270151282000029,-8.18112134699993,0.0],[114.2701678950001,-8.181271283999934,0.0],[114.270183612000096,-8.181350966999958,0.0],[114.270168079000086,-8.181428701999948,0.0],[114.270156251000117,-8.181495151999968,0.0],[114.270127020000018,-8.181525890999978,0.0],[114.270091409000088,-8.181601718999957,0.0],[114.270060693,-8.181648757999938,0.0],[114.270039366000105,-8.181693606999943,0.0],[114.270064729000069,-8.181744726999966,0.0],[114.27010275400005,-8.181779416999973,0.0],[114.270122277000041,-8.18179250299994,0.0],[114.270146268000076,-8.181844972999954,0.0],[114.270166035000102,-8.181906909999952,0.0],[114.270128539000098,-8.182152204999966,0.0],[114.270112980000022,-8.182188942999971,0.0],[114.270090959000072,-8.18225268599997,0.0],[114.27007359400011,-8.18233459399994,0.0],[114.270109702000013,-8.182389394999973,0.0],[114.270170175000089,-8.182445917999928,0.0],[114.270193145,-8.182497583999975,0.0],[114.270190545000105,-8.182548759999975,0.0],[114.270196530000021,-8.182625425999959,0.0],[114.270234641000116,-8.182730163999963,0.0],[114.270180941000035,-8.182819273999939,0.0],[114.270111457000098,-8.182868590999931,0.0],[114.270046626000067,-8.182912848999933,0.0],[114.270010991000049,-8.182940328999962,0.0],[114.270063510000114,-8.183012986999927,0.0],[114.27005327400002,-8.183060268999952,0.0],[114.269923676000076,-8.18316791899997,0.0]]}},
{"type":"Feature","properties":{"Name":"Saluran Sekunder Astiyar","Kategori":"Saluran Irigasi Sekunder","DI":"Astiyar","KorSDA":"Kabat","Status":null,"DI_PERMEN":"Astiyar","ID_TANAH":null},"geometry":{"type":"LineString","coordinates":[[114.28164125,-8.190256506999958,0.0],[114.281641494000041,-8.190268746999948,0.0],[114.281646695000063,-8.19028887199994,0.0],[114.281652756000085,-8.190307707999978,0.0],[114.281658697000012,-8.190330127999971,0.0],[114.281677137000088,-8.190369027999964,0.0],[114.281692793000047,-8.190394986999934,0.0],[114.281722777000027,-8.190430293999952,0.0],[114.281756575000031,-8.190464616999975,0.0],[114.281793245000017,-8.190496207999956,0.0],[114.281834783000022,-8.190529160999972,0.0],[114.281869634000032,-8.190555769999946,0.0],[114.281896330000109,-8.190580745999966,0.0],[114.281924642000035,-8.190613343999928,0.0],[114.281946727000104,-8.190654051999957,0.0],[114.28197358500006,-8.190717607999943,0.0],[114.282004969000013,-8.190797342999929,0.0],[114.28202564500009,-8.190859160999935,0.0],[114.282048935000034,-8.190923166999937,0.0],[114.282073330000117,-8.190970051999955,0.0],[114.282087192000063,-8.19100401399993,0.0],[114.282109304000073,-8.191043393999962,0.0],[114.282119135000016,-8.191078996999977,0.0],[114.282136957000034,-8.191109524999945,0.0],[114.282157660000053,-8.191142900999978,0.0],[114.282180187000108,-8.191163395999979,0.0],[114.282212075000075,-8.191195719999939,0.0],[114.28224542800001,-8.191197011999975,0.0],[114.2822894090001,-8.19119391299995,0.0],[114.282339032000095,-8.19118397799997,0.0],[114.282377503000021,-8.191169385999956,0.0],[114.282428793,-8.191148737999981,0.0],[114.282479075000083,-8.191138629999955,0.0],[114.282517100000064,-8.191147170999955,0.0],[114.282555739000031,-8.191175182999928,0.0],[114.282586284000104,-8.191209392999951,0.0],[114.282632180000064,-8.191261217999966,0.0],[114.282671203000064,-8.191291347999936,0.0],[114.282687266000039,-8.191318034999938,0.0],[114.282693541000071,-8.191376542999933,0.0],[114.282691418000013,-8.191411396999968,0.0],[114.282700736000038,-8.191445066999961,0.0],[114.282715421000034,-8.191476486999932,0.0],[114.282719107000048,-8.191499830999931,0.0],[114.282717490000095,-8.191525518999981,0.0],[114.282721550000019,-8.191551948999972,0.0],[114.282720228000017,-8.191584525999929,0.0],[114.282723375000046,-8.191621941999927,0.0],[114.282721027000093,-8.19166626599997,0.0],[114.282721257000048,-8.191667372999973,0.0],[114.282721705000085,-8.191707656999938,0.0],[114.282725475,-8.191741459999946,0.0],[114.28272616400011,-8.191777004999949,0.0],[114.282725532000086,-8.191779434999944,0.0],[114.282728588000055,-8.191809859999978,0.0],[114.282735262000074,-8.191846418999944,0.0],[114.282735498000079,-8.191847518999964,0.0],[114.28275407000001,-8.191880515999969,0.0],[114.282775271000105,-8.191893488999938,0.0],[114.282813353000051,-8.19188818799995,0.0],[114.282842170000094,-8.191882440999962,0.0],[114.282873381000059,-8.191887717999975,0.0],[114.282895444000019,-8.191909776999978,0.0],[114.282922082000027,-8.19194243499993,0.0],[114.2829554650001,-8.19197952199994,0.0],[114.282959509000079,-8.191982174999964,0.0],[114.282984117000069,-8.192010661999973,0.0],[114.28301994800006,-8.19204272199994,0.0],[114.28306000300006,-8.192067110999972,0.0],[114.283110518000058,-8.19209217599996,0.0],[114.283164880000072,-8.192117989999929,0.0],[114.283249226000066,-8.192157895999969,0.0],[114.28329911700007,-8.192186436999975,0.0],[114.283352319000073,-8.192238032999967,0.0],[114.283409517000109,-8.192282057999932,0.0],[114.283450055000117,-8.192327743999954,0.0],[114.283492400000114,-8.192366274999927,0.0],[114.283525362000091,-8.192401746999963,0.0],[114.283545359000072,-8.192448286999934,0.0],[114.283556523000016,-8.192493229999968,0.0],[114.283564084000091,-8.192537199999947,0.0],[114.28356150500008,-8.192541086999938,0.0],[114.283566681000025,-8.192573729999935,0.0],[114.283571730000062,-8.192629951999947,0.0],[114.28358920200003,-8.192688719999978,0.0],[114.283617460000073,-8.192710019999936,0.0],[114.283648993000043,-8.192730682999979,0.0],[114.283693062000111,-8.192759347999981,0.0]]}},
{"type":"Feature","properties":{"Name":"Saluran Tersier 1 Astiyar","Kategori":"Saluran Irigasi Tersier","DI":"Astiyar","KorSDA":"Kabat","Status":null,"DI_PERMEN":"Astiyar","ID_TANAH":null},"geometry":{"type":"LineString","coordinates":[[114.281728467000107,-8.190436216999956,0.0],[114.281748700000094,-8.190419027999946,0.0],[114.281766318000109,-8.190404903999932,0.0],[114.281783232000066,-8.190408551999957,0.0],[114.281803536000098,-8.190427722999974,0.0],[114.281824453000013,-8.190449155999943,0.0],[114.281852746000027,-8.190475034999956,0.0],[114.281882944000017,-8.190502887999962,0.0],[114.281923125000048,-8.19054050799997,0.0],[114.281953690000023,-8.190574997999938,0.0],[114.281967015000077,-8.190604531999959,0.0],[114.281978952000031,-8.190637705999956,0.0],[114.281980402000045,-8.190638578999941,0.0],[114.282002650000095,-8.190678651999969,0.0],[114.282022135000034,-8.190717728999974,0.0],[114.282036617000017,-8.190743622999941,0.0],[114.282052449000048,-8.190764784999939,0.0],[114.282058563000078,-8.190786984999937,0.0],[114.282076914000072,-8.190819823999952,0.0],[114.282089786000029,-8.190853753999926,0.0],[114.282105372000046,-8.190890779999963,0.0],[114.282126762000075,-8.190928248999965,0.0],[114.282139811000093,-8.190955940999967,0.0]]}},
{"type":"Feature","properties":{"Name":"Saluran Tersier 2 Astiyar","Kategori":"Saluran Irigasi Tersier","DI":"Astiyar","KorSDA":"Kabat","Status":null,"DI_PERMEN":"Astiyar","ID_TANAH":null},"geometry":{"type":"LineString","coordinates":[[114.282715256000074,-8.191415059999942,0.0],[114.282729765000113,-8.191412907999954,0.0],[114.282740779000051,-8.191414902999945,0.0],[114.282752894000055,-8.191418375999936,0.0],[114.282765004000112,-8.19142367499995,0.0],[114.282774889000052,-8.191433320999982,0.0],[114.282785461000117,-8.191447586999967,0.0],[114.282793855000023,-8.191458906999969,0.0],[114.282804052000074,-8.191472102999974,0.0],[114.282823079000082,-8.19149410599994,0.0],[114.282835982000051,-8.191511981999943,0.0],[114.282848524000087,-8.191530605999962,0.0]]}},
{"type":"Feature","properties":{"Name":"Tersier Resapan Astiyar","Kategori":"Saluran Irigasi Tersier","DI":"Astiyar","KorSDA":"Kabat","Status":null,"DI_PERMEN":"Astiyar","ID_TANAH":null},"geometry":{"type":"LineString","coordinates":[[114.283589721000112,-8.192549606999934,0.0],[114.283601291000082,-8.192554663999939,0.0],[114.283610252000017,-8.192562268999946,0.0],[114.283615307000105,-8.192573682999983,0.0],[114.28360921500007,-8.192595464999954,0.0],[114.283612018000099,-8.192612644999938,0.0],[114.283617506000041,-8.19263232799995,0.0],[114.283632421000107,-8.19265151599995,0.0],[114.283654626000043,-8.192671698999968,0.0],[114.283669981000116,-8.192680413999929,0.0],[114.28369060700004,-8.192694176999966,0.0],[114.283722847000035,-8.19270426299993,0.0],[114.283745334000059,-8.192711479999964,0.0]]}},
{"type":"Feature","properties":{"Name":"Saluran Tersier 3 Astiyar","Kategori":"Saluran Irigasi Tersier","DI":"Astiyar","KorSDA":"Kabat","Status":null,"DI_PERMEN":"Astiyar","ID_TANAH":null},"geometry":{"type":"LineString","coordinates":[[114.28372868200006,-8.192741616999962,0.0],[114.283757064000042,-8.192751778999941,0.0],[114.283796070000108,-8.192767375999953,0.0],[114.283831535000104,-8.192789851999976,0.0],[114.283851108000022,-8.192825868999925,0.0],[114.28385155400008,-8.192827179999936,0.0],[114.28386579000005,-8.192864718999937,0.0],[114.283866235,-8.192866025999932,0.0],[114.283878246000086,-8.192909873999954,0.0],[114.283878689000062,-8.192911175999948,0.0],[114.283894615,-8.192957953999949,0.0],[114.283895940000093,-8.192961844999965,0.0],[114.283917052000106,-8.193002556999948,0.0],[114.283932846000084,-8.193040472999948,0.0],[114.283952298000031,-8.193085766999957,0.0],[114.283953580000116,-8.193089642999949,0.0],[114.283978487000013,-8.193143116999979,0.0],[114.283979339000098,-8.193145692999957,0.0],[114.283993339000062,-8.193192408999954,0.0],[114.284010040000112,-8.193225487999937,0.0],[114.284010464000062,-8.19322677099996,0.0],[114.284017549000055,-8.193261283999959,0.0],[114.284037405000049,-8.193277806999962,0.0],[114.284039137000036,-8.193278690999941,0.0],[114.284065656000053,-8.193280527999946,0.0]]}},
{"type":"Feature","properties":{"Name":"Saluran Tersier 4 Astiyar","Kategori":"Saluran Irigasi Tersier","DI":"Astiyar","KorSDA":"Kabat","Status":null,"DI_PERMEN":"Astiyar","ID_TANAH":null},"geometry":{"type":"LineString","coordinates":[[114.300064623000026,-8.209940007999926,0.0],[114.30007893800007,-8.209982212999936,0.0],[114.3000896100001,-8.210050303999934,0.0],[114.300071934000016,-8.210107991999969,0.0],[114.300064755000108,-8.210181873999945,0.0],[114.300067012000113,-8.210188520999962,0.0],[114.300061696000057,-8.210274052999974,0.0],[114.300061075000031,-8.210286567999962,0.0],[114.300059617000102,-8.210289509999942,0.0],[114.300066995000066,-8.210360830999951,0.0],[114.300068593000105,-8.210372580999937,0.0],[114.300069357000098,-8.210374784999948,0.0],[114.300084203000097,-8.210453272999921,0.0],[114.300098804000072,-8.210509664999956,0.0],[114.300103275000083,-8.210515541999939,0.0],[114.300141296000106,-8.210569150999955,0.0],[114.300142800000117,-8.210573547999948,0.0],[114.300154870000028,-8.210616032999942,0.0],[114.300152699000023,-8.210624063999949,0.0],[114.300139767000019,-8.210686815999972,0.0],[114.30013498400001,-8.210751703999961,0.0],[114.300132818000066,-8.210759706999962,0.0],[114.300136121000037,-8.210819448999922,0.0],[114.300136164000037,-8.210826726999919,0.0],[114.30014462400004,-8.210887152999923,0.0],[114.300154649000092,-8.210937156999938,0.0],[114.300156169000047,-8.210941495999981,0.0],[114.300175079000041,-8.210988482999941,0.0],[114.300177356000063,-8.21099498099994,0.0],[114.300198508000108,-8.211048378999974,0.0],[114.300230426000098,-8.211083956999977,0.0],[114.300258585000051,-8.211123242999975,0.0],[114.300261580000097,-8.21113192399997,0.0],[114.300269921000108,-8.211157808999932,0.0],[114.300262767000049,-8.211187627999957,0.0],[114.30026023500011,-8.211230818999987,0.0],[114.300262241000041,-8.211279906999954,0.0],[114.300244135000071,-8.211328129999966,0.0],[114.300239639000097,-8.211394079999929,0.0],[114.300249241000074,-8.211457738999977,0.0],[114.300263112000039,-8.211505081999977,0.0],[114.300268396000092,-8.211513228999934,0.0],[114.30030231,-8.21156137499997,0.0],[114.30030828200006,-8.211564359999947,0.0],[114.300347955,-8.211600771999949,0.0],[114.300350930000036,-8.211602273999972,0.0],[114.300372603000028,-8.21162236999993,0.0],[114.300383306000072,-8.211660785999934,0.0],[114.300402193000082,-8.211701453999973,0.0],[114.300414493000062,-8.211766372999939,0.0],[114.300443275000021,-8.211850453999944,0.0],[114.300441360000036,-8.21190995999995,0.0],[114.300454140000056,-8.211932820999955,0.0],[114.300453577000098,-8.211967304999968,0.0]]}},
{"type":"Feature","properties":{"Name":"Saluran Sekunder Bodos","Kategori":"Saluran Irigasi Sekunder","DI":"Bodos","KorSDA":"Kabat","Status":null,"DI_PERMEN":"Bodos","ID_TANAH":null},"geometry":{"type":"LineString","coordinates":[[114.283311117000039,-8.238327788999925,0.0],[114.28345755600003,-8.238400448999926,0.0],[114.283462203000113,-8.238401917999965,0.0],[114.283601304000058,-8.238622814999928,0.0],[114.283615710000049,-8.238627753999936,0.0],[114.283749878000094,-8.23873565599996,0.0],[114.283987026000091,-8.238964993999957,0.0],[114.28399214500007,-8.238977514999931,0.0],[114.284057806000078,-8.239149553999937,0.0],[114.284062665000079,-8.239165309999976,0.0],[114.284060401000033,-8.239186143999973,0.0],[114.284059114000115,-8.239210019999973,0.0],[114.284019208000018,-8.239328496999974,0.0],[114.283899972000086,-8.239505811999948,0.0],[114.283736437000016,-8.239653013999941,0.0],[114.283611673000109,-8.23974325599994,0.0],[114.283600155000045,-8.239877841999942,0.0],[114.283600998000111,-8.239890206999974,0.0],[114.283600764000084,-8.239899717999947,0.0],[114.283608291000064,-8.239919536999935,0.0],[114.283817746000068,-8.240220222999938,0.0],[114.283935928,-8.240458330999957,0.0],[114.284053540000059,-8.240632213999959,0.0],[114.284260289000031,-8.240888007999956,0.0],[114.284470919000114,-8.241069024999945,0.0],[114.284637032000091,-8.241180545999953,0.0],[114.284764714000062,-8.241228534999948,0.0],[114.284858223000015,-8.241331872999979,0.0],[114.28491662700003,-8.241361411999947,0.0],[114.284998745000053,-8.241391328999953,0.0],[114.285003481000103,-8.241400619999979,0.0],[114.285024206000116,-8.241501187999972,0.0],[114.28500904200007,-8.241585640999972,0.0],[114.285037178000039,-8.24169097999993,0.0],[114.285040909000031,-8.241820450999967,0.0],[114.284986981000088,-8.241916692999951,0.0],[114.284915230000024,-8.242068004999965,0.0]]}},
{"type":"Feature","properties":{"Name":"Saluran Tersier Bodos","Kategori":"Saluran Irigasi Tersier","DI":"Bodos","KorSDA":"Kabat","Status":null,"DI_PERMEN":"Bodos","ID_TANAH":null},"geometry":{"type":"MultiLineString","coordinates":[[[114.284912441000074,-8.242074185999968,0.0],[114.284834199000102,-8.242077273999939,0.0],[114.284751573000108,-8.242099069999938,0.0],[114.28469954500008,-8.24214180599995,0.0],[114.284698244000083,-8.242146091999928,0.0],[114.284691158000101,-8.24225368499998,0.0]],[[114.284912441000074,-8.242074185999968,0.0],[114.2851108750001,-8.242378822999967,0.0],[114.285319142000048,-8.242679468999938,0.0],[114.285461604000034,-8.242855756999973,0.0],[114.285468659000117,-8.242864389999966,0.0],[114.285628222000014,-8.243099857999937,0.0],[114.285631448000117,-8.243107260999977,0.0],[114.285758095,-8.243260717999931,0.0],[114.285759221000035,-8.243263234999972,0.0],[114.285896343000104,-8.243319627999938,0.0],[114.286019450000026,-8.243356178999932,0.0],[114.286243133000085,-8.243519894999963,0.0],[114.28638370300007,-8.243599829999937,0.0],[114.286830421000104,-8.243933542999969,0.0],[114.287149194000108,-8.244163121999975,0.0],[114.287155402000053,-8.244176049999965,0.0],[114.287400011000045,-8.244578363999949,0.0],[114.287547484000015,-8.244671567999944,0.0],[114.287663477000024,-8.244737978999979,0.0],[114.287874626000075,-8.244852275999961,0.0],[114.288031362000083,-8.244976765999979,0.0],[114.28805515800002,-8.245152465999979,0.0],[114.288056606000055,-8.245155593999925,0.0],[114.287978784000074,-8.245297117999939,0.0],[114.288107448,-8.245420426999942,0.0],[114.288188625000089,-8.245496518999971,0.0],[114.288175455000101,-8.245682952999971,0.0],[114.288165562000017,-8.245707077999953,0.0],[114.288181985000051,-8.24592434799996,0.0],[114.288232483000115,-8.246146789999955,0.0],[114.28829440100003,-8.246398694999925,0.0],[114.288408761000028,-8.246688237999933,0.0],[114.288523427000086,-8.246968092999964,0.0],[114.288652500000012,-8.247171755999943,0.0],[114.28865518300006,-8.247176841999931,0.0],[114.288830773000086,-8.247337797999933,0.0],[114.289181727000027,-8.247605432999933,0.0],[114.289512031000072,-8.247879670999964,0.0],[114.289782731000059,-8.248010535999981,0.0],[114.289986375000012,-8.247970080999949,0.0],[114.290147635000039,-8.247872978999965,0.0],[114.29029963500011,-8.247784812999953,0.0],[114.290422775000025,-8.247770652999975,0.0],[114.290642835000085,-8.247919884999931,0.0],[114.290664222000032,-8.247928488999946,0.0],[114.290679140000066,-8.247935293999944,0.0],[114.290818158000093,-8.247879188999946,0.0],[114.290980673000035,-8.247868228999948,0.0],[114.291230817000041,-8.248012227999936,0.0],[114.291430785000102,-8.248093353999934,0.0],[114.291624443000046,-8.248092614999962,0.0],[114.291771277000066,-8.248107068999957,0.0],[114.291902426000092,-8.248148823999941,0.0],[114.29197999500002,-8.248201652999967,0.0],[114.292120425,-8.248179973999981,0.0],[114.292253426000116,-8.248225985999966,0.0],[114.292265998000062,-8.248232980999944,0.0],[114.292494607000094,-8.248292198999934,0.0],[114.292635243000063,-8.248400060999927,0.0],[114.292808501000081,-8.248556616999963,0.0],[114.292930088000048,-8.248621355999944,0.0],[114.292934487000025,-8.248623632999966,0.0],[114.292940728000076,-8.248625734999962,0.0],[114.293005398000105,-8.248687847999975,0.0],[114.293002249000097,-8.248779602999946,0.0],[114.292998380000085,-8.248785869999949,0.0],[114.292947670000103,-8.248885649999977,0.0],[114.292944576000082,-8.248889340999938,0.0],[114.29290005200005,-8.248967707999952,0.0],[114.292902793000053,-8.249036269999976,0.0],[114.292949580000027,-8.249134530999982,0.0],[114.293040066000117,-8.249173199999973,0.0],[114.293047210000054,-8.24917497399997,0.0],[114.293147144000045,-8.249204438999925,0.0],[114.293215785000029,-8.249336906999929,0.0],[114.293127128000037,-8.24941045199995,0.0],[114.293121642000074,-8.249413237999931,0.0],[114.293012068000053,-8.249475386999961,0.0],[114.293004796000105,-8.249485627999945,0.0],[114.293001118,-8.249569421999979,0.0],[114.293002431000104,-8.249574048999932,0.0],[114.293145048000042,-8.249694945999977,0.0],[114.293316174000097,-8.249690450999935,0.0],[114.293349612000043,-8.249723285999949,0.0],[114.293380073000094,-8.24976152499994,0.0],[114.293454188000055,-8.249788210999952,0.0],[114.293486053000038,-8.249884174999977,0.0],[114.293435572000021,-8.249967037999966,0.0],[114.293434998000066,-8.249971511999945,0.0],[114.29340353300006,-8.250076374999935,0.0],[114.293412043000103,-8.250158425999928,0.0],[114.293418131000067,-8.250158468999928,0.0],[114.293507404000025,-8.250189306999971,0.0],[114.293620408000038,-8.250259189999952,0.0],[114.293789172000061,-8.250296055999968,0.0],[114.29389294200007,-8.250351617999968,0.0],[114.293996048000054,-8.25042723599995,0.0],[114.293999229000065,-8.250431315999947,0.0],[114.294089758000041,-8.250498685999958,0.0],[114.294181685000012,-8.250539662999927,0.0],[114.294188565000013,-8.250543907999941,0.0],[114.29423582700008,-8.250584165999953,0.0],[114.29431063100003,-8.250612058999934,0.0],[114.294316608000031,-8.250613062999946,0.0],[114.294348632000037,-8.250616886999978,0.0],[114.294367537000085,-8.250661538999964,0.0],[114.294450668000081,-8.250707090999981,0.0],[114.294455847000108,-8.250711818999946,0.0],[114.294532109000102,-8.250761629999943,0.0],[114.294682916000056,-8.250827826999966,0.0],[114.29469125300011,-8.250829983999949,0.0],[114.29469300300002,-8.250829482999961,0.0],[114.294727075000083,-8.250854014999959,0.0]],[[114.284913583000048,-8.242074140999932,0.0],[114.284912441000074,-8.242074185999968,0.0]],[[114.284907272000055,-8.242066249999937,0.0],[114.284912441000074,-8.242074185999968,0.0]]]}},
{"type":"Feature","properties":{"Name":"Saluran Sekunder Diman","Kategori":"Saluran Irigasi Sekunder","DI":"Diman","KorSDA":"Kabat","Status":null,"DI_PERMEN":"Diman","ID_TANAH":null},"geometry":{"type":"MultiLineString","coordinates":[[[114.302668511000093,-8.198012999999889,0.0],[114.302696272000048,-8.198060089999899,0.0],[114.302720690000115,-8.198097003999919,0.0],[114.302740198000151,-8.198133745999939,0.0],[114.302747158000216,-8.198163058999967,0.0],[114.302749701000153,-8.19819713399994,0.0],[114.302745312000184,-8.198233501999937,0.0],[114.302745674000221,-8.198238326999899,0.0],[114.30273513100019,-8.198255284999959,0.0],[114.302717884000231,-8.198277030999975,0.0],[114.302698689000181,-8.198303467999949,0.0],[114.302696569000204,-8.198338980999949,0.0],[114.302705748000108,-8.198369444999912,0.0],[114.3027256700002,-8.198387915999945,0.0],[114.302766591000136,-8.198408371999903,0.0],[114.302793659000031,-8.198431310999979,0.0],[114.302818183000113,-8.198451894999891,0.0],[114.302870549000204,-8.198474343999976,0.0],[114.302910828000222,-8.198489973999926,0.0],[114.302980732000151,-8.198498235999978,0.0],[114.303044456000066,-8.198522723999872,0.0],[114.30307504700022,-8.198533809999901,0.0],[114.303097918000049,-8.198575061999975,0.0],[114.303107010000076,-8.198622861999922,0.0],[114.303121920000081,-8.198649813999907,0.0],[114.30313952400013,-8.198685731999944,0.0],[114.303156934000185,-8.198717069999873,0.0],[114.303157220000116,-8.198723793999932,0.0],[114.303159217000029,-8.198770668999884,0.0],[114.303165277000062,-8.198806117999879,0.0],[114.303171396000039,-8.198843572999976,0.0],[114.303177842000082,-8.198889550999979,0.0],[114.303181812000048,-8.1989308819999,0.0],[114.303180817000111,-8.198961198999939,0.0],[114.303193540000166,-8.198997702999918,0.0],[114.303214959000229,-8.199029652999911,0.0],[114.303222813000161,-8.199059429999977,0.0],[114.303222977000019,-8.199063679999881,0.0],[114.303224038000167,-8.199091236999948,0.0],[114.303232073000231,-8.199127035999879,0.0],[114.303257829000017,-8.199164574999884,0.0],[114.303274540000075,-8.199199884999871,0.0],[114.303291255000204,-8.199237057999937,0.0],[114.303350743000124,-8.199288130999889,0.0],[114.303449679000096,-8.199286654999923,0.0],[114.303547038000033,-8.199276064999879,0.0],[114.303606948000038,-8.19929475299989,0.0],[114.303653167000107,-8.199343657999975,0.0],[114.303682224000113,-8.199376509999922,0.0],[114.303735230000029,-8.199428839999882,0.0],[114.303768381000054,-8.199503119999918,0.0],[114.303773505000095,-8.199506994999979,0.0],[114.303816347000065,-8.199584583999979,0.0],[114.303868851000175,-8.199623248999899,0.0],[114.303963511,-8.199692902999971,0.0],[114.304044903000204,-8.199736556999937,0.0],[114.30408793200013,-8.199776885999938,0.0],[114.304124333000118,-8.199837138999953,0.0],[114.304140478000022,-8.199886478999929,0.0],[114.304172917000074,-8.20006518699995,0.0],[114.304146376000062,-8.200149106999902,0.0],[114.304154957000037,-8.200327065999886,0.0],[114.30416206800021,-8.200492096999938,0.0],[114.304206056000112,-8.200637944999926,0.0],[114.304208184000117,-8.200650891999942,0.0],[114.304277098000057,-8.200786120999908,0.0],[114.304292229000225,-8.200797015999967,0.0],[114.304401181000117,-8.200939078999966,0.0],[114.304418247000172,-8.200962934999893,0.0],[114.304425755000011,-8.200968388999911,0.0],[114.304540066000186,-8.201016793999941,0.0],[114.304562805000046,-8.201033145999929,0.0],[114.304669244000024,-8.201069575999952,0.0],[114.304832826000052,-8.201136847999919,0.0],[114.304847780000046,-8.201147783999943,0.0],[114.304966165000224,-8.201182371999948,0.0],[114.305114015000186,-8.201278898999931,0.0],[114.305136521,-8.201295335999873,0.0],[114.305231658000025,-8.201393605999954,0.0],[114.305325703000108,-8.201485519999892,0.0],[114.305336230000194,-8.201510529999894,0.0],[114.30534474500007,-8.201522532999945,0.0],[114.30539887700013,-8.201614102999883,0.0],[114.305423435000193,-8.201643635999915,0.0],[114.305440484000087,-8.201667670999939,0.0],[114.305504228000018,-8.201777894999907,0.0],[114.305521295000062,-8.201801956999873,0.0],[114.305564990000107,-8.201868654999885,0.0],[114.305626241000027,-8.201919350999901,0.0],[114.30571159800013,-8.201953039999921,0.0],[114.305875404000176,-8.201974780999876,0.0],[114.305917706000173,-8.201988358999927,0.0],[114.306060196000203,-8.202000025999894,0.0],[114.306079814000213,-8.201997041999959,0.0],[114.306099437000171,-8.201994055999876,0.0],[114.306125606000137,-8.201990074999969,0.0],[114.306266248000043,-8.20198871599996,0.0],[114.306641201000048,-8.2019784229999,0.0],[114.306792636000068,-8.201955234999957,0.0],[114.306897831000128,-8.201979226999981,0.0],[114.306941615000028,-8.201999259999923,0.0],[114.306978811000135,-8.202020302999927,0.0],[114.307060865000153,-8.202067909999926,0.0],[114.307084878000069,-8.202090971999894,0.0],[114.30710678000014,-8.20210099399992,0.0],[114.307220630000074,-8.202216017999945,0.0],[114.30723703600006,-8.20223333499996,0.0],[114.307316774000014,-8.202307369999971,0.0],[114.307318893000115,-8.202320296999972,0.0],[114.307424649000041,-8.202430131999961,0.0],[114.307521611000084,-8.202527947999897,0.0],[114.307545576000166,-8.202550775999953,0.0],[114.307653195000057,-8.202673255999912,0.0],[114.307684761000019,-8.202701508999951,0.0],[114.307754461000172,-8.202757016999954,0.0],[114.307791559000179,-8.202777842999978,0.0],[114.307883511000114,-8.202804185999923,0.0],[114.308010262000039,-8.202878793999957,0.0],[114.308138987,-8.202880316999938,0.0],[114.308335234000083,-8.202878888999976,0.0],[114.308444600000144,-8.202883472999929,0.0],[114.308658929000217,-8.202860654999881,0.0],[114.308665590000146,-8.202859701999898,0.0],[114.308758900000043,-8.202846348999969,0.0],[114.308932468000194,-8.202821509999922,0.0],[114.308974663000186,-8.202828884999917,0.0],[114.308994723000069,-8.20282601599996,0.0],[114.309127109000201,-8.202840641999956,0.0],[114.309358768000038,-8.202874596999891,0.0],[114.30953574800003,-8.20290930199991,0.0],[114.309719558000097,-8.203030235999904,0.0],[114.309734998000181,-8.203041350999911,0.0],[114.30989085200008,-8.203205876999959,0.0],[114.309961147000081,-8.203390422999917,0.0]],[[114.317213969293789,-8.210274577676103,0.0],[114.316947469660931,-8.210236506300021,0.0],[114.316823737688878,-8.210150845703822,0.0],[114.31645254177181,-8.21003663157552,0.0],[114.315976649570644,-8.209941453135286,0.0],[114.315710149938013,-8.209741578410785,0.0],[114.315662560717783,-8.209532185842249,0.0],[114.315653042873805,-8.209313275429793,0.0],[114.31561497149778,-8.209170507769443,0.0],[114.315491239525386,-8.208961115200907,0.0],[114.315348471865036,-8.208799311852488,0.0],[114.315188309000064,-8.20852924999997,0.0],[114.315156265000041,-8.20851205799994,0.0],[114.315133232000221,-8.208493767999869,0.0],[114.315095612000164,-8.208490017999907,0.0],[114.31507643600014,-8.208476013999928,0.0],[114.315041239000152,-8.208445592999965,0.0],[114.315022941000052,-8.208443539999962,0.0],[114.315008677000151,-8.208415538999873,0.0],[114.314994339,-8.208383107999964,0.0],[114.314969942000062,-8.20831465599997,0.0],[114.314968692000093,-8.208310701999892,0.0],[114.314951821000022,-8.208279333999883,0.0],[114.314918170000169,-8.208265358999881,0.0],[114.314880449000157,-8.208234877999928,0.0],[114.314834860000019,-8.2082151379999,0.0],[114.314809878000119,-8.20820729999997,0.0],[114.31477351400008,-8.208202771999936,0.0],[114.314748382000175,-8.208206860999951,0.0],[114.314711956000224,-8.208182312999952,0.0],[114.314690620000192,-8.208168542999942,0.0],[114.31468670300012,-8.208164366999881,0.0],[114.314658288000032,-8.208136825999929,0.0],[114.31463105000023,-8.208108964999894,0.0],[114.314608114000066,-8.208090456999969,0.0],[114.314574850000213,-8.208072327999901,0.0],[114.314552804000186,-8.208044305999977,0.0],[114.31452438000008,-8.208020816999976,0.0],[114.314498349000019,-8.207996632999937,0.0],[114.314465595000115,-8.207975801999908,0.0],[114.314436052000133,-8.207944709999936,0.0],[114.314397051000128,-8.207920492999961,0.0],[114.314361646000179,-8.207903235999936,0.0],[114.314320798000153,-8.207881017999966,0.0],[114.314285892000044,-8.207861032999915,0.0],[114.314261201000136,-8.207844607999959,0.0],[114.314239193000049,-8.207816663999893,0.0],[114.314215638000178,-8.207791872999962,0.0],[114.314191239000024,-8.207741375999944,0.0],[114.314134880000211,-8.207662123999967,0.0],[114.31408720800016,-8.207607433999897,0.0],[114.314007889000095,-8.207536038999933,0.0],[114.314000856000121,-8.20753498299996,0.0],[114.313919923000071,-8.207498470999951,0.0],[114.313841397000033,-8.207477125999958,0.0],[114.313719025000182,-8.207446401999903,0.0],[114.313622215,-8.207430420999913,0.0],[114.313548857000114,-8.20740701099993,0.0],[114.313541693000047,-8.207405926999911,0.0],[114.313435470000059,-8.207362295999872,0.0],[114.313335513000084,-8.207326350999892,0.0],[114.313172254000165,-8.207279224999922,0.0],[114.313054606000037,-8.207237466999914,0.0],[114.312941240000214,-8.207221548999939,0.0],[114.312814351000156,-8.207192285999895,0.0],[114.312745950000021,-8.207193119999886,0.0],[114.312739948000058,-8.207195021999951,0.0],[114.312647251000158,-8.207161010999926,0.0],[114.312575115000186,-8.207062778999955,0.0],[114.312546232000045,-8.207017878999977,0.0],[114.312525719000064,-8.206940327999916,0.0],[114.312525642000082,-8.206932978999873,0.0],[114.312523273000011,-8.206855803999872,0.0],[114.312552590000223,-8.206760403999965,0.0],[114.312595863000183,-8.206698157999881,0.0],[114.312587091000182,-8.206646650999971,0.0],[114.312618119000035,-8.206560984999896,0.0],[114.312594170000125,-8.20646001199998,0.0],[114.312438757000109,-8.206362462999891,0.0],[114.312314046000211,-8.206320226999878,0.0],[114.312111286000118,-8.206269136999936,0.0],[114.311973813,-8.206232901999954,0.0],[114.311902707000172,-8.206173914999965,0.0],[114.31182220200003,-8.206126163999897,0.0],[114.311557539000205,-8.206057604999899,0.0],[114.311417450000022,-8.206006018999915,0.0],[114.311226003000115,-8.20592883899991,0.0],[114.311126990000048,-8.205867148999971,0.0],[114.311009906000095,-8.205791715999965,0.0],[114.310874433000208,-8.205775710999944,0.0],[114.310732290000033,-8.20571341099992,0.0],[114.310635967000167,-8.205640511999945,0.0],[114.310612519000188,-8.205627431999915,0.0],[114.310601176000205,-8.205623473999879,0.0],[114.31055562500012,-8.20557079799994,0.0],[114.310414893000029,-8.205460142999868,0.0],[114.310388271000079,-8.205324981999979,0.0],[114.310384933000023,-8.205304011999885,0.0],[114.310330868000051,-8.205203137999888,0.0],[114.310155681000197,-8.205018959999961,0.0],[114.309991331000106,-8.204870397999912,0.0],[114.309886673000165,-8.204795562999948,0.0],[114.309824484000046,-8.204715416999875,0.0],[114.309809485000187,-8.204562768999949,0.0],[114.3098302960002,-8.204393517999904,0.0],[114.309866731000056,-8.204249114999925,0.0],[114.309910995000223,-8.204080395999938,0.0],[114.309963116000176,-8.203984393999974,0.0],[114.310002263000115,-8.203868061999913,0.0],[114.310046364000186,-8.203745298999934,0.0],[114.310053949,-8.203598593999914,0.0],[114.310037949000048,-8.203482467999947,0.0],[114.309970957000019,-8.203400700999907,0.0]]]}},
{"type":"Feature","properties":{"Name":"Saluran Sekunder Edris Ka","Kategori":"Saluran Irigasi Sekunder","DI":"Edris","KorSDA":"Kabat","Status":null,"DI_PERMEN":"Edris  Ka/Ki","ID_TANAH":null},"geometry":{"type":"LineString","coordinates":[[114.332056048000027,-8.254990758999952,0.0],[114.33210413200004,-8.254995326999961,0.0],[114.332193007000114,-8.25499376199997,0.0],[114.332242529000041,-8.254989743999943,0.0],[114.332287407000081,-8.254991749999931,0.0],[114.332334617000015,-8.25499074399994,0.0],[114.332416497000054,-8.25499820899995,0.0],[114.332473152000034,-8.255004890999942,0.0],[114.332520215000045,-8.255003827999928,0.0],[114.332573914000022,-8.255013275999943,0.0],[114.332582114000047,-8.255012577999935,0.0],[114.33261015800008,-8.255015798999978,0.0],[114.332639943000117,-8.255032873999937,0.0],[114.332665297000062,-8.255058701999928,0.0],[114.332701633000056,-8.25508360699996,0.0],[114.332774440000094,-8.255136028999971,0.0],[114.332870120000052,-8.255197411999973,0.0],[114.332956828000079,-8.255256444999929,0.0],[114.333039535000012,-8.255309931999932,0.0],[114.333100693,-8.255343188999973,0.0],[114.33318977600004,-8.255382293999958,0.0],[114.333261315000072,-8.255411870999978,0.0],[114.33329363200005,-8.255433692999929,0.0],[114.333348435000062,-8.255461811999965,0.0],[114.333408037000027,-8.255484093999939,0.0],[114.333440493000012,-8.255508517999942,0.0],[114.333466964000081,-8.255527985999947,0.0],[114.333511449000071,-8.255535257999952,0.0],[114.333576169000025,-8.255554386999961,0.0],[114.333620875000065,-8.255564324999966,0.0],[114.333651048000092,-8.255564654999944,0.0],[114.333691462000047,-8.255556126999977,0.0],[114.333718066000074,-8.255545980999955,0.0],[114.333741536000048,-8.255530682999961,0.0],[114.333784618000095,-8.25551921899995,0.0],[114.333833454000114,-8.25550999099994,0.0],[114.333869067000023,-8.255507196999929,0.0],[114.333907450000083,-8.25550418499995,0.0],[114.333944494000093,-8.255520185999956,0.0],[114.334001848000071,-8.255550752999966,0.0],[114.33404977500004,-8.255565862999958,0.0],[114.334093679000034,-8.255562451999936,0.0],[114.334119364000117,-8.255533508999974,0.0],[114.334125427000117,-8.255500619999964,0.0],[114.334151883000118,-8.255482307999955,0.0],[114.334189599000069,-8.255465794999964,0.0],[114.33424775200001,-8.255463935999956,0.0],[114.334298167000043,-8.255470827999943,0.0],[114.334340461000011,-8.255481068999927,0.0],[114.334372324000014,-8.255502957999965,0.0],[114.334401076000063,-8.255519655999933,0.0],[114.334438537000096,-8.255543762999935,0.0],[114.334455684000091,-8.255553225999961,0.0],[114.334486645000084,-8.25556161399993,0.0],[114.334529184000075,-8.255579876999946,0.0],[114.334571432000075,-8.25559276499996,0.0],[114.334614265000027,-8.255619027999956,0.0],[114.33463732000007,-8.255636055999958,0.0],[114.334638532000099,-8.255660095999929,0.0],[114.334634078000022,-8.255685692999975,0.0],[114.334626076000063,-8.25572705899998,0.0],[114.334605020000026,-8.255760143999964,0.0],[114.334603442000116,-8.255803866999941,0.0],[114.334622387000081,-8.255839475999949,0.0],[114.334664237000084,-8.255860627999937,0.0],[114.334646539,-8.255896259999929,0.0],[114.334637934000057,-8.255931024999938,0.0],[114.334664595000049,-8.255953429999977,0.0],[114.334712072000116,-8.255970951999927,0.0],[114.334765619000109,-8.256013003999954,0.0],[114.33477846400001,-8.256018168999958,0.0],[114.334809033000056,-8.256046562999927,0.0],[114.334845360000031,-8.256071399999939,0.0],[114.334909527000036,-8.256100076999928,0.0],[114.334951689000036,-8.256124290999935,0.0],[114.335009318000061,-8.256150327999933,0.0],[114.335068287000013,-8.256191475999969,0.0],[114.335097876000077,-8.25621353899993,0.0],[114.335067845000026,-8.256252418999964,0.0],[114.335059749000038,-8.256295611999974,0.0],[114.335046197000111,-8.256345166999949,0.0],[114.335045647000015,-8.256402625999954,0.0],[114.33503303100008,-8.25646080599995,0.0],[114.335020461000113,-8.256518774999961,0.0],[114.334994746,-8.256565588999933,0.0],[114.334960107000029,-8.256612938999979,0.0]]}},
{"type":"Feature","properties":{"Name":"Saluran Sekunder Edris Ki","Kategori":"Saluran Irigasi Sekunder","DI":"Edris","KorSDA":"Kabat","Status":null,"DI_PERMEN":"Edris  Ka/Ki","ID_TANAH":null},"geometry":{"type":"LineString","coordinates":[[114.332165495000027,-8.25468263199997,0.0],[114.332200525000076,-8.254661732999978,0.0],[114.332238716,-8.254648353999926,0.0],[114.332287486000041,-8.25463672799998,0.0],[114.332321250000064,-8.254634057999965,0.0],[114.332355019000033,-8.25463138799995,0.0],[114.332385436000095,-8.254618618999928,0.0],[114.332419975000107,-8.254626250999934,0.0],[114.332464158000107,-8.254622757999925,0.0],[114.33246675700002,-8.254622552999933,0.0],[114.332505751000099,-8.254619468999977,0.0],[114.332544944,-8.254618961999938,0.0],[114.332587322000109,-8.254625981999936,0.0],[114.332630485000095,-8.254643315999942,0.0],[114.332693948000042,-8.254653823999945,0.0],[114.332733039000118,-8.25465328699994,0.0],[114.332784932000095,-8.25464913199994,0.0],[114.332847054000013,-8.254641561999961,0.0],[114.332919230000016,-8.254627986999935,0.0],[114.332973451000043,-8.25461844299997,0.0],[114.333007081,-8.254613148999965,0.0],[114.333060765000027,-8.254595844999926,0.0],[114.333110883000018,-8.254565818999936,0.0],[114.333139772000095,-8.254532292999954,0.0],[114.333169062000024,-8.254503930999931,0.0],[114.333204767000097,-8.254490645999965,0.0],[114.333244904000026,-8.254466596999976,0.0],[114.333254940000074,-8.254460582999968,0.0],[114.333292283000105,-8.254434150999941,0.0],[114.333321602000069,-8.254405764999944,0.0],[114.333383608000076,-8.254359025999975,0.0],[114.333388624,-8.254356005999966,0.0],[114.333410295000022,-8.254330781999954,0.0],[114.333432762000029,-8.25428207899995,0.0],[114.33346085800008,-8.254238095999938,0.0],[114.333507860000054,-8.254200295999965,0.0],[114.333515498000111,-8.254197043999966,0.0],[114.333564167000077,-8.254179891999968,0.0],[114.333630790000029,-8.254155934999972,0.0],[114.333707360000062,-8.25412315799997,0.0],[114.333763668000074,-8.254099952999979,0.0],[114.333818248000057,-8.254087368999933,0.0],[114.333900270000072,-8.254085531999976,0.0],[114.333981653000023,-8.254107407999982,0.0],[114.334045843000013,-8.25411244299994,0.0],[114.334061478000081,-8.254108511999959,0.0],[114.334072041000013,-8.254107631999943,0.0],[114.334090118000063,-8.254100867999966,0.0],[114.334127110000054,-8.254097786999978,0.0],[114.334169615000064,-8.254096878999974,0.0],[114.334255517000088,-8.254105522999964,0.0],[114.334309713000039,-8.254116816999954,0.0],[114.334353135000015,-8.254126380999935,0.0],[114.334408005000114,-8.254145541999947,0.0],[114.334451476000027,-8.254155117999971,0.0],[114.334512948000111,-8.254155305999973,0.0],[114.33457140500002,-8.254150471999935,0.0],[114.334617217000073,-8.254154597999957,0.0],[114.334671242000013,-8.254160688999946,0.0],[114.334714889000111,-8.254170256999942,0.0],[114.334771485000033,-8.254176251999979,0.0],[114.334839163000083,-8.254186624999932,0.0],[114.334891381000034,-8.254171948999954,0.0],[114.334945617000017,-8.254146461999937,0.0],[114.334979248000081,-8.254130519999933,0.0],[114.335017838000113,-8.254108874999929,0.0],[114.335049586000082,-8.254103671999928,0.0],[114.335095027000079,-8.254102664999948,0.0],[114.335117072000116,-8.254111491999936,0.0],[114.335146524000038,-8.25409776999993,0.0],[114.335180204000039,-8.254061433999937,0.0],[114.335205177000034,-8.254044108999949,0.0],[114.33523595500003,-8.254007805999947,0.0],[114.335241256000018,-8.253970288999938,0.0],[114.335252844000024,-8.25393211599993,0.0],[114.335295695000013,-8.253906907999976,0.0],[114.335301379000043,-8.25390333699994,0.0],[114.335329825000031,-8.253885461999971,0.0],[114.335328652000044,-8.253879300999927,0.0],[114.335354247000055,-8.253845928999965,0.0],[114.335387919000027,-8.253786558999934,0.0],[114.335424566000029,-8.253742425999974,0.0],[114.33544722900001,-8.253708768999957,0.0],[114.335469980000084,-8.253674983999929,0.0],[114.335498949000112,-8.25362128699993,0.0],[114.335543600000051,-8.253582147999964,0.0],[114.335592733000112,-8.253548964999936,0.0],[114.335595372000057,-8.253545504999977,0.0],[114.3356212650001,-8.253507618999947,0.0],[114.33567116200004,-8.253457713999978,0.0],[114.335712664000084,-8.253414766999981,0.0],[114.335747361000017,-8.253348967999955,0.0],[114.335767221000083,-8.253290629999981,0.0],[114.335791556000117,-8.253218053999944,0.0],[114.335789973000033,-8.253167468999948,0.0],[114.335781845000042,-8.253117151999959,0.0],[114.335780495000108,-8.253045575999977,0.0],[114.335767777000115,-8.252964179999935,0.0],[114.335766712,-8.252957364999929,0.0],[114.335761458000093,-8.252902373999973,0.0],[114.335771515000033,-8.252859642999965,0.0],[114.335778312000116,-8.252817016999927,0.0],[114.33580603200005,-8.252779261999933,0.0],[114.335822109000105,-8.252752967999982,0.0],[114.33585602900007,-8.252710693999973,0.0],[114.335869557000024,-8.252666545999944,0.0],[114.335875508000072,-8.252594042999931,0.0],[114.335873041000013,-8.252532667999958,0.0],[114.335871643000019,-8.252478096999937,0.0],[114.335872530000074,-8.252415619999965,0.0],[114.335879542000043,-8.252370648999943,0.0],[114.335914168000045,-8.252348799999936,0.0],[114.335971943000118,-8.252343247999931,0.0],[114.336030813000093,-8.252345012999967,0.0],[114.336093621000032,-8.252350129999968,0.0],[114.336173234000057,-8.252350378999949,0.0],[114.336239655000099,-8.252355521999959,0.0],[114.33630013800007,-8.252368590999936,0.0],[114.336344596000117,-8.252364598999975,0.0],[114.336385656000061,-8.252360911999972,0.0],[114.336432268000067,-8.252345616999946,0.0],[114.336482394000086,-8.25232998499996,0.0],[114.336527004000118,-8.252325973999973,0.0],[114.336616187000118,-8.252317651999931,0.0],[114.336742410000056,-8.252331468999955,0.0],[114.336807726000075,-8.252325437999957,0.0],[114.336909994000052,-8.252342112999941,0.0],[114.336986071000069,-8.252339015999951,0.0],[114.337051534000011,-8.252333183999951,0.0],[114.33712424600003,-8.252330389999941,0.0],[114.337207917000114,-8.252333983999961,0.0],[114.337307244000044,-8.252361349999944,0.0],[114.337393840000118,-8.252407866999931,0.0],[114.337463144000026,-8.252459395999949,0.0],[114.337569838000036,-8.252507744999946,0.0],[114.33763899500002,-8.252569837999943,0.0],[114.337667131000103,-8.252642425999966,0.0],[114.337690464000048,-8.252693821999969,0.0],[114.337697452000043,-8.252696790999948,0.0],[114.337741519000019,-8.252756745999932,0.0],[114.337829465000027,-8.252819917999943,0.0],[114.337836526000046,-8.252826378999941,0.0],[114.337902640000038,-8.25287007999998,0.0],[114.337979101000087,-8.252930065999976,0.0],[114.338033095000014,-8.252967787999978,0.0],[114.338040455000055,-8.252967197999965,0.0],[114.338187242000117,-8.253019226999982,0.0],[114.338282462000052,-8.253030926999941,0.0],[114.338369696000086,-8.253076736999958,0.0],[114.338457492000089,-8.253129845999979,0.0],[114.338507555000092,-8.25318189799998,0.0],[114.338585841000054,-8.253216942999927,0.0],[114.338689649000116,-8.253246338999929,0.0],[114.338765266000109,-8.253255563999971,0.0],[114.33885491500007,-8.253256312999952,0.0],[114.338943637000057,-8.253249624999967,0.0],[114.339031697000109,-8.253235587999939,0.0],[114.339115097000104,-8.253210795999962,0.0],[114.339183096000056,-8.253179746999933,0.0],[114.339258544000018,-8.253148117999956,0.0],[114.339308448000111,-8.253122105999978,0.0],[114.339362714000117,-8.253103174999978,0.0],[114.339471310000022,-8.253065288999949,0.0],[114.339552759000071,-8.25305909399998,0.0],[114.339648968,-8.253051659999926,0.0],[114.339729381000097,-8.253078875999961,0.0],[114.339783263000072,-8.253100698999958,0.0],[114.339783557000032,-8.253104386999951,0.0],[114.33980839700007,-8.253135849999978,0.0],[114.339880741000115,-8.253156277999949,0.0],[114.339939955000091,-8.253151806999938,0.0],[114.339983514000096,-8.253137383999956,0.0],[114.340063832000055,-8.253116468999963,0.0],[114.340132805000053,-8.253092685999945,0.0],[114.340184659000101,-8.253088769999977,0.0],[114.340240252000058,-8.253084469999976,0.0],[114.340362981000112,-8.253078509999966,0.0],[114.34045637700001,-8.253078585999958,0.0],[114.340569203000086,-8.253088298999955,0.0],[114.340648789000056,-8.253100450999966,0.0],[114.340736044000096,-8.253111901999944,0.0],[114.340823674000035,-8.25312706099993,0.0],[114.340951719000032,-8.253124119999939,0.0],[114.341004332000011,-8.25311985999997,0.0],[114.341015861000074,-8.253122645999952,0.0],[114.341126505000034,-8.253136026999925,0.0],[114.341231067000081,-8.253168521999953,0.0],[114.341370583000071,-8.253201838999928,0.0],[114.341464549000079,-8.253235214999961,0.0],[114.341546992000076,-8.253265855999928,0.0],[114.341596196000069,-8.253317854999977,0.0],[114.341600188000029,-8.253321274999962,0.0],[114.34166497800004,-8.253390783999976,0.0],[114.341689836000114,-8.25342982899997,0.0],[114.341734169,-8.253482233999932,0.0],[114.34177016600006,-8.253524077999941,0.0],[114.341876396000089,-8.253571011999952,0.0],[114.341992620000042,-8.253629947999968,0.0],[114.342055931000118,-8.253676538999969,0.0],[114.342094599,-8.253705632999981,0.0],[114.342152812000108,-8.25373955799995,0.0],[114.342218707000029,-8.253760075999935,0.0],[114.342309386000011,-8.253778577999981,0.0],[114.342386517000023,-8.253791616999933,0.0],[114.3424999450001,-8.253792293999936,0.0],[114.342506188000016,-8.25379180799996,0.0],[114.342613035000113,-8.253789826999935,0.0],[114.342707043000019,-8.253782776999969,0.0],[114.342798411000103,-8.253779273999953,0.0],[114.342894337000075,-8.253759497999965,0.0],[114.343001050000112,-8.253754531999959,0.0],[114.343117743000107,-8.253757849999943,0.0],[114.343200123000088,-8.253763945999935,0.0],[114.343294463,-8.253762704999929,0.0],[114.343451851000054,-8.253760008999961,0.0],[114.343520799000089,-8.253754759999936,0.0],[114.343623545000014,-8.253737326999953,0.0],[114.343701758000066,-8.253728019999926,0.0],[114.343842098000096,-8.253700926999954,0.0],[114.343945559000076,-8.253686352999978,0.0],[114.344009964000065,-8.253649051999957,0.0],[114.344079452000074,-8.253582043999927,0.0],[114.344158464000088,-8.253504077999935,0.0],[114.344280479000076,-8.25338710699998,0.0],[114.344396951000022,-8.253262923999955,0.0],[114.344448180000086,-8.253176063999945,0.0],[114.344529691000048,-8.253102610999974,0.0],[114.344598009000038,-8.253013205999935,0.0],[114.344668622000086,-8.25288255199996,0.0],[114.344747891000111,-8.25279072099994,0.0],[114.344847123000022,-8.252693539999939,0.0],[114.344927349000045,-8.252604307999945,0.0],[114.344995521000101,-8.252503535999949,0.0],[114.345079075000058,-8.252420646999951,0.0],[114.34512781400008,-8.252359381999952,0.0],[114.34517616200003,-8.252304786999957,0.0],[114.34523386,-8.252258734999941,0.0],[114.345275870000023,-8.252216320999935,0.0],[114.345308358000011,-8.252171851999947,0.0],[114.345343910000111,-8.252092480999977,0.0],[114.345357167000088,-8.252024939999956,0.0],[114.34537414600004,-8.251964064999981,0.0],[114.345381083,-8.251900602999967,0.0],[114.345389598000111,-8.25182764799996,0.0],[114.345399984000096,-8.251767448999942,0.0],[114.34541257,-8.251723398999957,0.0],[114.345454041000039,-8.251681666999957,0.0]]}},
{"type":"Feature","properties":{"Name":"Saluran Sekunder Edris Ki","Kategori":"Saluran Irigasi Sekunder","DI":"Edris","KorSDA":"Kabat","Status":null,"DI_PERMEN":"Edris  Ka/Ki","ID_TANAH":null},"geometry":{"type":"LineString","coordinates":[[114.343539157000123,-8.253754730999958,0.0],[114.343554217000133,-8.253775896999912,0.0],[114.343585733000054,-8.253785833999927,0.0],[114.343636787000037,-8.253789307999966,0.0],[114.343690590000165,-8.25379721999991,0.0],[114.343739043000141,-8.253800602999945,0.0],[114.343795279,-8.253810706999957,0.0],[114.343869082000197,-8.253816885999925,0.0],[114.343904510000129,-8.253826204999939,0.0],[114.343952707000085,-8.253846638999903,0.0],[114.344003874000123,-8.253874004999943,0.0],[114.344046418000062,-8.253906725999911,0.0],[114.344070868000017,-8.253940700999976,0.0],[114.344113218000075,-8.253994329999955,0.0],[114.344118207000065,-8.253998653999872,0.0],[114.34415347200013,-8.254052237999872,0.0],[114.344158683000046,-8.254058832999874,0.0],[114.344202997000025,-8.254097157999922,0.0],[114.34425965000014,-8.254129585999976,0.0],[114.344313994000231,-8.25416425599991,0.0],[114.344316621000189,-8.254168577999906,0.0],[114.34437404300013,-8.254217955999934,0.0],[114.344376217000104,-8.254217777999884,0.0],[114.344402979000051,-8.254246906999981,0.0],[114.344434146000026,-8.254277753999872,0.0],[114.344469104000041,-8.254303709999874,0.0],[114.344473617000176,-8.25430555399987,0.0],[114.344500300000163,-8.254312220999964,0.0],[114.344528763000085,-8.254314325999871,0.0],[114.344562921000147,-8.254333585999973,0.0],[114.344594323000024,-8.254374880999933,0.0],[114.344596640000191,-8.254376877999903,0.0],[114.344620422000162,-8.254405458999884,0.0],[114.344659103000026,-8.25443270999989,0.0],[114.344661553000151,-8.25443683799989,0.0],[114.344670280000059,-8.254438301999926,0.0],[114.344749370000159,-8.254494246999968,0.0],[114.344791441000211,-8.254514310999923,0.0],[114.344838534000132,-8.254548755999906,0.0],[114.344880338000166,-8.254568677999885,0.0],[114.344924597000045,-8.25459675999997,0.0],[114.344929067000066,-8.254600609999954,0.0],[114.344968988,-8.254630987999974,0.0],[114.345018891000223,-8.254650023999943,0.0],[114.345021018000125,-8.254649853999922,0.0],[114.345060186000183,-8.254667565999966,0.0],[114.34509486800016,-8.254681441999878,0.0],[114.345099279000124,-8.254685243999916,0.0],[114.345159493000097,-8.254699155999958,0.0],[114.345198626000069,-8.254722955999966,0.0],[114.345203001000186,-8.254726738999977,0.0],[114.345240047000175,-8.254756770999904,0.0],[114.34524222500022,-8.254758653999886,0.0],[114.34528350100004,-8.254794346999972,0.0],[114.345287835000022,-8.254798094999956,0.0],[114.345324499000071,-8.254825817999915,0.0],[114.34533308600021,-8.254831254999942,0.0],[114.345380067000065,-8.254852006999954,0.0],[114.345446274000096,-8.254879334999941,0.0],[114.345487661000107,-8.254906966999897,0.0],[114.345551668000098,-8.254941428999928,0.0],[114.345616403,-8.254964206999944,0.0],[114.345674266000174,-8.254997912999954,0.0],[114.345745330000113,-8.255030358999875,0.0],[114.345755030000078,-8.255034333999959,0.0],[114.345823752000115,-8.255069099999901,0.0],[114.34583405300009,-8.25507771499997,0.0],[114.345895908000216,-8.25511508999989,0.0],[114.345949163000228,-8.255141237999908,0.0],[114.345956780000051,-8.255147625999939,0.0],[114.345976756000141,-8.25516232699988,0.0],[114.347027858488559,-8.25563282599785,0.0],[114.347827357386564,-8.256051611134922,0.0],[114.348779141789009,-8.256489431959949,0.0],[114.349140819861873,-8.256622681776264,0.0],[114.349293105366314,-8.256946288473102,0.0],[114.350092604264091,-8.257555430490527,0.0],[114.351227163266799,-8.258029182344103,0.0],[114.351082460042562,-8.258697571773325,0.0],[114.351006317290398,-8.259116356910397,0.0],[114.351063424354606,-8.259382856543084,0.0],[114.352719529214596,-8.259953927184426,0.0],[114.354128170130139,-8.260296569569277,0.0],[114.355289347100893,-8.260734390394418,0.0],[114.355574882421593,-8.2607724617705,0.0]]}},
{"type":"Feature","properties":{"Name":"Saluran Sekunder Glengseran","Kategori":"Saluran Irigasi Sekunder","DI":"Glengseran","KorSDA":"Kabat","Status":null,"DI_PERMEN":"Glengseran","ID_TANAH":null},"geometry":{"type":"LineString","coordinates":[[114.246319770000014,-8.180446819999929,0.0],[114.246357537000108,-8.180444100999978,0.0],[114.246410768000032,-8.180454342999951,0.0],[114.246443034000094,-8.180465180999931,0.0],[114.246469069000113,-8.180476853999949,0.0],[114.24650792500006,-8.180489071999943,0.0],[114.246563645000037,-8.180497025999955,0.0],[114.246606148000069,-8.180495908999944,0.0],[114.246629251000059,-8.180490797999937,0.0],[114.2466643140001,-8.180473372999927,0.0],[114.246694965000074,-8.180454374999954,0.0],[114.246731288000092,-8.180426083999976,0.0],[114.246766526000101,-8.180412983999929,0.0],[114.246798014000092,-8.180406800999947,0.0],[114.246824678000053,-8.180420555999945,0.0],[114.24684757700004,-8.180441315999929,0.0],[114.246890616000087,-8.180472602999942,0.0],[114.246921673000088,-8.180486034999944,0.0],[114.246948952000025,-8.180504355999972,0.0],[114.247012677000043,-8.18052036499995,0.0],[114.247082761000115,-8.180533564999962,0.0],[114.247154076000015,-8.180555579999975,0.0],[114.247218973000031,-8.180574149999927,0.0],[114.247300749000033,-8.180624389999934,0.0],[114.247355044000074,-8.180658281999968,0.0],[114.247408639000014,-8.180701511999928,0.0],[114.247441804,-8.180735522999953,0.0],[114.247498933000088,-8.180782867999937,0.0],[114.247534873000063,-8.180819084999939,0.0],[114.24757179900007,-8.180861834999973,0.0],[114.247621830000071,-8.18090075899994,0.0],[114.247671401000048,-8.180935304999934,0.0],[114.247716799000045,-8.180954528999962,0.0],[114.247780636000016,-8.180975990999968,0.0],[114.247853277000104,-8.180978107999977,0.0],[114.247918207000112,-8.18099011299995,0.0],[114.247954443000026,-8.180991677999941,0.0],[114.247986802000014,-8.180998275999968,0.0],[114.248013676000028,-8.18101461699996,0.0],[114.248025396000116,-8.181035360999942,0.0],[114.248060477000081,-8.181109443999958,0.0],[114.248084875000018,-8.181163710999954,0.0],[114.248114278000116,-8.181221862999962,0.0],[114.248128844,-8.181268754999962,0.0],[114.248142655000038,-8.181309152999972,0.0],[114.24815229100011,-8.18135237599995,0.0],[114.248157634000108,-8.181378396999946,0.0],[114.24816480100003,-8.181419808999976,0.0],[114.248166734000051,-8.181455258999961,0.0],[114.248170902000084,-8.181490457999928,0.0],[114.248176378000039,-8.181536714999936,0.0],[114.248172139000076,-8.181577574999949,0.0],[114.24815447900005,-8.181620222999982,0.0],[114.248136434000116,-8.181640510999955,0.0],[114.248135601000058,-8.181672058999936,0.0],[114.248126332000083,-8.181709223999974,0.0],[114.248094139000045,-8.181744886999979,0.0],[114.248076826000101,-8.18177189499994,0.0],[114.248064500000055,-8.181802783999956,0.0],[114.248065356000097,-8.181829738999966,0.0],[114.248069747000045,-8.18186755499994,0.0],[114.248078374000102,-8.181902607999973,0.0],[114.248094527000035,-8.181943525999941,0.0],[114.248114513000019,-8.181997617999968,0.0],[114.248145788000102,-8.182050360999938,0.0],[114.248191392000081,-8.182128730999978,0.0],[114.248219568000081,-8.182152430999963,0.0],[114.248264560000052,-8.182176063999975,0.0],[114.248292303000085,-8.182192862999955,0.0],[114.24834003300009,-8.182220626999936,0.0],[114.248375415000055,-8.182243190999941,0.0],[114.248412101000099,-8.182276975999969,0.0],[114.248446746000013,-8.182313315999977,0.0],[114.248467772000026,-8.182333250999932,0.0],[114.248499572000014,-8.182365395999966,0.0],[114.248523029000012,-8.182405594999977,0.0],[114.248535601000071,-8.182451971999967,0.0],[114.24854360900008,-8.182499076999932,0.0],[114.248544154000115,-8.182503598999972,0.0],[114.248548793000055,-8.182542063999961,0.0],[114.24854906600001,-8.182544327999949,0.0],[114.248554258000013,-8.182587386999955,0.0],[114.248564595000062,-8.182634371999939,0.0],[114.248565692000057,-8.182643459999952,0.0],[114.248582093000095,-8.182682688999932,0.0],[114.248584649,-8.182684643999949,0.0],[114.248598111000092,-8.182719911999925,0.0],[114.248604037000064,-8.182730692999939,0.0],[114.24862465800004,-8.182767310999964,0.0],[114.248655370000051,-8.182790810999961,0.0],[114.248688096000024,-8.182811682999954,0.0],[114.24874847600006,-8.182830794999973,0.0],[114.248800556000106,-8.182839426999976,0.0],[114.248869060000061,-8.182857117999959,0.0],[114.248927577000018,-8.182877058999964,0.0],[114.248969099000078,-8.182892279999976,0.0],[114.249025154000037,-8.182912452999972,0.0],[114.249066303000063,-8.182925402999956,0.0],[114.249119386000075,-8.182941349999965,0.0],[114.249178156000085,-8.182967846999929,0.0],[114.249211259000049,-8.182995323999933,0.0],[114.249233759000049,-8.183031014999926,0.0],[114.249239075000105,-8.183037146999936,0.0],[114.249255289000075,-8.183078297999941,0.0],[114.249268749000066,-8.183115344999976,0.0],[114.249273095000035,-8.183153675999961,0.0],[114.249272377000011,-8.183208870999977,0.0],[114.249268077000011,-8.183253218999937,0.0],[114.249257377000049,-8.183303197999976,0.0],[114.249247662000016,-8.183341613999971,0.0],[114.249242788000061,-8.183381813999972,0.0],[114.249248965000106,-8.183436961999973,0.0],[114.249262639000108,-8.183474842999942,0.0],[114.24928714300006,-8.183504256999981,0.0],[114.24932629500006,-8.183517567999957,0.0],[114.249380102000032,-8.183535860999939,0.0],[114.24943251500008,-8.183542590999934,0.0],[114.249501863000091,-8.183572445999971,0.0],[114.2495484640001,-8.18360772099993,0.0],[114.249614515000076,-8.183649694999929,0.0],[114.249678559000017,-8.183713202999968,0.0],[114.249744073000102,-8.183769514999938,0.0],[114.249771423000084,-8.183800190999932,0.0],[114.249800644000061,-8.183821154999976,0.0],[114.249837398000068,-8.183843708999973,0.0],[114.249873702000059,-8.183863048999967,0.0],[114.249916640000038,-8.183881773999929,0.0],[114.249938497000016,-8.18392158499995,0.0],[114.249944041000049,-8.183966065999925,0.0],[114.249934629000109,-8.183999073999928,0.0],[114.249914763000106,-8.184029860999942,0.0],[114.24988144200006,-8.184061945999929,0.0],[114.249859907000086,-8.184080083999959,0.0],[114.249843682,-8.184113906999926,0.0],[114.24983729600001,-8.18414661199995,0.0],[114.249841913000068,-8.184187753999936,0.0],[114.249846182000056,-8.184225783999977,0.0],[114.249856854000086,-8.184260033999976,0.0],[114.249878022000075,-8.184296496999934,0.0],[114.249909677,-8.184335146999956,0.0],[114.249940606000109,-8.184367431999931,0.0],[114.249970338000026,-8.184419147999961,0.0],[114.249998993000077,-8.184461330999966,0.0],[114.25004366600001,-8.184524444999965,0.0],[114.250088141000106,-8.184592529999975,0.0],[114.250128541000095,-8.184654068999976,0.0],[114.25016654500007,-8.184700823999947,0.0],[114.25021145900007,-8.184793686999967,0.0],[114.250237103000018,-8.184858971999972,0.0],[114.250291404000109,-8.18495833299994,0.0],[114.250325062000115,-8.185021637999967,0.0],[114.250360261000083,-8.185075839999968,0.0],[114.250410903000102,-8.18513390499993,0.0],[114.250465105000103,-8.185197058999961,0.0],[114.250516137000091,-8.185260256999925,0.0],[114.250561537000067,-8.185326664999934,0.0],[114.250564862000033,-8.185329138999975,0.0],[114.250605899000107,-8.185407147999967,0.0],[114.250657137000076,-8.18547240099997,0.0],[114.250674786000104,-8.185510166999961,0.0],[114.250703641000086,-8.18556347699996,0.0],[114.250733623000087,-8.185624850999943,0.0],[114.250773373000015,-8.185712743999943,0.0],[114.250799719000042,-8.185770997999953,0.0],[114.250829212000099,-8.185831343999951,0.0],[114.250858558000118,-8.185891387999959,0.0],[114.250888111000108,-8.185992452999926,0.0],[114.250910650000037,-8.186066355999969,0.0],[114.25093426300009,-8.186147907999953,0.0],[114.250941624,-8.18621780999996,0.0],[114.250955841000064,-8.186297603999947,0.0],[114.250978801000088,-8.186378530999946,0.0],[114.250999122000053,-8.186463309999965,0.0],[114.251044251000053,-8.186509224999952,0.0],[114.251162046000104,-8.186514625999962,0.0],[114.251233035000041,-8.18650555499994,0.0],[114.251302798000097,-8.186488106999946,0.0],[114.25140710800008,-8.186449163999953,0.0],[114.251531160000013,-8.186384858999929,0.0],[114.251580970000077,-8.18634708299993,0.0],[114.251638634000074,-8.186302531999956,0.0],[114.251729805000082,-8.186247917999935,0.0],[114.251827548000051,-8.186198143999945,0.0],[114.251903355000081,-8.186156860999972,0.0],[114.252003171000069,-8.186098067999978,0.0],[114.252078871000094,-8.18605380799994,0.0],[114.252138234000086,-8.186017356999969,0.0],[114.252184557000078,-8.185990984999933,0.0],[114.252235177000102,-8.185977715999968,0.0],[114.252300932000026,-8.185969137999962,0.0],[114.252350235000108,-8.185962686999972,0.0],[114.252423862000114,-8.185930931999962,0.0],[114.252487861000077,-8.185908684999958,0.0],[114.252522156000055,-8.185873684999933,0.0],[114.252551402000108,-8.185842055999956,0.0],[114.252583473000072,-8.185809992999964,0.0],[114.252612469000042,-8.185775485999955,0.0],[114.252640021000047,-8.185729917999936,0.0],[114.252662476000069,-8.185687714999972,0.0],[114.252703176000068,-8.185654195999973,0.0],[114.25273934400002,-8.185649338999951,0.0],[114.252778330000069,-8.185644102999959,0.0],[114.252827266000054,-8.185606562999965,0.0],[114.25287172000003,-8.185555417999979,0.0],[114.252890370000046,-8.18550195499995,0.0],[114.252924930000063,-8.185460368999941,0.0],[114.252973351000037,-8.18543670899993,0.0],[114.253038777000029,-8.185410690999959,0.0],[114.253088831000014,-8.185398145999955,0.0],[114.253123088000052,-8.185373477999974,0.0],[114.253162775000078,-8.185322265999957,0.0],[114.253198376000114,-8.185259972999972,0.0],[114.253231860000028,-8.18522657099993,0.0],[114.253317863,-8.185171366999953,0.0],[114.253382481000017,-8.185153748999937,0.0],[114.2534379760001,-8.185131597999941,0.0],[114.253489148000085,-8.185121630999959,0.0],[114.253532107000069,-8.185115698999937,0.0],[114.253579559000059,-8.18512366799996,0.0],[114.253619316000027,-8.185167490999959,0.0],[114.253648851000094,-8.185198167999943,0.0],[114.253686851000111,-8.18525361199994,0.0],[114.253731545000051,-8.185293843999943,0.0],[114.253761753000049,-8.185307168999941,0.0],[114.253802400000041,-8.18531050699994,0.0],[114.253845874000035,-8.18531347499993,0.0],[114.253904638000108,-8.185297221999974,0.0],[114.253910319000056,-8.185296483999934,0.0],[114.253935578000096,-8.185261565999951,0.0],[114.253973403000032,-8.185236485999951,0.0],[114.254025741000078,-8.185241204999954,0.0],[114.254067506000069,-8.185255927999947,0.0],[114.254105843000048,-8.185265326999968,0.0],[114.254126559000042,-8.185271259999979,0.0],[114.254173304,-8.185311207999973,0.0],[114.254201332000093,-8.185336296999935,0.0],[114.254232133000073,-8.185360979999928,0.0],[114.254291231000025,-8.18538975599995,0.0],[114.254347342000074,-8.185395988999971,0.0],[114.25440904200002,-8.185398159999977,0.0],[114.254467923000107,-8.185420595999972,0.0],[114.254516813,-8.185424336999972,0.0],[114.25456135200011,-8.185421998999971,0.0],[114.254597017000037,-8.185424092999938,0.0],[114.254639480000037,-8.185428614999978,0.0],[114.254677102000073,-8.185423847999971,0.0],[114.254715162000025,-8.185402486999976,0.0],[114.254754896,-8.185390826999935,0.0],[114.254797275000101,-8.185375508999925,0.0],[114.254853811000089,-8.185368339999968,0.0],[114.2549010460001,-8.185342429999935,0.0],[114.254959310000118,-8.185325063999926,0.0],[114.255019073000085,-8.185317485999974,0.0],[114.255068456000117,-8.18530455399997,0.0],[114.255102946000079,-8.185276661999978,0.0],[114.255111929,-8.185272137999959,0.0],[114.255139357000076,-8.185261836999928,0.0],[114.255166348000103,-8.185271648999958,0.0],[114.255204929000115,-8.185296567999956,0.0],[114.255243370000017,-8.185321395999949,0.0],[114.255294224000068,-8.185344707999946,0.0],[114.255332789000022,-8.185372794999978,0.0],[114.255382540000028,-8.185415704999969,0.0],[114.255405168000038,-8.185445493999964,0.0],[114.255426148000083,-8.185488342999975,0.0],[114.255461259000072,-8.185545206999961,0.0],[114.255497315000071,-8.18558547899994,0.0],[114.255536228000096,-8.185625117999962,0.0],[114.255566791000092,-8.18567504799995,0.0],[114.255602543,-8.185717653999973,0.0],[114.255636041000116,-8.185769602999926,0.0],[114.255650163000041,-8.185814240999946,0.0],[114.255714607000073,-8.185901021999939,0.0]]}},
{"type":"Feature","properties":{"Name":"Saluran Tersier 1 Glengseran","Kategori":"Saluran Irigasi Tersier","DI":"Glengseran","KorSDA":"Kabat","Status":null,"DI_PERMEN":"Glengseran","ID_TANAH":null},"geometry":{"type":"LineString","coordinates":[[114.250131454000098,-8.184860772999969,0.0],[114.250114122000014,-8.184900252999967,0.0],[114.250124424000091,-8.184934062999957,0.0],[114.250134087000106,-8.18496509299996,0.0],[114.250162150000051,-8.185014340999942,0.0],[114.250181377000104,-8.185042308999925,0.0],[114.250198387000069,-8.185075154999936,0.0],[114.250210111000115,-8.185103424999966,0.0],[114.250220219000084,-8.185146169999939,0.0],[114.250219635,-8.185177428999964,0.0],[114.250199258000066,-8.185212113999967,0.0],[114.250225791000048,-8.18523720099995,0.0],[114.25023077000003,-8.18523694199996,0.0],[114.250284029000113,-8.185250997999958,0.0],[114.250325357000065,-8.185275226999977,0.0],[114.250351445000092,-8.185295409999981,0.0],[114.250363844000049,-8.185335455999962,0.0],[114.250364139000112,-8.185340229999952,0.0],[114.25036956100007,-8.185387839999976,0.0],[114.250382545000093,-8.185437410999953,0.0],[114.250386089000017,-8.185494724999955,0.0],[114.250388748000091,-8.185537724999961,0.0],[114.250393582000015,-8.18557580099997,0.0],[114.25040582500003,-8.185613399999966,0.0],[114.250423883000053,-8.185664987999928,0.0],[114.250426398000059,-8.185705606999932,0.0],[114.250424869000085,-8.185760925999944,0.0],[114.250425016,-8.185763316999953,0.0],[114.250420425000016,-8.185809285999937,0.0],[114.250422646000061,-8.18584517599993,0.0],[114.25042751400008,-8.185880767999947,0.0],[114.250433464000025,-8.185930533999965,0.0],[114.25044157100001,-8.185975269999972,0.0],[114.250469551000037,-8.186018149999938,0.0],[114.250496940000062,-8.186053774999948,0.0],[114.250543084000014,-8.186111214999926,0.0],[114.250572342000055,-8.186141557999974,0.0],[114.250635791000036,-8.186208470999929,0.0],[114.250702318000094,-8.186279913999954,0.0],[114.250772761,-8.186361245999933,0.0],[114.250812326000073,-8.186415453999928,0.0],[114.250855104000038,-8.186472326999933,0.0],[114.25091262,-8.186541980999948,0.0],[114.250959514000101,-8.18661210099998,0.0],[114.251039321,-8.186697849999973,0.0],[114.251084569000113,-8.186743728999943,0.0],[114.251173827000116,-8.186821438999971,0.0],[114.251232839000068,-8.186869592999926,0.0],[114.251297035000107,-8.186948005999966,0.0],[114.251389410000115,-8.187038001999952,0.0],[114.251468118000048,-8.187135313999931,0.0],[114.251564681000104,-8.187190463999968,0.0],[114.251635398000076,-8.187219975999938,0.0]]}},
{"type":"Feature","properties":{"Name":"Saluran Tersier 2 Glengseran","Kategori":"Saluran Irigasi Tersier","DI":"Glengseran","KorSDA":"Kabat","Status":null,"DI_PERMEN":"Glengseran","ID_TANAH":null},"geometry":{"type":"LineString","coordinates":[[114.251445151000098,-8.186520061999943,0.0],[114.251479534000055,-8.186496526999974,0.0],[114.251521861000015,-8.186477699999955,0.0],[114.251548516000071,-8.186467744999959,0.0],[114.251611374000049,-8.186434080999959,0.0],[114.251651849000041,-8.186415443999977,0.0],[114.251721606000046,-8.186377444999948,0.0],[114.251791198000092,-8.186321135999947,0.0],[114.251845347000085,-8.186275491999936,0.0],[114.251875495000036,-8.186246859999926,0.0],[114.251914201000091,-8.186211879999973,0.0],[114.251959838000062,-8.186172542999941,0.0],[114.252002326000024,-8.186155558999928,0.0],[114.252025470000035,-8.186140828999953,0.0],[114.252048052000077,-8.186131389999957,0.0],[114.252071614000101,-8.18613081999996,0.0],[114.252097356000036,-8.18613361499996,0.0],[114.252129802000013,-8.186133822999977,0.0],[114.252161214000012,-8.186125126999968,0.0],[114.252198005000082,-8.186115853999979,0.0],[114.252229576000104,-8.186125058999949,0.0],[114.252257985000028,-8.186138199999959,0.0],[114.252288327000088,-8.186135000999968,0.0],[114.252332247000027,-8.186123162999934,0.0],[114.252362259000051,-8.186116352999932,0.0],[114.252401470000109,-8.186110354999926,0.0],[114.252446731000077,-8.186109138999939,0.0],[114.252496121000036,-8.186129153999957,0.0],[114.252538760000107,-8.186153540999953,0.0],[114.252569003000076,-8.186181075999968,0.0],[114.252592411000023,-8.186212969999929,0.0],[114.25259992000008,-8.186250124999958,0.0],[114.252610159000028,-8.186296004999974,0.0],[114.252614045000087,-8.186333483999931,0.0],[114.252614970000081,-8.186342403999959,0.0],[114.252615155000058,-8.186344186999975,0.0],[114.25261454200006,-8.186391084999968,0.0],[114.252614911000023,-8.186394648999965,0.0],[114.252608329000054,-8.186436682999954,0.0],[114.252608785,-8.186476183999957,0.0],[114.252617337000061,-8.186505892999946,0.0],[114.252638521000108,-8.186534381999934,0.0],[114.252642684000079,-8.186539369999934,0.0],[114.252665132000061,-8.186562364999929,0.0],[114.252683973000103,-8.186585713999932,0.0],[114.252685259000032,-8.186598157999981,0.0],[114.252689453000016,-8.186621091999939,0.0],[114.252689820000114,-8.186624644999938,0.0],[114.252690241000096,-8.186664054999937,0.0],[114.252681623000058,-8.186704223999925,0.0],[114.252676773000076,-8.186727860999952,0.0],[114.252688691000117,-8.186780290999934,0.0],[114.252730515000053,-8.186813890999929,0.0],[114.252771947000042,-8.186843731999943,0.0],[114.252794059000053,-8.186871828999926,0.0],[114.252813970000034,-8.186915373999966,0.0],[114.252842238000085,-8.186965621999946,0.0],[114.252859533000105,-8.187020798999981,0.0],[114.25288433500009,-8.187075082999968,0.0],[114.252907702000016,-8.187152266999931,0.0],[114.252946211000108,-8.187227872999927,0.0],[114.252984334000075,-8.187299743999972,0.0],[114.253025087000083,-8.187360001999934,0.0],[114.253084933000082,-8.187456242999929,0.0],[114.253129133000016,-8.187512432999938,0.0],[114.253178713000011,-8.187583271999927,0.0],[114.253247352000017,-8.187652299999968,0.0],[114.253297718000113,-8.187692867999942,0.0],[114.253377550000096,-8.187757171999976,0.0],[114.253425358000072,-8.187809444999971,0.0],[114.253471471000012,-8.187846495999963,0.0],[114.253510259000109,-8.187887939999939,0.0],[114.253554809000093,-8.187909967999929,0.0],[114.253605789000062,-8.187957784999981,0.0],[114.253644851000104,-8.187999575999982,0.0],[114.253688536000027,-8.188048539999954,0.0],[114.25371116000008,-8.18808053999993,0.0]]}},
{"type":"Feature","properties":{"Name":"TERSIER 1 PA 3 GLENGSERAN","Kategori":"Saluran Irigasi Tersier","DI":"Glengseran","KorSDA":"Kabat","Status":null,"DI_PERMEN":"Glengseran","ID_TANAH":null},"geometry":{"type":"LineString","coordinates":[[114.252208378000091,-8.186049638999975,0.0],[114.2522604400001,-8.186053927999978,0.0],[114.252308853000045,-8.186065308999957,0.0],[114.252340877000051,-8.186071392999963,0.0],[114.252380785000014,-8.186067739999942,0.0],[114.252416317000097,-8.186064486999953,0.0],[114.252460840000026,-8.186060421999969,0.0],[114.252505259000031,-8.186054124999941,0.0],[114.252549998000063,-8.186050057999978,0.0],[114.252588555000102,-8.18605108099996,0.0],[114.252614158000029,-8.186057811999945,0.0],[114.252646105000053,-8.186082069999941,0.0],[114.25267309100002,-8.186102241999947,0.0],[114.252708613000095,-8.186139690999937,0.0],[114.25273646200003,-8.18616876599998,0.0],[114.252757563000046,-8.18619840599996,0.0],[114.252773271000024,-8.186241937999966,0.0],[114.252789624000116,-8.186269643999935,0.0],[114.252821426000082,-8.186293750999937,0.0],[114.25286044500001,-8.186299350999946,0.0],[114.252924237000116,-8.186302842999964,0.0],[114.252981385000112,-8.186306917999957,0.0],[114.253033902000084,-8.18630916199993,0.0],[114.253104608000058,-8.186309870999935,0.0],[114.253153875000066,-8.186298951999959,0.0],[114.253195275000053,-8.18627519599994,0.0],[114.253246299000011,-8.18625506199993,0.0],[114.253308909000111,-8.186233881999954,0.0],[114.253395044000058,-8.186215144999949,0.0],[114.253449478000107,-8.18620137399995,0.0],[114.253506365000021,-8.186187365999956,0.0],[114.253538152000033,-8.186177788999942,0.0],[114.253583273000118,-8.186159611999926,0.0],[114.253628530000015,-8.186151861999974,0.0],[114.253673277000075,-8.186137174999942,0.0],[114.253699989000097,-8.186117248999949,0.0],[114.253733854000075,-8.186096824999936,0.0],[114.253781301000117,-8.186068316999979,0.0],[114.253829883000094,-8.186053698999956,0.0],[114.253907575000085,-8.186047072999941,0.0],[114.253974366000079,-8.186037886999941,0.0],[114.254031431000044,-8.186039937999965,0.0],[114.254089694000072,-8.186055790999944,0.0],[114.254147998,-8.186071654999978,0.0],[114.254214631000082,-8.18610076899995,0.0],[114.254264275000082,-8.186138376999963,0.0],[114.254306286000087,-8.186169704999941,0.0],[114.25436959000001,-8.186199239999951,0.0],[114.254446818000019,-8.18622411299998,0.0],[114.254549589000021,-8.186253833999956,0.0],[114.254656365000073,-8.186286772999949,0.0],[114.25472189900006,-8.186298697999973,0.0],[114.254773940000064,-8.186318836999931,0.0],[114.25481401400009,-8.18632594099995,0.0],[114.254864761000022,-8.186332126999957,0.0],[114.25492160400006,-8.186327221999932,0.0],[114.254954269000109,-8.186331449999955,0.0],[114.255015277000098,-8.186333279999928,0.0],[114.255081025000095,-8.186348890999966,0.0],[114.255125253000074,-8.186362770999949,0.0],[114.255195669000045,-8.186388545999932,0.0],[114.255238809000048,-8.186427257999981,0.0],[114.255285875000027,-8.186469200999966,0.0],[114.255330488000027,-8.186522013999934,0.0],[114.255394303000116,-8.186587421999945,0.0],[114.255434406000063,-8.18663010399996,0.0],[114.255482358000108,-8.186679254999945,0.0],[114.255523615000016,-8.186732591999942,0.0],[114.255583766000086,-8.186795042999961,0.0],[114.255665315000101,-8.186855721999962,0.0],[114.25571066200007,-8.18691247299995,0.0],[114.255781256000091,-8.186981130999925,0.0],[114.255852475000097,-8.187056840999958,0.0],[114.255896310000026,-8.187106442999948,0.0],[114.255936281000118,-8.187152818999948,0.0],[114.255987879000031,-8.187201957999946,0.0],[114.256032656000116,-8.187251820999961,0.0]]}},
{"type":"Feature","properties":{"Name":"TERSIER 2 PA 3 GLENGSERAN","Kategori":"Saluran Irigasi Tersier","DI":"Glengseran","KorSDA":"Kabat","Status":null,"DI_PERMEN":"Glengseran","ID_TANAH":null},"geometry":{"type":"LineString","coordinates":[[114.252166020000118,-8.186036273999946,0.0],[114.25221018700006,-8.186028910999937,0.0],[114.252266380000037,-8.18601707199997,0.0],[114.252296200000046,-8.186005910999938,0.0],[114.252335313000117,-8.186008951999952,0.0],[114.252365907000012,-8.186008041999969,0.0],[114.252396551000061,-8.18600712999995,0.0],[114.252402399000061,-8.186002800999972,0.0],[114.252422030000048,-8.185989725999946,0.0],[114.252445421000061,-8.185970226999927,0.0],[114.252471107000019,-8.185952673999964,0.0],[114.252492894000056,-8.185937279999962,0.0],[114.252515133000088,-8.185928149999938,0.0],[114.25254218200007,-8.185929401999942,0.0],[114.252594774000045,-8.185940441999946,0.0],[114.252655868000033,-8.185953397999981,0.0],[114.252695457000073,-8.185952227999962,0.0],[114.252730574000111,-8.185942735999959,0.0],[114.252765626000041,-8.185928977999936,0.0],[114.252789574000076,-8.18589633199997,0.0],[114.252807499000028,-8.185867960999929,0.0],[114.252833770000052,-8.185832696999967,0.0],[114.252862353000069,-8.185797116999936,0.0],[114.252891075000093,-8.185759098999938,0.0],[114.252918043000022,-8.185727468999971,0.0],[114.252951859000063,-8.185704247999979,0.0],[114.253005339000083,-8.185682434999933,0.0],[114.253048605000117,-8.18568090399998,0.0],[114.253089987000067,-8.185694984999941,0.0],[114.253120527000078,-8.185711645999959,0.0],[114.253159704000041,-8.185730190999948,0.0],[114.253200954000022,-8.185739819999981,0.0],[114.253248719000112,-8.185738197999967,0.0],[114.253296569000099,-8.185740991999978,0.0],[114.253303102000018,-8.185740770999928,0.0],[114.253346598,-8.185752552999929,0.0],[114.253383441000096,-8.185773360999974,0.0],[114.253411498000105,-8.18579441299994,0.0],[114.2534569500001,-8.185812665999947,0.0],[114.253493849000051,-8.185820236999973,0.0],[114.253513488000067,-8.185819609999953,0.0],[114.253533919,-8.185786021999945,0.0],[114.253561134000051,-8.185749783999938,0.0],[114.253575469000111,-8.185707046999937,0.0],[114.253592005000087,-8.18566840699998,0.0],[114.25361763,-8.185626912999965,0.0],[114.25364851900008,-8.185566649999942,0.0],[114.253669789000014,-8.185533755999927,0.0],[114.253672195000036,-8.185529064999969,0.0],[114.253686513000048,-8.18550546299997,0.0],[114.253686840000114,-8.185496204999936,0.0],[114.253699065000092,-8.185467996999932,0.0],[114.253701554000031,-8.185460958999954,0.0],[114.253714044000048,-8.185425651999935,0.0],[114.253733003000093,-8.185399383999936,0.0],[114.253758720000064,-8.185375190999935,0.0],[114.253795438000111,-8.185360083999967,0.0],[114.253847317,-8.185361120999971,0.0],[114.253883377000079,-8.185362561999966,0.0],[114.253958308000051,-8.185396019999928,0.0],[114.254022345000067,-8.185417877999953,0.0],[114.25407296000003,-8.185435354999981,0.0],[114.254109564000032,-8.18545193999995,0.0],[114.254145504,-8.185470886999951,0.0],[114.254176402000098,-8.18548491599995,0.0],[114.25420417700002,-8.185500522999973,0.0],[114.254218121,-8.185511486999928,0.0],[114.254226213000038,-8.185527283999932,0.0],[114.254226942000059,-8.185546269999975,0.0],[114.254235116000018,-8.185566522999977,0.0],[114.254241472000103,-8.185578871999951,0.0],[114.254277285000057,-8.185593679999954,0.0],[114.254318687000023,-8.185606742999937,0.0],[114.254383197000038,-8.185617750999938,0.0],[114.25442552700008,-8.185624558999962,0.0],[114.254490951000093,-8.185633928999948,0.0]]}},
{"type":"Feature","properties":{"Name":"TERSIER 1 PA 4 GLENGSERAN","Kategori":"Saluran Irigasi Tersier","DI":"Glengseran","KorSDA":"Kabat","Status":null,"DI_PERMEN":"Glengseran","ID_TANAH":null},"geometry":{"type":"LineString","coordinates":[[114.255784438000092,-8.185968007999975,0.0],[114.25579540800004,-8.185987152999928,0.0],[114.255804925,-8.186001149999981,0.0],[114.255817245000117,-8.186027094999929,0.0],[114.255824551000046,-8.186051078999981,0.0],[114.255845333000025,-8.186077424999951,0.0],[114.255863220000037,-8.186093501999949,0.0],[114.255886352000061,-8.186106475999964,0.0],[114.25592564100009,-8.186135413999978,0.0],[114.255951958000082,-8.186151896999945,0.0],[114.255981735000091,-8.186166869999965,0.0],[114.255997784000101,-8.186184491999938,0.0],[114.256020671000101,-8.18620079599998,0.0],[114.256046291000075,-8.18622899199994,0.0],[114.256072150000023,-8.186252132999925,0.0],[114.256089267000107,-8.186279831999968,0.0],[114.256106363000072,-8.186307495999927,0.0],[114.256134959000065,-8.186340727999948,0.0],[114.25614751,-8.186358071999962,0.0],[114.256183988000089,-8.186399966999943,0.0],[114.256195933000072,-8.186427227999957,0.0],[114.256227538000076,-8.186460395999973,0.0],[114.256252866000068,-8.186484873999973,0.0],[114.256284842000014,-8.186509634999936,0.0],[114.256322610000097,-8.186524792999933,0.0],[114.256375652000088,-8.186537414999975,0.0],[114.256427314,-8.186545002999935,0.0],[114.256434021000018,-8.186545344999956,0.0],[114.256443743000091,-8.186550792999981,0.0],[114.256473956000036,-8.186575414999936,0.0],[114.256508468000106,-8.18661009799996,0.0],[114.256557987000065,-8.186643802999981,0.0],[114.256618437000043,-8.186703939999973,0.0],[114.256671812000036,-8.186740407999935,0.0],[114.256719548000092,-8.186767427999939,0.0],[114.256783010000049,-8.186785982999936,0.0],[114.256846654000014,-8.186801457999934,0.0],[114.25689094300003,-8.18683423799996,0.0],[114.256935079000073,-8.186870068999951,0.0],[114.256969013000116,-8.186923671999978,0.0],[114.256996137000101,-8.186989111999935,0.0],[114.257035531000042,-8.18705519699995,0.0],[114.257088737000117,-8.187094599999966,0.0],[114.25715083800003,-8.187140589999956,0.0],[114.257210239000074,-8.187180358999967,0.0],[114.25728197300009,-8.187220811999964,0.0],[114.257358522000118,-8.187285944999928,0.0],[114.257416230000103,-8.187356170999976,0.0],[114.257475679000095,-8.187396011999965,0.0],[114.257517193000012,-8.187425727999937,0.0],[114.25756848900005,-8.187446843999965,0.0],[114.257596220000096,-8.187448374999974,0.0]]}},
{"type":"Feature","properties":{"Name":"SEKUNDER GONTORAN","Kategori":"Saluran Irigasi Sekunder","DI":"Gontoran","KorSDA":"Kabat","Status":null,"DI_PERMEN":"Gontoran","ID_TANAH":null},"geometry":{"type":"LineString","coordinates":[[114.323912460000088,-8.23213497799992,0.0],[114.323994999000092,-8.232211436999933,0.0],[114.324038881000092,-8.232260783999948,0.0],[114.324057841000126,-8.232298064999895,0.0],[114.324075393000157,-8.232343680999975,0.0],[114.324094068000022,-8.232380361999958,0.0],[114.324110985000061,-8.232420998999942,0.0],[114.324147197000229,-8.232486719999883,0.0],[114.324157606000085,-8.232522273999905,0.0],[114.324167788000068,-8.232555506999972,0.0],[114.32418145500003,-8.232584471999871,0.0],[114.324195042000042,-8.232613267999966,0.0],[114.324214437000137,-8.232644008999955,0.0],[114.324239546000172,-8.23270472299987,0.0],[114.324264323000193,-8.232735,0.0],[114.324282247000042,-8.232778777999897,0.0],[114.324287377000132,-8.232800455999893,0.0],[114.324306011000203,-8.232828108999968,0.0],[114.324321591000057,-8.232869089999895,0.0],[114.324336551000101,-8.232901407999918,0.0],[114.32435493000014,-8.232928103999882,0.0],[114.324374505000037,-8.232953059999943,0.0],[114.324388388000216,-8.232982267999944,0.0],[114.324407966000081,-8.233011294999926,0.0],[114.324421435000204,-8.233038430999954,0.0],[114.324441577000016,-8.233059496999942,0.0],[114.324461941000209,-8.23308628999996,0.0],[114.324478257000123,-8.233095325999955,0.0],[114.324497874000031,-8.233113113999934,0.0],[114.3245230980001,-8.233130901999971,0.0],[114.32454543900019,-8.23311971499993,0.0],[114.324563086000126,-8.233096719999935,0.0],[114.324583732000178,-8.233072082999911,0.0],[114.324613467000063,-8.233051806999924,0.0],[114.324631675000205,-8.233028175999948,0.0],[114.324654578000036,-8.233008931999905,0.0],[114.324671763000083,-8.232989450999924,0.0],[114.32468732600023,-8.232955950999894,0.0],[114.32470177800019,-8.23293291799996,0.0],[114.324714904000075,-8.232912798999962,0.0],[114.324723558000073,-8.232887731999938,0.0],[114.324741369000208,-8.23284714599987,0.0],[114.324756470000125,-8.232828375999929,0.0],[114.324777767000228,-8.232806366999966,0.0],[114.324800720000212,-8.232793825999977,0.0],[114.324822269000151,-8.2327779929999,0.0],[114.324833088000219,-8.232770043999949,0.0],[114.324848526000096,-8.232765349999909,0.0],[114.324876478000078,-8.2327510369999,0.0],[114.324896802000012,-8.232738206999898,0.0],[114.324920327000086,-8.232725345999938,0.0],[114.324958079000226,-8.232709252999939,0.0],[114.324986876000139,-8.232686355999874,0.0],[114.324996915000042,-8.232666473999927,0.0],[114.325018057000193,-8.23264654999997,0.0],[114.325036173000058,-8.23262647099989,0.0],[114.325070375000223,-8.23260466399995,0.0],[114.325099968000131,-8.232584371999963,0.0],[114.325122953000118,-8.232569798999918,0.0],[114.325141220000091,-8.23255510599995,0.0],[114.325175676000185,-8.23253761299992,0.0],[114.325197505000119,-8.232519474999947,0.0],[114.325221759000101,-8.232515338999917,0.0],[114.325242835000154,-8.232511055999964,0.0],[114.325271537000162,-8.232512354999869,0.0],[114.32529149100003,-8.232523704999949,0.0],[114.325324902000034,-8.232541888999947,0.0],[114.325356667000165,-8.232563526999911,0.0],[114.325381137000022,-8.232580664999944,0.0],[114.325402648000136,-8.232588171999907,0.0],[114.32543458400005,-8.232603559999973,0.0],[114.325466472000016,-8.232617568999956,0.0],[114.325491832000012,-8.232633901999975,0.0],[114.32552772300005,-8.232653034999885,0.0],[114.325549683000077,-8.232663955999897,0.0],[114.325566712000182,-8.232674689999897,0.0],[114.325586094000187,-8.232685454999967,0.0],[114.325603734000197,-8.232699923999917,0.0],[114.325624731000062,-8.23271567799992,0.0],[114.325640585000201,-8.232723682999961,0.0],[114.325657098000192,-8.232735433999949,0.0],[114.325675409000041,-8.232742210999959,0.0],[114.325689407000141,-8.232753813999977,0.0],[114.325709474000064,-8.232764311999915,0.0],[114.325733317000186,-8.232781034999903,0.0],[114.325751613000079,-8.232802508999896,0.0],[114.325775150000027,-8.23281880299993,0.0],[114.325805732000049,-8.232837068999913,0.0],[114.325836156000037,-8.232853345999956,0.0],[114.325852192000184,-8.232869275999917,0.0],[114.32588763900003,-8.232893381999872,0.0],[114.325931485000069,-8.232928927999978,0.0],[114.325954105000164,-8.232946579999918,0.0],[114.325979893000181,-8.232973563999906,0.0],[114.326010644000121,-8.233002324999916,0.0],[114.326039319000074,-8.233032598999955,0.0],[114.326054034000208,-8.233058545999938,0.0],[114.326080813000203,-8.233081040999934,0.0],[114.326110827000207,-8.233103476999929,0.0],[114.326123791000214,-8.233119916999954,0.0],[114.326138654000033,-8.23313101399998,0.0],[114.326166329000102,-8.233156551999969,0.0],[114.326189408,-8.233169505999967,0.0],[114.326233689000219,-8.233194902999969,0.0],[114.326260902000058,-8.233217978999903,0.0],[114.326285933000122,-8.233222026999954,0.0],[114.326328774000217,-8.233235066999896,0.0],[114.326373575000048,-8.233242996999934,0.0],[114.326425152000184,-8.233249375999947,0.0],[114.326465082000027,-8.233253760999958,0.0],[114.326522619000116,-8.233266867999873,0.0],[114.326555437000025,-8.233274310999946,0.0],[114.326580421000131,-8.233276512999964,0.0],[114.32661462100009,-8.233285657999886,0.0],[114.326658247000182,-8.233286552999971,0.0],[114.326703101000135,-8.233290845999875,0.0],[114.32674049600007,-8.233297808999964,0.0],[114.326779407000231,-8.233299741999929,0.0],[114.32682839000006,-8.233306238999944,0.0],[114.326873479000028,-8.233308479999948,0.0],[114.326922466000042,-8.233314978999942,0.0],[114.326989395000055,-8.233332527999949,0.0],[114.327020447000109,-8.233327975999941,0.0],[114.327065953000101,-8.233322109999904,0.0],[114.327095569000107,-8.233305294999923,0.0],[114.327123035000227,-8.233290403999945,0.0],[114.327140047000057,-8.233279056999891,0.0],[114.327161569000054,-8.233259804999875,0.0],[114.327189066000074,-8.233242865999898,0.0],[114.327212578000058,-8.23322369199991,0.0],[114.32723210600011,-8.233202283999958,0.0],[114.327253380000116,-8.233187055999906,0.0],[114.327281514000106,-8.233157922999908,0.0],[114.327309452000122,-8.233132835999982,0.0],[114.327335250000147,-8.233109671999898,0.0],[114.327365051000015,-8.233088729999963,0.0],[114.327402754000218,-8.233074264999914,0.0],[114.327444063000144,-8.233070143999953,0.0],[114.327487440000141,-8.233066120999979,0.0],[114.32751411300012,-8.23306740299995,0.0],[114.327557113000125,-8.233071506999977,0.0],[114.327598182000202,-8.233073479999916,0.0],[114.327629509000076,-8.23306479699994,0.0],[114.327669481000157,-8.233048370999882,0.0],[114.327707220000207,-8.233035952999955,0.0],[114.327736844000128,-8.233021110999971,0.0],[114.327757420000012,-8.23302216899998,0.0],[114.327774805000217,-8.233045559999937,0.0],[114.327792284000111,-8.233066896999901,0.0],[114.327799063000043,-8.233095844999923,0.0],[114.327823808000062,-8.23313589299994,0.0],[114.327838992000011,-8.233161143999894,0.0],[114.327856113000166,-8.233188514999938,0.0],[114.32787127600011,-8.233213731999911,0.0],[114.327885006000088,-8.233226644999888,0.0],[114.327904462000106,-8.233247983999888,0.0],[114.327950648000069,-8.233268621999912,0.0],[114.327993896000066,-8.233305357999939,0.0],[114.328024063000043,-8.23331702999991,0.0],[114.328047647000176,-8.233336488999953,0.0],[114.328097360000129,-8.233365359999937,0.0],[114.328133271000183,-8.233383377999928,0.0],[114.328166566000164,-8.233411388999912,0.0],[114.328194484000164,-8.233424932999981,0.0],[114.328222389000075,-8.233438469999953,0.0],[114.328255950000084,-8.233460376999972,0.0],[114.32827963200009,-8.233475711999915,0.0],[114.328317452000078,-8.233493759999874,0.0],[114.328345405000164,-8.233505246999869,0.0],[114.328388601000142,-8.233535660999905,0.0],[114.328434019000042,-8.233562119999874,0.0],[114.328453718000105,-8.233575204999966,0.0],[114.328511390000131,-8.233604305999904,0.0],[114.328541305000158,-8.233619946999966,0.0],[114.328560964000076,-8.233635061999962,0.0],[114.328600759000096,-8.233655204999934,0.0],[114.328626417000123,-8.233672632999969,0.0],[114.328652454,-8.233681990999912,0.0],[114.32868991700002,-8.23370807799995,0.0],[114.328715852000187,-8.23371944999991,0.0],[114.328751843000191,-8.233733329999893,0.0],[114.328791606000209,-8.233753455999874,0.0],[114.330034456620979,-8.233638640581717,0.0],[114.330377099005887,-8.233429248013238,0.0],[114.331024312399563,-8.232820105995756,0.0],[114.331500204600729,-8.232115785537985,0.0],[114.331614418729032,-8.231944464345531,0.0],[114.332109346618267,-8.231297250952025,0.0],[114.3324900603792,-8.230992679943256,0.0],[114.333441844781419,-8.231392429392258,0.0],[114.33393677267054,-8.231525679208573,0.0],[114.334622057440242,-8.231601821960794,0.0],[114.33551673477848,-8.231697000401027,0.0],[114.336354305052623,-8.231658929024832,0.0],[114.337458374959169,-8.231354358016176,0.0],[114.337667767527705,-8.230859430126884,0.0],[114.337858124408285,-8.230288359485542,0.0],[114.338124624040915,-8.22986957434847,0.0],[114.338238838169218,-8.229469824899468,0.0],[114.338752801746523,-8.229260432331046,0.0],[114.339171586883367,-8.229184289578768,0.0],[114.339628443396691,-8.229127182514731,0.0],[114.340999012935981,-8.229641146091922,0.0],[114.341646226329431,-8.229850538660457,0.0],[114.342350546787202,-8.230098002605075,0.0],[114.343283295501578,-8.230497752054077,0.0],[114.344082794399583,-8.230992679943256,0.0],[114.344349294032099,-8.231125929759571,0.0],[114.344672900728938,-8.231392429392258,0.0],[114.34478711485724,-8.232020607097752,0.0],[114.34478711485724,-8.2322490353543,0.0],[114.34478711485724,-8.23280107030763,0.0],[114.344710972104963,-8.233181784068563,0.0],[114.345015543113732,-8.233524426453471,0.0],[114.345738899259459,-8.234152604159021,0.0]]}},
{"type":"Feature","properties":{"Name":"Sekunder","Kategori":"Saluran Irigasi Sekunder","DI":"Gumuk Kabat","KorSDA":"Kabat","Status":null,"DI_PERMEN":"Gumuk Ka/Ki","ID_TANAH":null},"geometry":{"type":"MultiLineString","coordinates":[[[114.28812627800005,-8.229900849999979,0.0],[114.288235450000116,-8.229804078999962,0.0],[114.288358763000019,-8.229711203999955,0.0],[114.288471939000033,-8.22954421299994,0.0],[114.288573158000077,-8.229517235999936,0.0],[114.288618751000058,-8.229466601999945,0.0],[114.288682214,-8.229464026999949,0.0],[114.288681120000092,-8.229413901999976,0.0],[114.288735729000109,-8.229397118999941,0.0],[114.288853508000102,-8.229422294999949,0.0],[114.288857969000105,-8.229423973999928,0.0],[114.288929290000056,-8.229472015999932,0.0],[114.288934020000056,-8.229471482999941,0.0],[114.289081391000082,-8.229525427999931,0.0],[114.289139508000062,-8.229525868999929,0.0],[114.28921742600005,-8.229486614999928,0.0],[114.28921901700005,-8.229487105999965,0.0],[114.289277355000081,-8.22948443699994,0.0],[114.28929774900007,-8.22948286899998,0.0]],[[114.289296842000113,-8.229481866999947,0.0],[114.289329667000061,-8.229483441999946,0.0],[114.289332520000016,-8.229481156999952,0.0],[114.289365837000105,-8.229455880999978,0.0],[114.28936735000002,-8.229453967999973,0.0],[114.289368861000071,-8.229452056999946,0.0],[114.28943003400002,-8.229399068999953,0.0],[114.28945623200002,-8.22939213799998,0.0],[114.289458038000021,-8.229392012999938,0.0],[114.289459839000074,-8.229391887999952,0.0],[114.289487054,-8.229389119999951,0.0],[114.289549346000058,-8.22937815399996,0.0],[114.289551927000048,-8.22937759399997,0.0],[114.289565526000047,-8.229358676999937,0.0],[114.289681887000029,-8.229354429999944,0.0],[114.289708039000061,-8.229334758999926,0.0],[114.289745511000092,-8.229319719999978,0.0],[114.289804038000057,-8.229319693999969,0.0],[114.289810533000036,-8.229320056999939,0.0],[114.289855202000012,-8.22931508299996,0.0],[114.289889002000109,-8.229304342999967,0.0],[114.289890482000033,-8.229304787999979,0.0],[114.289965838000057,-8.229325998999968,0.0],[114.289966973000105,-8.229327784999953,0.0],[114.290040103000024,-8.229376477999949,0.0],[114.290043310000101,-8.229381615999955,0.0],[114.290155281000011,-8.22949134199996,0.0],[114.290263464000077,-8.229528138999967,0.0],[114.290270528000065,-8.229528923999965,0.0],[114.290271891000089,-8.22952935099994,0.0],[114.290343966000023,-8.229513004999944,0.0],[114.290418009000064,-8.229505973999949,0.0],[114.290419712000016,-8.229504998999971,0.0],[114.290587446000018,-8.229492161999929,0.0],[114.29069775500011,-8.229480382999952,0.0],[114.290770973,-8.229462857999977,0.0],[114.290817804000085,-8.229465606999952,0.0],[114.290884931000051,-8.229460759999938,0.0],[114.290887947000101,-8.229461724999965,0.0],[114.290951447000111,-8.229480556999931,0.0],[114.290958612000054,-8.229482852999979,0.0],[114.290961009000057,-8.22948656899996,0.0],[114.291017174000103,-8.229491777999954,0.0],[114.291128782000101,-8.229509904999929,0.0],[114.291472184000099,-8.229660900999932,0.0],[114.291536771000096,-8.229673856999966,0.0],[114.291539772000078,-8.229673299999945,0.0],[114.291707157000019,-8.229743718999941,0.0],[114.29177246800009,-8.229762648999952,0.0]],[[114.277605861000097,-8.225382618999959,0.0],[114.277593222000064,-8.225534281999956,0.0],[114.277593583000112,-8.225541494999959,0.0],[114.277599414000065,-8.22565803699996,0.0],[114.277602322,-8.225673704999963,0.0],[114.277602433000084,-8.225675948999935,0.0],[114.27764401200011,-8.225828021999973,0.0],[114.277676408000048,-8.225947456999961,0.0],[114.277678882000032,-8.225952026999948,0.0],[114.277760207000028,-8.226049366999973,0.0],[114.277843043000075,-8.226127622999968,0.0],[114.277960675000031,-8.226173609999933,0.0],[114.277963433000082,-8.226181417999953,0.0],[114.278067804000102,-8.22625162099996,0.0],[114.278072501000111,-8.226259075999963,0.0],[114.278196457000035,-8.226493660999949,0.0],[114.278337230000034,-8.226717250999968,0.0],[114.278476641000111,-8.226859006999973,0.0],[114.278642654,-8.226916077999931,0.0],[114.278658715,-8.226921412999957,0.0],[114.278663254000094,-8.226921411999967,0.0],[114.27876290800009,-8.226976429999979,0.0],[114.278769558000022,-8.226984142999981,0.0],[114.278776219000065,-8.226986704999945,0.0],[114.278844877000097,-8.227062170999943,0.0],[114.278849378000018,-8.227069564999965,0.0],[114.278982681000116,-8.227251730999967,0.0],[114.279188785000088,-8.227360541999929,0.0],[114.279340530000013,-8.227430578999929,0.0],[114.27934588100004,-8.227620073999958,0.0],[114.279483731000028,-8.227904163999938,0.0],[114.279486189000067,-8.227907152999933,0.0],[114.279448339000055,-8.228141505999929,0.0],[114.279443650000076,-8.228158782999969,0.0],[114.279321087000085,-8.228318847999958,0.0],[114.278845387000047,-8.228739899999937,0.0],[114.278412891000016,-8.229221400999961,0.0],[114.278109418000099,-8.229579878999971,0.0],[114.278194770000027,-8.229631941999969,0.0],[114.278377243000023,-8.229706539999938,0.0],[114.27838542500001,-8.229713032999939,0.0],[114.278555128000107,-8.229810036999936,0.0],[114.278557884000065,-8.229809992999947,0.0],[114.278662025000017,-8.229930314999933,0.0],[114.278869461000113,-8.230276962999937,0.0],[114.278946476000101,-8.230353089999937,0.0],[114.278955178000047,-8.230352954999944,0.0],[114.278963865000037,-8.230357798999933,0.0],[114.279071286000089,-8.230400434999979,0.0],[114.279084045000104,-8.230405104999932,0.0],[114.279088350000052,-8.230405040999926,0.0],[114.279099022000082,-8.230407300999957,0.0],[114.279167467000093,-8.230417391999936,0.0],[114.279173798000102,-8.230419619999964,0.0],[114.27917796700001,-8.230421907999926,0.0],[114.279273354000111,-8.230490206999946,0.0],[114.279281445000038,-8.230494631999932,0.0],[114.279283149000094,-8.230499217999977,0.0],[114.279288877000113,-8.230505991999962,0.0],[114.279441151000015,-8.230599587999961,0.0],[114.279524108000032,-8.230679424999948,0.0],[114.27964582200002,-8.230752086999928,0.0],[114.279651990000048,-8.230757056999948,0.0],[114.279735969000058,-8.230849669999941,0.0],[114.279741591000061,-8.230856783999968,0.0],[114.279749338000101,-8.230863885999952,0.0],[114.279871822000018,-8.23096222199996,0.0],[114.279879569000059,-8.230966602999956,0.0],[114.279917911000098,-8.231023531999938,0.0],[114.279919871000061,-8.231025926999962,0.0],[114.279960620000111,-8.23105395999994,0.0],[114.280116478000082,-8.23113258099994,0.0],[114.28028279800003,-8.231266482999956,0.0],[114.280492292000076,-8.231288758999938,0.0],[114.280585854000037,-8.231366503999936,0.0],[114.280584003000058,-8.231369986999937,0.0],[114.280550572000038,-8.231444051999972,0.0],[114.280547200000115,-8.231448966999949,0.0],[114.280543728000112,-8.231455462999975,0.0],[114.280542793000109,-8.231510153999977,0.0],[114.280549942000107,-8.231513016999941,0.0],[114.280554249000033,-8.231514425999933,0.0],[114.28059135500007,-8.231543647999956,0.0],[114.28059810700006,-8.23154944099997,0.0],[114.280605122000111,-8.23155223599997,0.0],[114.280686293000031,-8.231579671999953,0.0],[114.280694442000026,-8.231583844999932,0.0],[114.280698802000074,-8.231583741999941,0.0],[114.280862520000028,-8.231650792999972,0.0],[114.281010827000046,-8.23168631599998,0.0],[114.281248753000114,-8.231719281999972,0.0],[114.28137042100002,-8.231764326999951,0.0],[114.281477197000072,-8.231810648999954,0.0],[114.281489473000079,-8.231874801999936,0.0],[114.281488522000018,-8.231880212999954,0.0],[114.281487259000073,-8.23188739699998,0.0],[114.281487859000094,-8.231975622999926,0.0],[114.281485724000049,-8.231987408999942,0.0],[114.281485117000102,-8.231990758999927,0.0],[114.281485703000044,-8.232013859999938,0.0]],[[114.277719130000037,-8.225276421999979,0.0],[114.277814142000011,-8.225257349999936,0.0],[114.277865139000028,-8.225240369999938,0.0],[114.277866880000033,-8.225240397999926,0.0],[114.277960833000066,-8.225239085999931,0.0],[114.277964230000066,-8.225240087999964,0.0],[114.277965026000061,-8.22524104699994,0.0],[114.27806320000002,-8.225285253999971,0.0],[114.278213890000075,-8.225432749999925,0.0],[114.27837231400008,-8.225642419999929,0.0],[114.278504311,-8.22572409199995,0.0],[114.278518451000082,-8.22572953699995,0.0],[114.278523131000043,-8.225731337999946,0.0],[114.278653346000056,-8.225772347999964,0.0],[114.278945849000024,-8.225878187999967,0.0],[114.2790913340001,-8.225916928999936,0.0],[114.279200284000012,-8.226040481999974,0.0],[114.279208795000045,-8.226046760999964,0.0],[114.279376535000097,-8.226180742999929,0.0],[114.27968550300011,-8.22639269299998,0.0],[114.279904828000099,-8.226650939999956,0.0],[114.280084103000036,-8.226905724999938,0.0],[114.280280135000112,-8.227325309999969,0.0],[114.280418852000025,-8.227500868999925,0.0],[114.280491367000081,-8.227629416999946,0.0],[114.280566781000061,-8.22780570599997,0.0],[114.280566710000016,-8.227813725999965,0.0],[114.280566567000051,-8.227829747999976,0.0],[114.280602532000103,-8.227945883999951,0.0],[114.280603297000084,-8.227951357999927,0.0],[114.280707766000091,-8.228137803999971,0.0],[114.280906108000067,-8.228183025999954,0.0],[114.280919423000114,-8.228179037999951,0.0],[114.281247367000105,-8.228106496999942,0.0],[114.281363486000032,-8.228003644999944,0.0],[114.281364394000093,-8.227994021999962,0.0],[114.281436380000059,-8.227983355999982,0.0],[114.281446839000068,-8.227987237999969,0.0],[114.281884738000031,-8.228554048999968,0.0],[114.282198401000073,-8.228808146999938,0.0],[114.282434161000083,-8.22915656999993,0.0],[114.282541614000024,-8.229321795999965,0.0],[114.282546628000091,-8.229323417999979,0.0],[114.282752059000018,-8.229354355999931,0.0],[114.282781688000114,-8.229348873999982,0.0],[114.282977636000055,-8.229249333999974,0.0],[114.283097314000088,-8.229172484999935,0.0],[114.283389656000054,-8.229034589999969,0.0],[114.283577515000047,-8.229020734999949,0.0],[114.28380565100008,-8.229043400999956,0.0],[114.28408252600002,-8.228958142999943,0.0],[114.28426626800001,-8.228797003999944,0.0],[114.284284644000081,-8.228777591999972,0.0],[114.284276110000064,-8.228572543999974,0.0],[114.284474351000085,-8.228325360999975,0.0],[114.284483994000084,-8.228313587999935,0.0],[114.284601098000053,-8.228137881999942,0.0],[114.28461079200008,-8.228126423999981,0.0],[114.284791672000097,-8.228075580999928,0.0],[114.284811619000038,-8.228079210999965,0.0],[114.285119088000101,-8.228263768999966,0.0],[114.285300665000022,-8.228396655999973,0.0],[114.28550601500001,-8.228576812999961,0.0],[114.285590977000084,-8.228615407999939,0.0],[114.285593724000023,-8.228699414999937,0.0],[114.28565440400007,-8.22882194999994,0.0],[114.285778932000085,-8.228893853999978,0.0],[114.285782671000106,-8.228894827999966,0.0],[114.286246403000064,-8.228990797999927,0.0],[114.286422627000093,-8.229051741999967,0.0],[114.286494535000088,-8.229102372999932,0.0],[114.286605824000048,-8.22911440699994,0.0],[114.286719549000054,-8.22920232499996,0.0],[114.286877773000015,-8.22926410599996,0.0],[114.286898829000052,-8.229273617999979,0.0],[114.287318441000025,-8.22948,0.0],[114.287440444000026,-8.229596432999926,0.0],[114.287597972000071,-8.229611481999939,0.0],[114.287609762000102,-8.229618427999981,0.0],[114.287804215000051,-8.229650862999961,0.0],[114.287935744000038,-8.229626545999963,0.0],[114.287947099,-8.229627664999953,0.0],[114.287961596000059,-8.229627036999943,0.0],[114.287992985000074,-8.229658058999973,0.0],[114.288061765000066,-8.22980976599996,0.0],[114.288126214000044,-8.229902916999947,0.0]]]}},
{"type":"Feature","properties":{"Name":"Tersier","Kategori":"Saluran Irigasi Tersier","DI":"Gumuk Kabat","KorSDA":"Kabat","Status":null,"DI_PERMEN":"Gumuk Ka/Ki","ID_TANAH":null},"geometry":{"type":"LineString","coordinates":[[114.28148382400002,-8.232008524999969,0.0],[114.281523973000048,-8.232181554999954,0.0],[114.281527388000086,-8.232185405999928,0.0],[114.281615370000054,-8.232277137999972,0.0],[114.281717293000042,-8.232392581999932,0.0],[114.281847962000029,-8.232582669999942,0.0],[114.281907668000031,-8.232669365999925,0.0],[114.28190686500011,-8.232766517999949,0.0],[114.281910167000092,-8.232784927999944,0.0],[114.281912378000015,-8.232787512999948,0.0],[114.281938977000095,-8.232917881999981,0.0],[114.281940625000061,-8.232925375999969,0.0],[114.281944639000017,-8.232932805999951,0.0],[114.281889438,-8.233099984999967,0.0],[114.281889229000058,-8.23310231499994,0.0],[114.281629007000106,-8.233541040999967,0.0],[114.281421916000113,-8.233888467999975,0.0],[114.281298323000101,-8.23406793099997,0.0],[114.281281489000094,-8.234160646999953,0.0],[114.281210656000098,-8.234291269999972,0.0],[114.281209902000114,-8.234298599999931,0.0],[114.281168122000054,-8.234413726999946,0.0],[114.281162617000064,-8.234423125999967,0.0],[114.281159430000116,-8.234432442999946,0.0],[114.281117736000056,-8.234571721999941,0.0],[114.281063365000023,-8.234677402999978,0.0],[114.281062917000099,-8.234681495999951,0.0],[114.281060201000059,-8.234729155999958,0.0],[114.281034164000062,-8.234776046999968,0.0],[114.281026145000055,-8.234806084999946,0.0]]}},
{"type":"Feature","properties":{"Name":"Sekunder","Kategori":"Saluran Irigasi Sekunder","DI":"Kabat","KorSDA":"Kabat","Status":null,"DI_PERMEN":null,"ID_TANAH":null},"geometry":{"type":"MultiLineString","coordinates":[[[114.28812627800005,-8.229900849999979,0.0],[114.288235450000116,-8.229804078999962,0.0],[114.288358763000019,-8.229711203999955,0.0],[114.288471939000033,-8.22954421299994,0.0],[114.288573158000077,-8.229517235999936,0.0],[114.288618751000058,-8.229466601999945,0.0],[114.288682214,-8.229464026999949,0.0],[114.288681120000092,-8.229413901999976,0.0],[114.288735729000109,-8.229397118999941,0.0],[114.288853508000102,-8.229422294999949,0.0],[114.288857969000105,-8.229423973999928,0.0],[114.288929290000056,-8.229472015999932,0.0],[114.288934020000056,-8.229471482999941,0.0],[114.289081391000082,-8.229525427999931,0.0],[114.289139508000062,-8.229525868999929,0.0],[114.28921742600005,-8.229486614999928,0.0],[114.28921901700005,-8.229487105999965,0.0],[114.289277355000081,-8.22948443699994,0.0],[114.28929774900007,-8.22948286899998,0.0]],[[114.289296842000113,-8.229481866999947,0.0],[114.289329667000061,-8.229483441999946,0.0],[114.289332520000016,-8.229481156999952,0.0],[114.289365837000105,-8.229455880999978,0.0],[114.28936735000002,-8.229453967999973,0.0],[114.289368861000071,-8.229452056999946,0.0],[114.28943003400002,-8.229399068999953,0.0],[114.28945623200002,-8.22939213799998,0.0],[114.289458038000021,-8.229392012999938,0.0],[114.289459839000074,-8.229391887999952,0.0],[114.289487054,-8.229389119999951,0.0],[114.289549346000058,-8.22937815399996,0.0],[114.289551927000048,-8.22937759399997,0.0],[114.289565526000047,-8.229358676999937,0.0],[114.289681887000029,-8.229354429999944,0.0],[114.289708039000061,-8.229334758999926,0.0],[114.289745511000092,-8.229319719999978,0.0],[114.289804038000057,-8.229319693999969,0.0],[114.289810533000036,-8.229320056999939,0.0],[114.289855202000012,-8.22931508299996,0.0],[114.289889002000109,-8.229304342999967,0.0],[114.289890482000033,-8.229304787999979,0.0],[114.289965838000057,-8.229325998999968,0.0],[114.289966973000105,-8.229327784999953,0.0],[114.290040103000024,-8.229376477999949,0.0],[114.290043310000101,-8.229381615999955,0.0],[114.290155281000011,-8.22949134199996,0.0],[114.290263464000077,-8.229528138999967,0.0],[114.290270528000065,-8.229528923999965,0.0],[114.290271891000089,-8.22952935099994,0.0],[114.290343966000023,-8.229513004999944,0.0],[114.290418009000064,-8.229505973999949,0.0],[114.290419712000016,-8.229504998999971,0.0],[114.290587446000018,-8.229492161999929,0.0],[114.29069775500011,-8.229480382999952,0.0],[114.290770973,-8.229462857999977,0.0],[114.290817804000085,-8.229465606999952,0.0],[114.290884931000051,-8.229460759999938,0.0],[114.290887947000101,-8.229461724999965,0.0],[114.290951447000111,-8.229480556999931,0.0],[114.290958612000054,-8.229482852999979,0.0],[114.290961009000057,-8.22948656899996,0.0],[114.291017174000103,-8.229491777999954,0.0],[114.291128782000101,-8.229509904999929,0.0],[114.291472184000099,-8.229660900999932,0.0],[114.291536771000096,-8.229673856999966,0.0],[114.291539772000078,-8.229673299999945,0.0],[114.291707157000019,-8.229743718999941,0.0],[114.29177246800009,-8.229762648999952,0.0]],[[114.277605861000097,-8.225382618999959,0.0],[114.277593222000064,-8.225534281999956,0.0],[114.277593583000112,-8.225541494999959,0.0],[114.277599414000065,-8.22565803699996,0.0],[114.277602322,-8.225673704999963,0.0],[114.277602433000084,-8.225675948999935,0.0],[114.27764401200011,-8.225828021999973,0.0],[114.277676408000048,-8.225947456999961,0.0],[114.277678882000032,-8.225952026999948,0.0],[114.277760207000028,-8.226049366999973,0.0],[114.277843043000075,-8.226127622999968,0.0],[114.277960675000031,-8.226173609999933,0.0],[114.277963433000082,-8.226181417999953,0.0],[114.278067804000102,-8.22625162099996,0.0],[114.278072501000111,-8.226259075999963,0.0],[114.278196457000035,-8.226493660999949,0.0],[114.278337230000034,-8.226717250999968,0.0],[114.278476641000111,-8.226859006999973,0.0],[114.278642654,-8.226916077999931,0.0],[114.278658715,-8.226921412999957,0.0],[114.278663254000094,-8.226921411999967,0.0],[114.27876290800009,-8.226976429999979,0.0],[114.278769558000022,-8.226984142999981,0.0],[114.278776219000065,-8.226986704999945,0.0],[114.278844877000097,-8.227062170999943,0.0],[114.278849378000018,-8.227069564999965,0.0],[114.278982681000116,-8.227251730999967,0.0],[114.279188785000088,-8.227360541999929,0.0],[114.279340530000013,-8.227430578999929,0.0],[114.27934588100004,-8.227620073999958,0.0],[114.279483731000028,-8.227904163999938,0.0],[114.279486189000067,-8.227907152999933,0.0],[114.279448339000055,-8.228141505999929,0.0],[114.279443650000076,-8.228158782999969,0.0],[114.279321087000085,-8.228318847999958,0.0],[114.278845387000047,-8.228739899999937,0.0],[114.278412891000016,-8.229221400999961,0.0],[114.278109418000099,-8.229579878999971,0.0],[114.278194770000027,-8.229631941999969,0.0],[114.278377243000023,-8.229706539999938,0.0],[114.27838542500001,-8.229713032999939,0.0],[114.278555128000107,-8.229810036999936,0.0],[114.278557884000065,-8.229809992999947,0.0],[114.278662025000017,-8.229930314999933,0.0],[114.278869461000113,-8.230276962999937,0.0],[114.278946476000101,-8.230353089999937,0.0],[114.278955178000047,-8.230352954999944,0.0],[114.278963865000037,-8.230357798999933,0.0],[114.279071286000089,-8.230400434999979,0.0],[114.279084045000104,-8.230405104999932,0.0],[114.279088350000052,-8.230405040999926,0.0],[114.279099022000082,-8.230407300999957,0.0],[114.279167467000093,-8.230417391999936,0.0],[114.279173798000102,-8.230419619999964,0.0],[114.27917796700001,-8.230421907999926,0.0],[114.279273354000111,-8.230490206999946,0.0],[114.279281445000038,-8.230494631999932,0.0],[114.279283149000094,-8.230499217999977,0.0],[114.279288877000113,-8.230505991999962,0.0],[114.279441151000015,-8.230599587999961,0.0],[114.279524108000032,-8.230679424999948,0.0],[114.27964582200002,-8.230752086999928,0.0],[114.279651990000048,-8.230757056999948,0.0],[114.279735969000058,-8.230849669999941,0.0],[114.279741591000061,-8.230856783999968,0.0],[114.279749338000101,-8.230863885999952,0.0],[114.279871822000018,-8.23096222199996,0.0],[114.279879569000059,-8.230966602999956,0.0],[114.279917911000098,-8.231023531999938,0.0],[114.279919871000061,-8.231025926999962,0.0],[114.279960620000111,-8.23105395999994,0.0],[114.280116478000082,-8.23113258099994,0.0],[114.28028279800003,-8.231266482999956,0.0],[114.280492292000076,-8.231288758999938,0.0],[114.280585854000037,-8.231366503999936,0.0],[114.280584003000058,-8.231369986999937,0.0],[114.280550572000038,-8.231444051999972,0.0],[114.280547200000115,-8.231448966999949,0.0],[114.280543728000112,-8.231455462999975,0.0],[114.280542793000109,-8.231510153999977,0.0],[114.280549942000107,-8.231513016999941,0.0],[114.280554249000033,-8.231514425999933,0.0],[114.28059135500007,-8.231543647999956,0.0],[114.28059810700006,-8.23154944099997,0.0],[114.280605122000111,-8.23155223599997,0.0],[114.280686293000031,-8.231579671999953,0.0],[114.280694442000026,-8.231583844999932,0.0],[114.280698802000074,-8.231583741999941,0.0],[114.280862520000028,-8.231650792999972,0.0],[114.281010827000046,-8.23168631599998,0.0],[114.281248753000114,-8.231719281999972,0.0],[114.28137042100002,-8.231764326999951,0.0],[114.281477197000072,-8.231810648999954,0.0],[114.281489473000079,-8.231874801999936,0.0],[114.281488522000018,-8.231880212999954,0.0],[114.281487259000073,-8.23188739699998,0.0],[114.281487859000094,-8.231975622999926,0.0],[114.281485724000049,-8.231987408999942,0.0],[114.281485117000102,-8.231990758999927,0.0],[114.281485703000044,-8.232013859999938,0.0]],[[114.277719130000037,-8.225276421999979,0.0],[114.277814142000011,-8.225257349999936,0.0],[114.277865139000028,-8.225240369999938,0.0],[114.277866880000033,-8.225240397999926,0.0],[114.277960833000066,-8.225239085999931,0.0],[114.277964230000066,-8.225240087999964,0.0],[114.277965026000061,-8.22524104699994,0.0],[114.27806320000002,-8.225285253999971,0.0],[114.278213890000075,-8.225432749999925,0.0],[114.27837231400008,-8.225642419999929,0.0],[114.278504311,-8.22572409199995,0.0],[114.278518451000082,-8.22572953699995,0.0],[114.278523131000043,-8.225731337999946,0.0],[114.278653346000056,-8.225772347999964,0.0],[114.278945849000024,-8.225878187999967,0.0],[114.2790913340001,-8.225916928999936,0.0],[114.279200284000012,-8.226040481999974,0.0],[114.279208795000045,-8.226046760999964,0.0],[114.279376535000097,-8.226180742999929,0.0],[114.27968550300011,-8.22639269299998,0.0],[114.279904828000099,-8.226650939999956,0.0],[114.280084103000036,-8.226905724999938,0.0],[114.280280135000112,-8.227325309999969,0.0],[114.280418852000025,-8.227500868999925,0.0],[114.280491367000081,-8.227629416999946,0.0],[114.280566781000061,-8.22780570599997,0.0],[114.280566710000016,-8.227813725999965,0.0],[114.280566567000051,-8.227829747999976,0.0],[114.280602532000103,-8.227945883999951,0.0],[114.280603297000084,-8.227951357999927,0.0],[114.280707766000091,-8.228137803999971,0.0],[114.280906108000067,-8.228183025999954,0.0],[114.280919423000114,-8.228179037999951,0.0],[114.281247367000105,-8.228106496999942,0.0],[114.281363486000032,-8.228003644999944,0.0],[114.281364394000093,-8.227994021999962,0.0],[114.281436380000059,-8.227983355999982,0.0],[114.281446839000068,-8.227987237999969,0.0],[114.281884738000031,-8.228554048999968,0.0],[114.282198401000073,-8.228808146999938,0.0],[114.282434161000083,-8.22915656999993,0.0],[114.282541614000024,-8.229321795999965,0.0],[114.282546628000091,-8.229323417999979,0.0],[114.282752059000018,-8.229354355999931,0.0],[114.282781688000114,-8.229348873999982,0.0],[114.282977636000055,-8.229249333999974,0.0],[114.283097314000088,-8.229172484999935,0.0],[114.283389656000054,-8.229034589999969,0.0],[114.283577515000047,-8.229020734999949,0.0],[114.28380565100008,-8.229043400999956,0.0],[114.28408252600002,-8.228958142999943,0.0],[114.28426626800001,-8.228797003999944,0.0],[114.284284644000081,-8.228777591999972,0.0],[114.284276110000064,-8.228572543999974,0.0],[114.284474351000085,-8.228325360999975,0.0],[114.284483994000084,-8.228313587999935,0.0],[114.284601098000053,-8.228137881999942,0.0],[114.28461079200008,-8.228126423999981,0.0],[114.284791672000097,-8.228075580999928,0.0],[114.284811619000038,-8.228079210999965,0.0],[114.285119088000101,-8.228263768999966,0.0],[114.285300665000022,-8.228396655999973,0.0],[114.28550601500001,-8.228576812999961,0.0],[114.285590977000084,-8.228615407999939,0.0],[114.285593724000023,-8.228699414999937,0.0],[114.28565440400007,-8.22882194999994,0.0],[114.285778932000085,-8.228893853999978,0.0],[114.285782671000106,-8.228894827999966,0.0],[114.286246403000064,-8.228990797999927,0.0],[114.286422627000093,-8.229051741999967,0.0],[114.286494535000088,-8.229102372999932,0.0],[114.286605824000048,-8.22911440699994,0.0],[114.286719549000054,-8.22920232499996,0.0],[114.286877773000015,-8.22926410599996,0.0],[114.286898829000052,-8.229273617999979,0.0],[114.287318441000025,-8.22948,0.0],[114.287440444000026,-8.229596432999926,0.0],[114.287597972000071,-8.229611481999939,0.0],[114.287609762000102,-8.229618427999981,0.0],[114.287804215000051,-8.229650862999961,0.0],[114.287935744000038,-8.229626545999963,0.0],[114.287947099,-8.229627664999953,0.0],[114.287961596000059,-8.229627036999943,0.0],[114.287992985000074,-8.229658058999973,0.0],[114.288061765000066,-8.22980976599996,0.0],[114.288126214000044,-8.229902916999947,0.0]]]}},
{"type":"Feature","properties":{"Name":"Tersier","Kategori":"Saluran Irigasi Tersier","DI":"Kabat","KorSDA":"Kabat","Status":null,"DI_PERMEN":null,"ID_TANAH":null},"geometry":{"type":"LineString","coordinates":[[114.28148382400002,-8.232008524999969,0.0],[114.281523973000048,-8.232181554999954,0.0],[114.281527388000086,-8.232185405999928,0.0],[114.281615370000054,-8.232277137999972,0.0],[114.281717293000042,-8.232392581999932,0.0],[114.281847962000029,-8.232582669999942,0.0],[114.281907668000031,-8.232669365999925,0.0],[114.28190686500011,-8.232766517999949,0.0],[114.281910167000092,-8.232784927999944,0.0],[114.281912378000015,-8.232787512999948,0.0],[114.281938977000095,-8.232917881999981,0.0],[114.281940625000061,-8.232925375999969,0.0],[114.281944639000017,-8.232932805999951,0.0],[114.281889438,-8.233099984999967,0.0],[114.281889229000058,-8.23310231499994,0.0],[114.281629007000106,-8.233541040999967,0.0],[114.281421916000113,-8.233888467999975,0.0],[114.281298323000101,-8.23406793099997,0.0],[114.281281489000094,-8.234160646999953,0.0],[114.281210656000098,-8.234291269999972,0.0],[114.281209902000114,-8.234298599999931,0.0],[114.281168122000054,-8.234413726999946,0.0],[114.281162617000064,-8.234423125999967,0.0],[114.281159430000116,-8.234432442999946,0.0],[114.281117736000056,-8.234571721999941,0.0],[114.281063365000023,-8.234677402999978,0.0],[114.281062917000099,-8.234681495999951,0.0],[114.281060201000059,-8.234729155999958,0.0],[114.281034164000062,-8.234776046999968,0.0],[114.281026145000055,-8.234806084999946,0.0]]}},
{"type":"Feature","properties":{"Name":"Sekunder Karim","Kategori":"Saluran Irigasi Sekunder","DI":"Karim","KorSDA":"Kabat","Status":null,"DI_PERMEN":"Karim","ID_TANAH":null},"geometry":{"type":"LineString","coordinates":[[114.342841204000024,-8.258723042999975,0.0],[114.342866312000069,-8.258704984999952,0.0],[114.342897817000107,-8.258704420999948,0.0],[114.342938781000043,-8.258709316999955,0.0],[114.342993713000055,-8.258727305999969,0.0],[114.34306829500008,-8.25874405299993,0.0],[114.34312421300001,-8.258747420999953,0.0],[114.343156490000069,-8.258737075999932,0.0],[114.343184676000078,-8.258711720999941,0.0],[114.343229727000107,-8.25869225799994,0.0],[114.343270135000012,-8.25866999699997,0.0],[114.343310738000014,-8.258645242999933,0.0],[114.343361703000028,-8.258611192999979,0.0],[114.343405695000115,-8.258569318999946,0.0],[114.343444460000114,-8.258534489999931,0.0],[114.343477034000102,-8.258474616999933,0.0],[114.343516485,-8.258427371999971,0.0],[114.343541159000097,-8.258379269999978,0.0],[114.343548754000039,-8.258327731999941,0.0],[114.343560274000083,-8.258296177999966,0.0],[114.343551622000064,-8.258273451999969,0.0],[114.343533186000059,-8.258250225999973,0.0],[114.343502606000015,-8.258223930999975,0.0],[114.343479014000081,-8.258205437999948,0.0],[114.343462822000106,-8.25818733899996,0.0],[114.343476847000034,-8.258158444999935,0.0],[114.343524707000029,-8.258099180999977,0.0],[114.34359237700005,-8.257996513999956,0.0],[114.343654132000097,-8.257910795999976,0.0],[114.343697648000102,-8.257841458999962,0.0],[114.343718919000025,-8.257815369999946,0.0],[114.343740745000105,-8.257779475999939,0.0],[114.343756667000093,-8.25776051899993,0.0],[114.343790992000095,-8.257766914999934,0.0],[114.34383872300009,-8.257800961999976,0.0],[114.344015665000029,-8.257892715999958,0.0],[114.344135124000104,-8.257958112999972,0.0],[114.344189052000047,-8.25798313599995,0.0],[114.344242497000096,-8.25801809099994,0.0],[114.34426428300003,-8.258034087999931,0.0],[114.344277651000084,-8.258067070999971,0.0],[114.344280734000108,-8.258104516999936,0.0],[114.344299120000073,-8.258137760999944,0.0],[114.344326899000066,-8.258183917999929,0.0],[114.344390704000034,-8.258264259999976,0.0],[114.344448104000094,-8.258366991999935,0.0],[114.344490448000101,-8.258432296999956,0.0],[114.344553067000106,-8.258504247999952,0.0],[114.344659708000108,-8.25861568299996,0.0],[114.344756761000099,-8.258705660999965,0.0],[114.344792783000116,-8.258780823999928,0.0],[114.344802705,-8.258786738999959,0.0],[114.344867049000072,-8.258900288999939,0.0],[114.344938784000078,-8.258983371999932,0.0],[114.345007682000073,-8.259112800999958,0.0],[114.345096460000036,-8.259186697999951,0.0],[114.345187039000052,-8.259234861999971,0.0],[114.345303580000063,-8.259284977999926,0.0],[114.345402591000038,-8.259289528999943,0.0],[114.345495717000063,-8.259276166999939,0.0],[114.345563947000073,-8.259280921999959,0.0],[114.345605124000031,-8.259358213999974,0.0],[114.34565512100005,-8.259455574999947,0.0],[114.345709952000107,-8.259547951999934,0.0],[114.345756798000025,-8.25959544799997,0.0],[114.345833735000042,-8.259620617999929,0.0],[114.345993702000101,-8.259642062999944,0.0],[114.346131408000019,-8.25962274799997,0.0],[114.3462561,-8.25960437699996,0.0],[114.346341464000034,-8.259608236999952,0.0],[114.346409750000021,-8.259638493999944,0.0],[114.346486257000038,-8.259673361999944,0.0],[114.346566708000069,-8.259731036999938,0.0],[114.346642774000088,-8.259761229999981,0.0],[114.346697815000084,-8.259767990999933,0.0],[114.346791133000011,-8.259771819999969,0.0],[114.346885261000011,-8.259748563999949,0.0],[114.347044198000049,-8.259718719999967,0.0],[114.347118371000079,-8.259685437999963,0.0],[114.347159500000089,-8.25962780499998,0.0],[114.347185269000079,-8.259532208999929,0.0],[114.347198265000088,-8.259434947999978,0.0],[114.347254538000016,-8.259352698999976,0.0],[114.347379978000049,-8.259306032999973,0.0],[114.347482208000088,-8.259291469999937,0.0],[114.347605492000071,-8.259296898999935,0.0],[114.347692584000015,-8.259315049999941,0.0],[114.347793164000109,-8.25932901799996,0.0],[114.347969253000088,-8.259389071999976,0.0],[114.348136651000118,-8.259435270999973,0.0],[114.348276413,-8.259485019999943,0.0],[114.348396419000096,-8.259585092999941,0.0],[114.348493252000026,-8.259687158999952,0.0],[114.348581193000086,-8.259750654999948,0.0],[114.348677875000021,-8.25988155899995,0.0],[114.348698807,-8.259956572999954,0.0],[114.348691218000113,-8.260034489999953,0.0],[114.348697233000053,-8.260147487999973,0.0],[114.348716146000015,-8.26024498299995,0.0],[114.348800350000033,-8.260309442999926,0.0],[114.348881601000016,-8.260345490999953,0.0],[114.348972343000014,-8.260399174999975,0.0],[114.348982985000021,-8.260405815999945,0.0],[114.349052961000098,-8.260440628999959,0.0],[114.349110604000089,-8.260485231999951,0.0],[114.349161020000111,-8.260545928999932,0.0],[114.349303262000035,-8.260648948999972,0.0],[114.349359323000044,-8.260710228999926,0.0],[114.349417679000112,-8.260805388999927,0.0],[114.349439035000046,-8.260874677999936,0.0],[114.349466047000078,-8.261000465999928,0.0],[114.349460621000048,-8.261111765999942,0.0],[114.349406601000055,-8.261257427999965,0.0],[114.349379911000028,-8.261355443999946,0.0],[114.349361568000063,-8.261426323999956,0.0],[114.349353313000051,-8.261509366999974,0.0],[114.349373593000109,-8.261589636999929,0.0],[114.349429674000021,-8.261651068999981,0.0],[114.349491937000039,-8.261707541999954,0.0],[114.349578277000091,-8.261749584999961,0.0],[114.349663545000112,-8.261802723999949,0.0],[114.349766779000106,-8.26184644999995,0.0],[114.349864397000033,-8.26188960099995,0.0],[114.349921626000082,-8.261939964999954,0.0],[114.349994563000109,-8.262003057999948,0.0],[114.350055190000035,-8.262076149999928,0.0],[114.350154310000107,-8.262164474999963,0.0],[114.35024128200007,-8.262206984999978,0.0],[114.350351996000086,-8.262240682999959,0.0],[114.350441309000075,-8.26226098099994,0.0],[114.350548615000093,-8.262271773999942,0.0],[114.350659945000075,-8.262237767999977,0.0],[114.350794682000014,-8.262200562999965,0.0],[114.350905898000065,-8.262172267999972,0.0],[114.351058900000112,-8.262125566999941,0.0],[114.351134722000097,-8.262110593999978,0.0],[114.351267699,-8.26210714299998,0.0],[114.351358346000097,-8.262133390999963,0.0],[114.351419037000028,-8.262206689999971,0.0],[114.351509656000076,-8.262227572999961,0.0],[114.351646114,-8.262256881999974,0.0],[114.351765736000061,-8.262288918999957,0.0],[114.351869228000055,-8.262315301999934,0.0],[114.351944902000014,-8.262322026999925,0.0],[114.352037688000109,-8.262330351999935,0.0],[114.352106574000118,-8.262323814999945,0.0],[114.35219596200011,-8.26232760299996,0.0],[114.35225239600004,-8.26231990499997,0.0],[114.352331451000055,-8.262301427999944,0.0],[114.352433346000112,-8.262314805999949,0.0],[114.352500863000046,-8.262329388999945,0.0],[114.352562945000045,-8.262356322999949,0.0],[114.352611771000056,-8.26238651999995,0.0],[114.352655922000054,-8.262420566999936,0.0],[114.352706925,-8.262429618999931,0.0],[114.352757965000023,-8.262438676999977,0.0],[114.352879024000117,-8.262441478999961,0.0],[114.353072235000013,-8.262463870999966,0.0],[114.353154148000044,-8.262471550999976,0.0],[114.353261843000041,-8.262481782999942,0.0],[114.353343679000091,-8.262489602999949,0.0],[114.353432881000117,-8.262511013999926,0.0],[114.353556209000089,-8.262539993999951,0.0],[114.353691712000114,-8.262578749999932,0.0]]}},
{"type":"Feature","properties":{"Name":"Tersier PA 1 Ki Karim","Kategori":"Saluran Irigasi Tersier","DI":"Karim","KorSDA":"Kabat","Status":null,"DI_PERMEN":"Karim","ID_TANAH":null},"geometry":{"type":"LineString","coordinates":[[114.35147079,-8.262154658999975,0.0],[114.351504795000096,-8.262127543999952,0.0],[114.351560516000063,-8.262117105999948,0.0],[114.351627492000034,-8.262112653999964,0.0],[114.351694616000032,-8.26210819399995,0.0],[114.3517560680001,-8.262112627999954,0.0],[114.351822378000065,-8.26211759499995,0.0],[114.351872834,-8.262116013999957,0.0],[114.351951514,-8.262117583999952,0.0],[114.352025749000063,-8.262118634999979,0.0],[114.352087571000084,-8.262125498999978,0.0],[114.35214114300004,-8.262121806999971,0.0],[114.35219169100003,-8.262124985999947,0.0],[114.352249334000021,-8.262131352999972,0.0],[114.352308738000033,-8.262145170999929,0.0],[114.352361594000058,-8.262153439999963,0.0],[114.352411621000101,-8.262166251999929,0.0],[114.352453946000082,-8.262183081999979,0.0],[114.352493927000069,-8.262199674999977,0.0],[114.35254374100009,-8.262217390999979,0.0],[114.352579824000031,-8.262248201999967,0.0],[114.352638958000057,-8.262293777999957,0.0],[114.352678603000072,-8.26231527799996,0.0],[114.352742489000093,-8.262341952999975,0.0]]}},
{"type":"Feature","properties":{"Name":"Tersier PA 1 Ka Karim","Kategori":"Saluran Irigasi Tersier","DI":"Karim","KorSDA":"Kabat","Status":null,"DI_PERMEN":"Karim","ID_TANAH":null},"geometry":{"type":"LineString","coordinates":[[114.351460496000072,-8.262187088999951,0.0],[114.351512544000116,-8.262239972999964,0.0],[114.351561898000114,-8.262266418999957,0.0],[114.351605433000032,-8.262278034999952,0.0],[114.351672280000116,-8.262292069999944,0.0],[114.351729523000017,-8.262309874999971,0.0],[114.35180510400005,-8.262334351999925,0.0],[114.351917471000093,-8.262369707999937,0.0],[114.352018194000038,-8.262406297999974,0.0],[114.35209743900009,-8.262445421999928,0.0],[114.352170948000094,-8.262472109999976,0.0],[114.352223813000023,-8.262491913999952,0.0],[114.352275723000048,-8.262521142999958,0.0],[114.352316063000103,-8.262546783999937,0.0],[114.352351664000025,-8.262571924999975,0.0],[114.35241634800002,-8.262595439999927,0.0],[114.352520054000024,-8.262637419999976,0.0],[114.352588891000096,-8.262668592999944,0.0],[114.352582832000053,-8.262717629999941,0.0],[114.352577536000013,-8.262799438999934,0.0]]}},
{"type":"Feature","properties":{"Name":"Tersier PA 2 Ka Karim","Kategori":"Saluran Irigasi Tersier","DI":"Karim","KorSDA":"Kabat","Status":null,"DI_PERMEN":"Karim","ID_TANAH":null},"geometry":{"type":"LineString","coordinates":[[114.353673084000093,-8.262642964999941,0.0],[114.353667503000111,-8.262686449999933,0.0],[114.35364512600006,-8.262762925999937,0.0],[114.353633877000107,-8.262818382999967,0.0],[114.353623239000058,-8.26286923899994,0.0],[114.353615668000089,-8.262928831999943,0.0],[114.353596803000073,-8.263012249999974,0.0],[114.353579687000092,-8.263082397999938,0.0],[114.353579890000105,-8.263146009999957,0.0],[114.353577634000089,-8.263196282999957,0.0],[114.353582018000111,-8.263226213999928,0.0],[114.353605389000109,-8.263266854999927,0.0],[114.353661524000017,-8.263274147999937,0.0],[114.353728569000054,-8.26329119199994,0.0],[114.353787587000056,-8.263306991999968,0.0],[114.35382538500005,-8.263328347999959,0.0],[114.353837899000041,-8.263383613999963,0.0],[114.353825861000018,-8.263439553999945,0.0],[114.353816733000031,-8.263503626999977,0.0],[114.35382010100011,-8.263564784999971,0.0],[114.353814434000014,-8.263632403999964,0.0],[114.353814420000049,-8.263688295999941,0.0],[114.353817200000094,-8.263752107999949,0.0],[114.353812160000075,-8.263814473999957,0.0],[114.35379827600002,-8.263883052999972,0.0],[114.353788920000056,-8.263947790999964,0.0],[114.353787925,-8.264036100999931,0.0],[114.353777066000021,-8.264110887999948,0.0],[114.353780492000055,-8.264194378999946,0.0],[114.353786574000083,-8.26425880599993,0.0],[114.353841920000036,-8.264303205999965,0.0],[114.354087452000044,-8.264320173999977,0.0],[114.354225982000116,-8.264319035999961,0.0],[114.354493553000111,-8.264345798999955,0.0],[114.354728659000102,-8.26437627699994,0.0],[114.35484185700011,-8.264384320999966,0.0],[114.355081149000057,-8.264406561999976,0.0],[114.355488500000092,-8.264450070999942,0.0],[114.355924360000017,-8.264501520999943,0.0],[114.356026884000016,-8.264502094999955,0.0]]}},
{"type":"Feature","properties":{"Name":"Tersier PA 2 Ki Karim","Kategori":"Saluran Irigasi Tersier","DI":"Karim","KorSDA":"Kabat","Status":null,"DI_PERMEN":"Karim","ID_TANAH":null},"geometry":{"type":"LineString","coordinates":[[114.353690969000013,-8.262563081999929,0.0],[114.353715752000085,-8.262538838999944,0.0],[114.353743432000101,-8.262512048999952,0.0],[114.353753159,-8.262469863999968,0.0],[114.353754814000013,-8.262429284999939,0.0],[114.353757054000084,-8.262371844999961,0.0],[114.353767058000017,-8.262322800999925,0.0],[114.353777050000076,-8.262276079999936,0.0],[114.353782005000085,-8.262219899999934,0.0],[114.353784718000043,-8.262151355999947,0.0],[114.353790355000115,-8.262079244999939,0.0],[114.353808695000112,-8.262039835999929,0.0],[114.353867333000039,-8.26204235299997,0.0],[114.353929140000105,-8.262039250999976,0.0],[114.353998856000089,-8.262045483999941,0.0],[114.354060264000054,-8.262050916999954,0.0],[114.35411294700009,-8.262061500999948,0.0],[114.354173793000086,-8.262075763999974,0.0],[114.354226224000058,-8.262089276999973,0.0],[114.354276088,-8.262099730999978,0.0],[114.35430967100001,-8.26210287899994,0.0],[114.354354465000029,-8.262107078999975,0.0],[114.35440207900001,-8.262111542999946,0.0],[114.354453428000056,-8.262107448999927,0.0],[114.35452671500002,-8.262111342999958,0.0],[114.354594127000041,-8.262117659999944,0.0],[114.354662810000036,-8.26215968799994,0.0],[114.354723316000104,-8.262174228999982,0.0],[114.354784952000045,-8.262180015999945,0.0],[114.354847041000085,-8.262182891999942,0.0],[114.35489726000003,-8.262190329999953,0.0],[114.354961457000059,-8.262237099999936,0.0]]}},
{"type":"Feature","properties":{"Name":"Saluran Sekunder","Kategori":"Saluran Irigasi Sekunder","DI":"Kayangan","KorSDA":"Kabat","Status":null,"DI_PERMEN":"Kayangan","ID_TANAH":null},"geometry":{"type":"LineString","coordinates":[[114.244962102000045,-8.203466098999968,0.0],[114.244993539,-8.203511728999956,0.0],[114.245011908000038,-8.203544420999947,0.0],[114.245050464000087,-8.203577564999932,0.0],[114.245092974000045,-8.203595690999975,0.0],[114.245124208000107,-8.203591888999938,0.0],[114.245162960000016,-8.20357841699996,0.0],[114.245170796000025,-8.203571624999938,0.0],[114.245176138000033,-8.203568053999959,0.0],[114.24519647000011,-8.203545127999973,0.0],[114.245244244000105,-8.203533432999961,0.0],[114.245284224000102,-8.203528534999975,0.0],[114.245337804000087,-8.203539539999952,0.0],[114.245380001000058,-8.203551961999949,0.0],[114.245449142000098,-8.203569924999954,0.0],[114.245498623000117,-8.203593251999962,0.0],[114.245555322000087,-8.203627489999974,0.0],[114.245608293000032,-8.203703317999953,0.0],[114.245630689000109,-8.203768134999962,0.0],[114.245634138000014,-8.203870302999974,0.0],[114.245634484000107,-8.203873190999957,0.0],[114.245617982000113,-8.203930708999962,0.0],[114.245613601000059,-8.203942911999945,0.0],[114.245575595000105,-8.203991100999929,0.0],[114.245573063000052,-8.203994309999928,0.0],[114.245517555000106,-8.204041471999972,0.0],[114.245461720000094,-8.204085672999952,0.0],[114.245422491000113,-8.204122112999926,0.0],[114.245417108000083,-8.20412562599995,0.0],[114.24534402200004,-8.204168686999935,0.0],[114.245283678000078,-8.204195726999956,0.0],[114.245272967,-8.204202720999945,0.0],[114.245267955000031,-8.204209080999931,0.0],[114.245203614000047,-8.204248055999926,0.0],[114.245192966000104,-8.204255017999969,0.0],[114.245139103000042,-8.20428407199995,0.0],[114.245093080000061,-8.204329549999954,0.0],[114.245085650000078,-8.204339020999953,0.0],[114.245080352000059,-8.204342482999948,0.0],[114.245047503000023,-8.20437777799998,0.0],[114.245041770000057,-8.204424525999968,0.0],[114.245074788000011,-8.204461359999925,0.0],[114.245145290000096,-8.204476952999926,0.0],[114.245154115000105,-8.204478904999974,0.0],[114.245210636000024,-8.204496031999952,0.0],[114.245277151000096,-8.204523712999958,0.0],[114.245337676000076,-8.204572333999977,0.0],[114.24537585600001,-8.204626228999928,0.0],[114.245409740000014,-8.204692166999962,0.0],[114.245435773000054,-8.204742763999946,0.0],[114.245442985000068,-8.204786769999941,0.0],[114.245443705000071,-8.204791161999935,0.0],[114.245452682000064,-8.204845938999938,0.0],[114.245471134000013,-8.204905968999981,0.0],[114.245473957000058,-8.204910060999964,0.0],[114.245500393000043,-8.20495335499993,0.0],[114.245503562000067,-8.204959604999942,0.0],[114.245529581000028,-8.204987373999927,0.0],[114.24557457100002,-8.205012822999947,0.0],[114.245618584000113,-8.20501855599997,0.0],[114.245674222000048,-8.205029518999936,0.0],[114.245678464000093,-8.205029010999965,0.0],[114.245704912000065,-8.205032459999927,0.0],[114.245754143000113,-8.205028784999968,0.0],[114.245783979000066,-8.205025221999961,0.0],[114.245798915000023,-8.205023438999945,0.0],[114.245830008000098,-8.205013090999955,0.0],[114.245864826000115,-8.204997848999938,0.0],[114.245891776,-8.204987960999972,0.0],[114.245939064000027,-8.204966716999934,0.0],[114.245973567000078,-8.204946959999972,0.0],[114.246019001000036,-8.204925823999929,0.0],[114.246071998000048,-8.204926107999938,0.0],[114.24617369900011,-8.204924993999953,0.0],[114.246176179000031,-8.204926934999946,0.0],[114.246221668000089,-8.204934897999976,0.0],[114.246260938000091,-8.204945868999971,0.0],[114.246290706000082,-8.204969193999943,0.0],[114.246306525000023,-8.205025297999953,0.0],[114.24631936500009,-8.20507717299995,0.0],[114.246335172000045,-8.205135358999939,0.0],[114.246351335000099,-8.205177947999971,0.0],[114.246383983000101,-8.205209823999951,0.0],[114.246388890000048,-8.20521372099995,0.0],[114.246431027000085,-8.205231272999981,0.0],[114.246440088000099,-8.205232495999951,0.0],[114.246492623000108,-8.205242290999934,0.0],[114.246552778000023,-8.205258004999962,0.0],[114.246562173000029,-8.205261446999941,0.0],[114.246619599000041,-8.205270849999977,0.0],[114.246680950000041,-8.205273167999962,0.0],[114.246740579000061,-8.205277955999975,0.0],[114.246820837000087,-8.205268244999957,0.0],[114.246869486000037,-8.205265250999958,0.0],[114.246921847000067,-8.205267668999966,0.0],[114.246930403000079,-8.205266638999944,0.0],[114.246973214000036,-8.205261482999958,0.0],[114.247047356000053,-8.205255191999981,0.0],[114.247098333000054,-8.205272113999968,0.0],[114.247139646000051,-8.205304831999968,0.0],[114.247156302,-8.205349368999975,0.0],[114.247183426000106,-8.205383939999933,0.0],[114.24721213600003,-8.205406705999962,0.0],[114.247238915000025,-8.205435661999957,0.0],[114.247253983000064,-8.205486536999956,0.0],[114.247262236000097,-8.205529403999947,0.0],[114.247265131000063,-8.205599100999962,0.0],[114.247263013000065,-8.205651772999943,0.0],[114.24725416800004,-8.205722566999953,0.0],[114.247261735000052,-8.205762400999959,0.0],[114.247269842000037,-8.205831223999951,0.0],[114.247271056000045,-8.205865935999952,0.0],[114.247279972000115,-8.205917230999944,0.0],[114.247283824000078,-8.205925529999945,0.0],[114.247284500000092,-8.205931262999968,0.0],[114.247298761000025,-8.205979105999972,0.0],[114.247305458000028,-8.20598711699995,0.0],[114.247333958000013,-8.206033536999939,0.0],[114.247337143000095,-8.20603611599995,0.0],[114.247364335000043,-8.206071119999933,0.0],[114.247367863000022,-8.20607657499994,0.0],[114.247387264000054,-8.206118169999968,0.0],[114.247397775000081,-8.206162870999947,0.0],[114.247395563000055,-8.206218596999975,0.0],[114.247349229000065,-8.206260383999961,0.0],[114.247265169000116,-8.206337012999938,0.0],[114.247190187000115,-8.206377226999962,0.0],[114.247080187000051,-8.206431897999948,0.0],[114.247027606000074,-8.206473301999949,0.0],[114.246957167,-8.206502465999961,0.0],[114.246914121000032,-8.206546936999928,0.0],[114.246945819000075,-8.206623813999954,0.0],[114.246990760000017,-8.20668649299995,0.0],[114.247028548000117,-8.206730372999971,0.0],[114.247065311000028,-8.206797429999938,0.0],[114.247070584000085,-8.206806064999967,0.0],[114.247096217000035,-8.206844496999963,0.0],[114.247120440000117,-8.206929935999938,0.0],[114.247147713000118,-8.206981490999965,0.0],[114.247161801000061,-8.207053230999975,0.0],[114.247158551000098,-8.207058338999957,0.0],[114.247166764000099,-8.207116570999972,0.0],[114.24718348600004,-8.207198515999949,0.0],[114.247194293,-8.207266817999937,0.0],[114.2472023360001,-8.207323478999967,0.0],[114.247218400000065,-8.207386073999942,0.0],[114.247227222000106,-8.207423511999934,0.0],[114.247232694000104,-8.207435619999956,0.0],[114.247265931000015,-8.207482408999965,0.0],[114.247311404000016,-8.207565374999945,0.0],[114.247339950000082,-8.20760794499995,0.0],[114.247372682000105,-8.20765397699995,0.0],[114.24739291000003,-8.207693032999941,0.0],[114.247403216000066,-8.207745473999978,0.0],[114.247409907000019,-8.207798331999982,0.0],[114.247366615000033,-8.207816073999936,0.0],[114.247322466000014,-8.207825652999929,0.0],[114.247233290000054,-8.207861185999946,0.0],[114.247205002000101,-8.207872794999957,0.0],[114.247168910000028,-8.207881272999941,0.0],[114.247127523000017,-8.207878228999959,0.0],[114.247077131000083,-8.207864145999963,0.0],[114.247029194000106,-8.207841644999974,0.0],[114.246990724000057,-8.207785236999939,0.0],[114.246945613000094,-8.207758163999927,0.0],[114.246892859000013,-8.207752623999966,0.0],[114.246850803000029,-8.207766247999928,0.0],[114.246830956000053,-8.20780147399995,0.0],[114.246824666000066,-8.207850982999958,0.0],[114.246833342000059,-8.207902271999956,0.0],[114.246834672000091,-8.207910130999949,0.0],[114.246844603000113,-8.207968803999961,0.0],[114.246855378000078,-8.208011106999948,0.0],[114.246856032000096,-8.208014979999973,0.0],[114.246844899000052,-8.208055645999934,0.0],[114.246859773000097,-8.208100849999937,0.0],[114.246891178000055,-8.208116729999972,0.0],[114.2469585340001,-8.208132421999949,0.0],[114.24702013700005,-8.20815657199995,0.0],[114.24703433600007,-8.208154984999965,0.0],[114.247066939000092,-8.208155226999963,0.0],[114.247095452000053,-8.208152044999963,0.0],[114.247147371000096,-8.208134546999929,0.0],[114.247220985000013,-8.208138034999934,0.0],[114.24731208500009,-8.208159185999932,0.0],[114.247401754000066,-8.208192775999976,0.0],[114.2474617150001,-8.208231526999953,0.0],[114.247495840000056,-8.208286046999945,0.0],[114.247482479000041,-8.208359056999939,0.0],[114.247478415000046,-8.208366005999949,0.0],[114.247461908000105,-8.208406716999946,0.0],[114.247456778000014,-8.208418602999927,0.0],[114.247433086000115,-8.208480858999962,0.0],[114.24742586800005,-8.20854905799996,0.0],[114.247390555000038,-8.208631197999978,0.0],[114.247406401000035,-8.208721906999926,0.0],[114.247421578000058,-8.208791735999966,0.0],[114.247420528000021,-8.208796581999934,0.0],[114.247444339000026,-8.208860620999928,0.0],[114.24746101900007,-8.208887415999925,0.0],[114.24747556300008,-8.208969169999932,0.0],[114.247500683000112,-8.209022116999961,0.0],[114.247546581000051,-8.209085327999958,0.0],[114.247588011000062,-8.209142176999933,0.0],[114.247620998000116,-8.209207332999938,0.0],[114.247639351000089,-8.209246984999936,0.0],[114.247639632000073,-8.209289389999981,0.0],[114.247619512000028,-8.209314911999968,0.0],[114.247589847000086,-8.209350968999956,0.0],[114.247554429000047,-8.20938766699993,0.0],[114.247517060000064,-8.209425729999964,0.0],[114.247471138000037,-8.209461489999967,0.0],[114.247407782000096,-8.209484911999937,0.0],[114.247353365000095,-8.209526489999973,0.0],[114.247312635000071,-8.209554396999977,0.0],[114.24727408900003,-8.209580612999957,0.0],[114.247210881000115,-8.209623603999944,0.0],[114.247172990000081,-8.209676108999929,0.0],[114.247144178000099,-8.209722367999973,0.0],[114.247131718000105,-8.209764157999928,0.0],[114.247173452000084,-8.209832764999931,0.0],[114.247178578000103,-8.209835996999971,0.0],[114.24721316900002,-8.209876546999965,0.0],[114.247251109000103,-8.209921916999974,0.0],[114.247270421000053,-8.209952825999949,0.0],[114.247294915000111,-8.209997155999929,0.0],[114.247309567000116,-8.210051359999966,0.0],[114.247323436000102,-8.210109427999953,0.0],[114.24734920700007,-8.210186559999954,0.0],[114.247349911000015,-8.210192808999977,0.0],[114.247359565000011,-8.21023998499993,0.0],[114.247357795000084,-8.210290941999972,0.0],[114.247356024000055,-8.210341946999961,0.0],[114.247366385000078,-8.210395468999934,0.0],[114.247395824000023,-8.210440498999958,0.0],[114.247440864000055,-8.21047896999994,0.0],[114.247488247000092,-8.210515955999938,0.0],[114.247532518000071,-8.210561521999978,0.0],[114.247557002,-8.210602961999939,0.0],[114.247558444000106,-8.210605402999931,0.0],[114.247577213000113,-8.210637167999948,0.0],[114.247597466000116,-8.210671446999982,0.0],[114.247626796000077,-8.210700204999966,0.0],[114.247660543000052,-8.210739679999961,0.0],[114.247662045000084,-8.210742105999941,0.0],[114.247684764000041,-8.210785249999958,0.0],[114.247697234000043,-8.210821249999981,0.0],[114.247705099000086,-8.210833084999933,0.0],[114.247711389000074,-8.210842550999928,0.0],[114.247735635000026,-8.210874320999949,0.0],[114.247760546000109,-8.210902374999932,0.0],[114.24779184800002,-8.210933927999974,0.0],[114.247825392000095,-8.210991535999938,0.0],[114.247850949000053,-8.21100596499997,0.0],[114.247872872000016,-8.211042911999925,0.0],[114.247911388000034,-8.211058267999931,0.0],[114.247943388000067,-8.211062537999965,0.0],[114.247975072000031,-8.211082713999929,0.0],[114.248005997000064,-8.211109018999935,0.0],[114.248047438000071,-8.211146329999963,0.0],[114.248101101000088,-8.211186249999969,0.0],[114.248142443,-8.211223477999965,0.0],[114.248188823000078,-8.211268037999957,0.0],[114.248221358000023,-8.211310106999974,0.0],[114.248252806000096,-8.211336519999975,0.0],[114.248302940000031,-8.211376907999977,0.0],[114.248344409000083,-8.211434074999943,0.0],[114.248410650000096,-8.211427331999971,0.0],[114.248447910000095,-8.211407719999954,0.0],[114.248486328000013,-8.211403750999978,0.0],[114.248551212000052,-8.211414827999931,0.0],[114.248591819000012,-8.211463853999931,0.0],[114.248641896000095,-8.211511738999945,0.0],[114.24870055800011,-8.211564450999958,0.0],[114.248723860000041,-8.211597238999957,0.0],[114.248773211000071,-8.211659822999934,0.0],[114.248821351000061,-8.211702504999948,0.0],[114.248850548000064,-8.211746908999942,0.0],[114.248885986,-8.211776814999951,0.0],[114.248932589000106,-8.211820512999964,0.0],[114.248968800000057,-8.211855272999969,0.0],[114.248989884000025,-8.211873448999938,0.0],[114.249040392000097,-8.211915212999941,0.0],[114.249080194000044,-8.211979780999968,0.0],[114.249103651000041,-8.212017833999937,0.0],[114.249120216000051,-8.21206017399993,0.0],[114.249130229000116,-8.212090616999944,0.0],[114.249162378000051,-8.212154324999972,0.0],[114.249182055,-8.212183902999925,0.0],[114.24919331500007,-8.212223856999969,0.0],[114.249211923000075,-8.212274819999948,0.0],[114.249219808000021,-8.212312064999935,0.0],[114.249236942000039,-8.212364823999962,0.0],[114.249254097000062,-8.212417647999928,0.0],[114.249257833000115,-8.212473563999936,0.0],[114.249236125000039,-8.212512379999964,0.0],[114.249229706000051,-8.212563691999947,0.0],[114.249239802000034,-8.212603292999972,0.0],[114.249269098000013,-8.212634590999926,0.0],[114.249286685000015,-8.212664060999941,0.0],[114.249319268000022,-8.21269399199997,0.0],[114.24933382200004,-8.212724873999946,0.0],[114.249349709000057,-8.212766422999948,0.0],[114.249374657000089,-8.212803686999962,0.0],[114.249405890000048,-8.212822932999927,0.0],[114.249430953000115,-8.212852605999956,0.0],[114.249451407000038,-8.212888186999976,0.0],[114.249479363000091,-8.212924010999927,0.0],[114.249485038000103,-8.212943906999953,0.0],[114.249493158000064,-8.212977514999977,0.0],[114.249506728000028,-8.21300830499996,0.0],[114.249534443000016,-8.213036566999961,0.0],[114.249574148000079,-8.213081907999936,0.0],[114.249601127,-8.213117817999944,0.0],[114.249640195000097,-8.213148185999955,0.0],[114.249658944000089,-8.213165638999953,0.0],[114.249678854000081,-8.21319379199997,0.0],[114.2497062220001,-8.213222282999936,0.0],[114.249730354,-8.213259802999971,0.0],[114.249753121000026,-8.213294262999966,0.0],[114.249788963000015,-8.21334152999998,0.0],[114.249790358000041,-8.213344638999956,0.0],[114.249803169000074,-8.213365024999973,0.0],[114.249817633000021,-8.213380926999946,0.0],[114.24983485700011,-8.213418111999943,0.0],[114.249855490000073,-8.213461243999973,0.0],[114.249868741000114,-8.213488943999948,0.0],[114.249881853000034,-8.213524155999949,0.0],[114.249902826000039,-8.213544587999934,0.0],[114.24993259900009,-8.213583433999929,0.0],[114.249945523000065,-8.21362606699995,0.0],[114.249948176000089,-8.213647204999972,0.0],[114.249959940000053,-8.213698011999952,0.0],[114.249955942000042,-8.213723689999938,0.0],[114.249909972000069,-8.213748783999961,0.0],[114.249841478,-8.213799833999929,0.0],[114.249832936000075,-8.213806200999954,0.0],[114.249768164000102,-8.213858276999929,0.0],[114.249701587000118,-8.213905614999931,0.0],[114.249593349000065,-8.213978714999939,0.0],[114.249538013,-8.214013027999954,0.0],[114.249486184000034,-8.214043147999973,0.0],[114.249459610000031,-8.214059831999975,0.0],[114.249417354000116,-8.214085878999981,0.0],[114.249402767000106,-8.214097458999959,0.0]]}},
{"type":"Feature","properties":{"Name":"Saluran Sekunder","Kategori":"Saluran Irigasi Sekunder","DI":"Kayangan","KorSDA":"Kabat","Status":null,"DI_PERMEN":"Kayangan","ID_TANAH":null},"geometry":{"type":"LineString","coordinates":[[114.25553181600003,-8.224238119999939,0.0],[114.255480273000103,-8.224201819999962,0.0],[114.255446186000086,-8.224162942999953,0.0],[114.255413729000111,-8.224123301999953,0.0],[114.255383033000044,-8.224100647999933,0.0],[114.255340650000107,-8.224065715999927,0.0],[114.255296344000044,-8.224024591999978,0.0],[114.255261758000074,-8.223989503999974,0.0],[114.255219013000101,-8.223957318999965,0.0],[114.255184630000031,-8.223923844999945,0.0],[114.255152113,-8.223891240999933,0.0],[114.255113027000107,-8.223869401999934,0.0],[114.25508460900005,-8.223823646999961,0.0],[114.255075082000076,-8.223791261999963,0.0],[114.255050249000078,-8.22374915499995,0.0],[114.254987271,-8.223677577999979,0.0],[114.254956600000014,-8.223645740999928,0.0],[114.25493128700009,-8.223600976999933,0.0],[114.25489764800011,-8.223539980999931,0.0],[114.25487191600007,-8.223480242999926,0.0],[114.254845848000059,-8.223423264999951,0.0],[114.254812841000103,-8.223354836999931,0.0],[114.254788534000113,-8.223301044999971,0.0],[114.254765181000039,-8.223255692999942,0.0],[114.254729769000051,-8.223209028999975,0.0],[114.254697215000078,-8.223183912999957,0.0],[114.254639749000034,-8.223161560999927,0.0],[114.254587316000084,-8.223114675999966,0.0],[114.254543770000055,-8.223075660999939,0.0],[114.254504521000058,-8.223050530999956,0.0],[114.254461838000111,-8.223016549999954,0.0],[114.254422707000117,-8.223000183999943,0.0],[114.254386810000028,-8.222986118999927,0.0],[114.254349771000079,-8.22297733399995,0.0],[114.254335975000117,-8.222969571999954,0.0],[114.254308534000074,-8.222945148999941,0.0],[114.254275399000107,-8.222924561999946,0.0],[114.254243046000056,-8.222899384999948,0.0],[114.254202242000019,-8.222876758999973,0.0],[114.254169008000076,-8.222849436999979,0.0],[114.254144040000028,-8.22281937899993,0.0],[114.254126427000074,-8.22277558199994,0.0],[114.254081296000095,-8.222761401999946,0.0],[114.254049808000104,-8.222751696999978,0.0],[114.254009723000081,-8.222729834999939,0.0],[114.253969949000066,-8.222697584999935,0.0],[114.253940550000038,-8.222675002999949,0.0],[114.253882480000016,-8.222632079999926,0.0],[114.253844425000011,-8.222594041999969,0.0],[114.253802410000048,-8.222569037999961,0.0],[114.253751484000077,-8.22253887599993,0.0],[114.253690264000056,-8.222486949999961,0.0],[114.253646227000104,-8.222462944999961,0.0],[114.25360368500003,-8.222444522999979,0.0],[114.2535657520001,-8.222412339999948,0.0],[114.253549873000111,-8.222388139999964,0.0],[114.25354212100001,-8.222384187999978,0.0],[114.253510685000037,-8.222352026999943,0.0],[114.253493460000072,-8.222315808999952,0.0],[114.253462864000085,-8.222279171999958,0.0],[114.253429605000065,-8.22224112899994,0.0],[114.2533932770001,-8.222207925999953,0.0],[114.253390106000097,-8.222204679999948,0.0],[114.253367088,-8.222178757999927,0.0],[114.253340582000078,-8.222144040999979,0.0],[114.253325037000081,-8.222130393999976,0.0],[114.253323298000055,-8.222112909999964,0.0],[114.253329011,-8.222091395999939,0.0],[114.253317048000099,-8.222074875999965,0.0],[114.253298412000049,-8.222056300999952,0.0],[114.253282930000069,-8.222032959999979,0.0],[114.253281593000111,-8.222007746999964,0.0],[114.253304897000021,-8.221981675999928,0.0],[114.253329242000063,-8.221951488999935,0.0],[114.253352250000034,-8.221915945999967,0.0],[114.253354280000053,-8.221882059999928,0.0],[114.253346545000113,-8.221847171999968,0.0],[114.253326762000029,-8.221791947999975,0.0],[114.253314282000019,-8.221740755999974,0.0],[114.253314998000064,-8.221699959999967,0.0],[114.253304369000034,-8.221662540999944,0.0],[114.253294813000025,-8.22162889699996,0.0],[114.253277707000052,-8.221597495999958,0.0],[114.253267111000014,-8.221560178999937,0.0],[114.253253505000089,-8.221533870999963,0.0],[114.253241797000101,-8.221507028999952,0.0],[114.253234176000092,-8.221472972999948,0.0],[114.253228144000104,-8.221444525999971,0.0],[114.253209746000039,-8.221415676999925,0.0],[114.253202713000064,-8.221385538999925,0.0],[114.253193716000055,-8.221355955999968,0.0],[114.253180375000056,-8.221331666999959,0.0],[114.25314194900011,-8.221296631999962,0.0],[114.253114328000038,-8.22126448299997,0.0],[114.253076519000047,-8.221231347999947,0.0],[114.253038743000047,-8.221198243999936,0.0],[114.253010471000039,-8.22116245199993,0.0],[114.252983991000065,-8.221127985999942,0.0],[114.25296534600011,-8.221093183999926,0.0],[114.252958632000059,-8.221070992999955,0.0],[114.252944456000023,-8.221050970999954,0.0],[114.252931583000077,-8.221028550999961,0.0],[114.252919451000025,-8.22100187999996,0.0],[114.25290880600005,-8.220966708999981,0.0],[114.252892469000017,-8.220913672999927,0.0],[114.252879884000095,-8.220862691999969,0.0],[114.252876192000031,-8.22081590099998,0.0],[114.252867440000045,-8.220771058999958,0.0],[114.252849385000104,-8.220712401999947,0.0],[114.252817231000108,-8.220676949999927,0.0],[114.252798922000011,-8.220639109999979,0.0],[114.252776302000029,-8.22060234199995,0.0],[114.25275651000004,-8.22056650299993,0.0],[114.252739604000112,-8.220531629999925,0.0],[114.252722217000041,-8.220486359999938,0.0],[114.252706560000092,-8.220454695999933,0.0],[114.252680170000076,-8.220406350999951,0.0],[114.252660843000058,-8.220357190999948,0.0],[114.252641351000079,-8.220317744999932,0.0],[114.252632341000094,-8.220273935999955,0.0],[114.252609122000081,-8.220226798999931,0.0],[114.252617342,-8.22019692899994,0.0],[114.252613542000063,-8.220163128999957,0.0],[114.2525930810001,-8.220121408999944,0.0],[114.252565669000091,-8.220076107999944,0.0],[114.252530667000087,-8.220052631999977,0.0],[114.252491298000109,-8.220004890999974,0.0],[114.252446306000024,-8.219972819999953,0.0],[114.252406033000057,-8.219955956999968,0.0],[114.252362279000067,-8.219943116999957,0.0],[114.252324956000052,-8.219920037999941,0.0],[114.2522819080001,-8.219897155999945,0.0],[114.252254715000049,-8.219863789999977,0.0],[114.25221728300005,-8.219834791999972,0.0],[114.252175717000114,-8.219791886999928,0.0],[114.252147217000015,-8.21974974799997,0.0],[114.252113386000019,-8.219709947999945,0.0],[114.25206700800004,-8.219656399999963,0.0],[114.252035362000015,-8.21962853399998,0.0],[114.251991435000036,-8.219580395999969,0.0],[114.251947531000042,-8.219532283999968,0.0],[114.251906069000029,-8.219496015999937,0.0],[114.251899858000115,-8.219489133999957,0.0],[114.251860233000116,-8.219442501999936,0.0],[114.251817464000055,-8.219410161999974,0.0],[114.25178384600008,-8.219377013999974,0.0],[114.251751173000116,-8.219353103999936,0.0],[114.251727079000034,-8.219341419999978,0.0],[114.251702086000023,-8.219320542999981,0.0],[114.251684327000021,-8.21932153299997,0.0],[114.251648629000101,-8.21929909399995,0.0],[114.251619267000024,-8.219287968999936,0.0],[114.251584794000109,-8.219276828999966,0.0],[114.251563379000117,-8.219269519999955,0.0],[114.251549136000108,-8.219245863999959,0.0],[114.251528248000113,-8.219226831999947,0.0],[114.251514602000043,-8.219195806999949,0.0],[114.251488019000021,-8.219172148999974,0.0],[114.251470477000112,-8.219160870999929,0.0],[114.251453440000091,-8.219133692999947,0.0],[114.251426412000114,-8.219110487999956,0.0],[114.251405169,-8.219107501999929,0.0],[114.251383565000083,-8.219097934999979,0.0],[114.251373567000087,-8.219072660999927,0.0],[114.251348909000058,-8.219055337999976,0.0],[114.251325805000079,-8.219041912999955,0.0],[114.251297713000099,-8.219032690999938,0.0],[114.251264276000029,-8.219009894999942,0.0],[114.251240856000095,-8.218989933999978,0.0],[114.2512147650001,-8.21896880099996,0.0],[114.251190993000023,-8.218953496999973,0.0],[114.251167623000015,-8.218933576999973,0.0],[114.251157417000059,-8.218908451999937,0.0],[114.251149054000052,-8.218882576999931,0.0],[114.251138758000025,-8.218857445999959,0.0],[114.251131628000053,-8.218840039999975,0.0],[114.251115022000022,-8.218818082999974,0.0],[114.251092014000051,-8.218798960999948,0.0],[114.251072089000104,-8.218786223999928,0.0],[114.251058234000084,-8.218758111999932,0.0],[114.251043224000114,-8.218727652999974,0.0],[114.25102443500009,-8.218706310999949,0.0],[114.250995339000042,-8.218680990999928,0.0],[114.250977309000064,-8.218666975999952,0.0],[114.2509535800001,-8.21864716999994,0.0],[114.250926145000108,-8.218628197999976,0.0],[114.250895478000075,-8.21861000499996,0.0],[114.250860807000095,-8.218590316999951,0.0],[114.250826750000101,-8.218564994999952,0.0],[114.25077934400008,-8.218542948999925,0.0],[114.250750329000084,-8.218511048999972,0.0],[114.250724311000113,-8.218474549999939,0.0],[114.250699804000078,-8.218442729999936,0.0],[114.250673978,-8.218420699999967,0.0],[114.250654510000118,-8.218402352999931,0.0],[114.250616774000036,-8.218375412999933,0.0],[114.250580963000061,-8.218344893999927,0.0],[114.25054608500011,-8.218320066999979,0.0],[114.250493198000072,-8.218280894999964,0.0],[114.250440169000058,-8.218248693999954,0.0],[114.250406420000104,-8.218221375999974,0.0],[114.250364605000073,-8.218192192999936,0.0],[114.250331116000098,-8.218166097999926,0.0],[114.250311114000056,-8.218155364999973,0.0],[114.250284022000073,-8.218121305999944,0.0],[114.250255193000044,-8.218089061999933,0.0],[114.250241537000079,-8.218060695999952,0.0],[114.250244359000021,-8.218045428999972,0.0],[114.250233368000067,-8.218020890999981,0.0],[114.250237328000026,-8.217995289999976,0.0],[114.250252930000102,-8.217979457999945,0.0],[114.250290381000013,-8.217970566999952,0.0],[114.250339696000083,-8.217975489999958,0.0],[114.250395038000079,-8.217999808999934,0.0],[114.250445647000106,-8.218020644999967,0.0],[114.250494834000051,-8.21802729999996,0.0],[114.250546338000049,-8.218030473999931,0.0],[114.25057149600002,-8.218022768999958,0.0],[114.25060631100007,-8.217999320999979,0.0],[114.250635849000105,-8.217982724999956,0.0],[114.250669678,-8.217978690999928,0.0],[114.250706852,-8.21796379999995,0.0],[114.250745183000049,-8.217919790999929,0.0],[114.250746057000015,-8.217917041999954,0.0],[114.250773072000015,-8.217857888999959,0.0],[114.250800723000111,-8.217812564999974,0.0],[114.250820274000034,-8.217782532999934,0.0],[114.250823818000072,-8.217756450999957,0.0],[114.250816876000044,-8.217731974999936,0.0],[114.250804059000075,-8.217704625999943,0.0],[114.25079792400004,-8.217676861999962,0.0],[114.250795555000082,-8.217642250999972,0.0],[114.250805833000072,-8.217614843999968,0.0],[114.250828632000093,-8.217584354999929,0.0],[114.250858457000049,-8.217558683999926,0.0],[114.250887467000098,-8.217535937999969,0.0],[114.250907838000103,-8.217519435999975,0.0],[114.250934106000045,-8.217484457999944,0.0],[114.25092918200005,-8.217469080999933,0.0],[114.250927020000063,-8.217425207999952,0.0],[114.250909071000024,-8.217387640999959,0.0],[114.250922153000033,-8.217352920999929,0.0],[114.250941752000017,-8.217336122999939,0.0],[114.250942825000038,-8.21732938599996,0.0],[114.250945533000049,-8.217326123999953,0.0],[114.250949092000042,-8.217297367999947,0.0],[114.250947257,-8.217270610999947,0.0],[114.250975265000079,-8.217233859999965,0.0],[114.250999961000048,-8.217217571999981,0.0],[114.25100276,-8.217214314999978,0.0],[114.251009359000022,-8.217181654999933,0.0],[114.251008873000046,-8.217147274999945,0.0],[114.251001213000109,-8.217111083999953,0.0],[114.250989949000086,-8.217071519999934,0.0],[114.250977711000019,-8.217029621999927,0.0],[114.250969474000044,-8.217001420999964,0.0],[114.250968767000018,-8.216994927999963,0.0],[114.25096247700003,-8.216961108999953,0.0],[114.250967421000041,-8.216922546999967,0.0],[114.250967722000041,-8.216913227999953,0.0],[114.25096832600002,-8.216894528999944,0.0],[114.250965751000081,-8.216858380999952,0.0],[114.250960223000106,-8.216825418999974,0.0],[114.25096626800007,-8.216782894999938,0.0],[114.250956560000077,-8.216760506999947,0.0],[114.250932071000079,-8.216729975999954,0.0],[114.250903890000018,-8.21669636699994,0.0],[114.250849013000106,-8.216659323999977,0.0],[114.250807760000043,-8.21662299299993,0.0],[114.250783247000072,-8.216593760999956,0.0],[114.250758431,-8.216574413999979,0.0],[114.250729564000039,-8.216541151999934,0.0],[114.250683732000084,-8.216470646999937,0.0],[114.250659931000087,-8.216423216999942,0.0],[114.250656961000118,-8.216421880999974,0.0],[114.25063297500003,-8.216395131999946,0.0],[114.250629975000038,-8.216393760999949,0.0],[114.250597560000074,-8.216364562999956,0.0],[114.250565635000044,-8.216326378999952,0.0],[114.250547784000105,-8.216298095999946,0.0],[114.250515951000011,-8.216281558999981,0.0],[114.250490312000011,-8.21627338899998,0.0],[114.250456080000049,-8.216283309999938,0.0],[114.250432960000012,-8.216291007999928,0.0],[114.250401493000027,-8.216263673999947,0.0],[114.250374624000074,-8.216261738999947,0.0],[114.250371907000044,-8.21626062799993,0.0],[114.250334598000109,-8.216246845999933,0.0],[114.250311893000116,-8.216219849999959,0.0],[114.25027909500011,-8.216186558999937,0.0],[114.250258073000055,-8.216167723999945,0.0],[114.250232451000102,-8.216140333999931,0.0],[114.250201500000117,-8.216124841999942,0.0],[114.250171729000044,-8.216116331999956,0.0],[114.250149316000034,-8.216104668999947,0.0],[114.250116478000109,-8.216065374999971,0.0],[114.250079843000094,-8.216023863999965,0.0],[114.250042955000026,-8.21598679799996,0.0],[114.249985577000075,-8.215934950999952,0.0],[114.249932345000047,-8.215882854999961,0.0],[114.249885131000042,-8.215838172999952,0.0],[114.249839590000079,-8.21578836599997,0.0],[114.249805602000038,-8.215750657999934,0.0],[114.24976540800003,-8.215711471999953,0.0],[114.249735395000016,-8.215686085999948,0.0],[114.249711348,-8.215657790999956,0.0],[114.249652952000019,-8.21560689599994,0.0],[114.249616236000065,-8.215557900999954,0.0],[114.249580384000069,-8.21551065999995,0.0],[114.249554631000024,-8.215472618999968,0.0],[114.249526747000118,-8.215422235999938,0.0],[114.249500800000078,-8.215370170999961,0.0],[114.24950229600006,-8.215332905999958,0.0],[114.249509115000023,-8.215280287999974,0.0],[114.24954840700002,-8.215218793999952,0.0],[114.24957302200005,-8.215161085999966,0.0],[114.24956910100002,-8.215095194999947,0.0],[114.249540960000104,-8.215010287999974,0.0],[114.249500817000012,-8.214922881999939,0.0],[114.249449576000075,-8.214836970999954,0.0],[114.24944670900004,-8.214830728999971,0.0],[114.249417681000068,-8.214776080999968,0.0],[114.249378987000114,-8.214691826999967,0.0],[114.24938480600008,-8.214567805999934,0.0],[114.249370628000065,-8.214483215999962,0.0],[114.249365248000117,-8.214390759999958,0.0],[114.249376175000066,-8.214336534999973,0.0],[114.249357348000103,-8.214270039999974,0.0],[114.249355433,-8.214207139999928,0.0],[114.249355265000077,-8.214139750999948,0.0],[114.249403654000048,-8.214095271999952,0.0]]}},
{"type":"Feature","properties":{"Name":"Saluran Sekunder","Kategori":"Saluran Irigasi Sekunder","DI":"Kayangan","KorSDA":"Kabat","Status":null,"DI_PERMEN":"Kayangan","ID_TANAH":null},"geometry":{"type":"LineString","coordinates":[[114.262200060000055,-8.231799189999947,0.0],[114.262252183000101,-8.231767777999949,0.0],[114.26232962000006,-8.231728072999942,0.0],[114.262332391000086,-8.231726401999936,0.0],[114.262364173000037,-8.231707230999973,0.0],[114.262408135000101,-8.231680713999936,0.0],[114.262459740000054,-8.231654750999951,0.0],[114.262485712000057,-8.231633919999979,0.0],[114.26252627000008,-8.231609533999972,0.0],[114.262563684000042,-8.231592230999979,0.0],[114.26258800700009,-8.231581042999949,0.0],[114.262594629000091,-8.231549185999938,0.0],[114.262613028000033,-8.231521087999965,0.0],[114.262640545000068,-8.231492584999955,0.0],[114.262677624000048,-8.23146356999996,0.0],[114.262725814000078,-8.231448721999925,0.0],[114.262726734000012,-8.231423272999962,0.0],[114.262671673000114,-8.231350354999961,0.0],[114.262669582000058,-8.231346476999931,0.0],[114.262630539000043,-8.231307241999957,0.0],[114.262629486000037,-8.231305290999956,0.0],[114.262571345000083,-8.231244812999932,0.0],[114.262518544000045,-8.231171489999952,0.0],[114.262410204000048,-8.231060253999942,0.0],[114.262351290000083,-8.231000110999958,0.0],[114.262301503000117,-8.230946020999966,0.0],[114.262273957000048,-8.230896777999931,0.0],[114.262240477000091,-8.230847051999945,0.0],[114.262223031000076,-8.23081628999995,0.0],[114.26219591600011,-8.230772920999925,0.0],[114.262164993000056,-8.230737316999978,0.0],[114.262127725000028,-8.230701088999979,0.0],[114.262060980000115,-8.23064807399993,0.0],[114.261998953000102,-8.230603050999946,0.0],[114.261917175,-8.230560570999955,0.0],[114.261805756000058,-8.230476821999957,0.0],[114.261736572000018,-8.230417422999949,0.0],[114.261681038,-8.230369143999951,0.0],[114.261652317000085,-8.230317356999933,0.0],[114.261618029000033,-8.230281620999961,0.0],[114.261581054000089,-8.230238435999979,0.0],[114.261557599000071,-8.23020061699998,0.0],[114.261545710000064,-8.230169302999968,0.0],[114.261499903000072,-8.230104731999973,0.0],[114.261455223000098,-8.23005965599998,0.0],[114.261430035000103,-8.23001990399996,0.0],[114.261381371000084,-8.229962520999948,0.0],[114.261360542000034,-8.229930618999958,0.0],[114.261328062000075,-8.229896908999933,0.0],[114.261300209000069,-8.229871395999965,0.0],[114.261269852000055,-8.22984159799995,0.0],[114.261242214000049,-8.229812426999956,0.0],[114.26121399200008,-8.229794704999961,0.0],[114.261196247000044,-8.229766096999981,0.0],[114.261172150000107,-8.229745962999971,0.0],[114.261144241000011,-8.22972452099998,0.0],[114.261118938000095,-8.229707417999975,0.0],[114.261102556000083,-8.229685930999949,0.0],[114.261078970000085,-8.229676488999928,0.0],[114.261052904000053,-8.229644432999976,0.0],[114.261010924000061,-8.229600951999942,0.0],[114.260993822000046,-8.229575860999944,0.0],[114.260967998000069,-8.229560686999946,0.0],[114.260942104000037,-8.229545472999973,0.0],[114.260907893000081,-8.229525859999967,0.0],[114.260889254000062,-8.229498282999941,0.0],[114.260864106000099,-8.229479563999973,0.0],[114.26082989300005,-8.229465317999939,0.0],[114.260794297000075,-8.229448801999979,0.0],[114.260767586000043,-8.229425169999956,0.0],[114.26071781600001,-8.229384384999946,0.0],[114.260686625000062,-8.229358967999929,0.0],[114.260656309000069,-8.229334051999956,0.0],[114.260620514000038,-8.229301101999965,0.0],[114.260586103000037,-8.229249698999979,0.0],[114.260561283000015,-8.229212623999956,0.0],[114.260523489000093,-8.229185835999942,0.0],[114.260481103000075,-8.229142946999957,0.0],[114.260438319000059,-8.229110077999962,0.0],[114.260393927000109,-8.229070122999929,0.0],[114.260316645000103,-8.229011872999934,0.0],[114.260288827000068,-8.22897190499998,0.0],[114.260226509000063,-8.228919972999961,0.0],[114.260175651000054,-8.22887955799996,0.0],[114.260135675000015,-8.228833060999932,0.0],[114.260098195000069,-8.22879581199993,0.0],[114.260055628000032,-8.228768086999935,0.0],[114.260020807000046,-8.228742052999962,0.0],[114.259973947000049,-8.228695897999955,0.0],[114.259928899000101,-8.228666638999925,0.0],[114.259868098000084,-8.228609636999977,0.0],[114.259796927000025,-8.228549680999947,0.0],[114.259757714000102,-8.22852067599996,0.0],[114.259721222000053,-8.22848995399994,0.0],[114.25967490700009,-8.228441325999938,0.0],[114.259641912,-8.228398954999932,0.0],[114.259580584000105,-8.22831281699996,0.0],[114.259539897000082,-8.228245561999927,0.0],[114.259514575000026,-8.22820504699996,0.0],[114.259478652000098,-8.228155816999958,0.0],[114.259449633000031,-8.228116044999979,0.0],[114.259420359000046,-8.228075924999928,0.0],[114.259411965000027,-8.228025680999963,0.0],[114.259390641000095,-8.227983367999968,0.0],[114.259369056000082,-8.227940536999938,0.0],[114.259344715000111,-8.227883987999974,0.0],[114.259313119000012,-8.227841632999969,0.0],[114.259277098000098,-8.227793343999963,0.0],[114.259243236000088,-8.227742962999969,0.0],[114.259222537000028,-8.227700140999957,0.0],[114.259213249000027,-8.227662404999933,0.0],[114.259189204000108,-8.227604453999959,0.0],[114.259150448000014,-8.227554191999957,0.0],[114.259120805000066,-8.227510720999931,0.0],[114.259085365000033,-8.227458432999981,0.0],[114.259045649000086,-8.227402877999964,0.0],[114.259021440000083,-8.227369780999936,0.0],[114.258985574,-8.227332468999975,0.0],[114.258957475000102,-8.227294946999962,0.0],[114.258918996000034,-8.22724894299995,0.0],[114.25889153300011,-8.22722311299998,0.0],[114.258862463000014,-8.227184382999951,0.0],[114.258892335000041,-8.227142518999926,0.0],[114.258930189000012,-8.227105522999977,0.0],[114.259005735000073,-8.227035945999944,0.0],[114.259080692000111,-8.226952725999979,0.0],[114.259131596000088,-8.226885765999953,0.0],[114.259186193,-8.226835137999956,0.0],[114.259200824000118,-8.226797584999929,0.0],[114.259198268000091,-8.226757043999953,0.0],[114.259182568000028,-8.226695700999926,0.0],[114.259172860000035,-8.226659581999968,0.0],[114.259150117000104,-8.226622363999979,0.0],[114.259128416000067,-8.226580914999943,0.0],[114.259115879000092,-8.226548524999941,0.0],[114.259097423000071,-8.226512384999978,0.0],[114.259067259000062,-8.226486769999951,0.0],[114.259041391000096,-8.226462244999937,0.0],[114.259008897000058,-8.226409068999942,0.0],[114.258969901000114,-8.226345254999956,0.0],[114.25893902700011,-8.226294731999928,0.0],[114.258912215,-8.226256217999946,0.0],[114.258879851000074,-8.226213708999978,0.0],[114.258859181000048,-8.226178834999928,0.0],[114.258827420000102,-8.226125249999939,0.0],[114.258794127000101,-8.22608717199995,0.0],[114.258754558000078,-8.226056552999978,0.0],[114.258722423000108,-8.226032409999959,0.0],[114.258697693000045,-8.226014717999931,0.0],[114.258673849000047,-8.225978206999969,0.0],[114.258659250000051,-8.225939598999958,0.0],[114.258633543000087,-8.225911287999963,0.0],[114.258614135000016,-8.22588650199998,0.0],[114.258575772000086,-8.225862727999981,0.0],[114.258547297000064,-8.22584388599995,0.0],[114.25851594400001,-8.225808685999937,0.0],[114.258489668000038,-8.225788461999969,0.0],[114.258453644000042,-8.225748341999974,0.0],[114.258427791000031,-8.225712937999958,0.0],[114.258404296000094,-8.225687032999929,0.0],[114.258367976000045,-8.225657957999942,0.0],[114.258332581000104,-8.225624625999956,0.0],[114.258309251000014,-8.225587528999938,0.0],[114.258283737000056,-8.225557529999946,0.0],[114.258251532000031,-8.225539836999928,0.0],[114.258222581000041,-8.225509159999945,0.0],[114.258187802000066,-8.225474639999959,0.0],[114.258146178000061,-8.225440510999931,0.0],[114.258103603000109,-8.225410666999949,0.0],[114.258068560000083,-8.225387446999946,0.0],[114.258018758000048,-8.225351190999959,0.0],[114.257995272000016,-8.225318290999951,0.0],[114.257974047000062,-8.22531276199993,0.0],[114.257942492000097,-8.225274922999972,0.0],[114.257892058000039,-8.225240481999947,0.0],[114.257848829000068,-8.225215212999956,0.0],[114.257801291000078,-8.225189182999941,0.0],[114.257766486000037,-8.225174163999952,0.0],[114.257720777000031,-8.225147813999968,0.0],[114.257713196000054,-8.225141625999981,0.0],[114.257682849000048,-8.225116856999932,0.0],[114.257655074000013,-8.225090529999932,0.0],[114.257615899000029,-8.225074413999948,0.0],[114.257564630000047,-8.225061843999981,0.0],[114.25751244300011,-8.225053389999971,0.0],[114.257480869,-8.225043478999964,0.0],[114.257450353000081,-8.225018623999972,0.0],[114.257422812000073,-8.22500262799997,0.0],[114.257392451000101,-8.224981097999944,0.0],[114.257362753000052,-8.224966410999969,0.0],[114.257321637000018,-8.22494422099993,0.0],[114.257294927000089,-8.224917090999952,0.0],[114.257262825000112,-8.224904010999978,0.0],[114.257231102000105,-8.224879990999966,0.0],[114.257205766000084,-8.224837817999969,0.0],[114.257188043000042,-8.224791062999941,0.0],[114.257172850000075,-8.224771527999962,0.0],[114.257080097000085,-8.224712574999955,0.0],[114.256988122000052,-8.224671401999956,0.0],[114.256915745000015,-8.224632940999982,0.0],[114.256883785000014,-8.224616277999928,0.0],[114.256846732000099,-8.224591817999965,0.0],[114.25680796000006,-8.224564744999952,0.0],[114.256771659000037,-8.224536094999962,0.0],[114.256726982000032,-8.224510743999929,0.0],[114.256696128000044,-8.22448729599995,0.0],[114.256666613000107,-8.224465920999933,0.0],[114.256633435000026,-8.224443624999935,0.0],[114.256602702,-8.224414002999936,0.0],[114.256557703000112,-8.224390059999962,0.0],[114.256510578000075,-8.22436743999998,0.0],[114.256461422000029,-8.224336955999945,0.0],[114.256430099000113,-8.224325721999946,0.0],[114.256397808000088,-8.224314582999966,0.0],[114.256354327000054,-8.224319323999964,0.0],[114.256319645000076,-8.224327947999939,0.0],[114.256283467000117,-8.224343608999959,0.0],[114.256245078,-8.224360603999969,0.0],[114.25620442200011,-8.224360523999962,0.0],[114.25616573800005,-8.224322174999941,0.0],[114.256134379000059,-8.224294631999953,0.0],[114.256105730000058,-8.224265621999962,0.0],[114.256090265000012,-8.224241321999955,0.0],[114.256058761000077,-8.224220654999954,0.0],[114.256036485000095,-8.224209691999931,0.0],[114.256009969000047,-8.224192083999981,0.0],[114.255982186000097,-8.224162900999943,0.0],[114.255949186000066,-8.224139960999935,0.0],[114.255931410000017,-8.224116898999966,0.0],[114.25590623700009,-8.224101454999925,0.0],[114.25586437700008,-8.224083887999939,0.0],[114.255834004,-8.224074720999965,0.0],[114.255806718000031,-8.224051224999926,0.0],[114.255773591000093,-8.224028199999964,0.0],[114.255738398000062,-8.22401432199996,0.0],[114.255704222000077,-8.224044506999974,0.0],[114.255659628000103,-8.224080154999967,0.0],[114.25564139100004,-8.224108418999947,0.0],[114.255605031000073,-8.224146173999941,0.0],[114.255572915000016,-8.224175504999948,0.0],[114.255558829000051,-8.224204863999944,0.0],[114.255541313000094,-8.224229762999926,0.0],[114.255522223000071,-8.224233500999958,0.0]]}},
{"type":"Feature","properties":{"Name":"Saluran Sekunder","Kategori":"Saluran Irigasi Sekunder","DI":"Kluncing Kabat","KorSDA":"Kabat","Status":null,"DI_PERMEN":"Kluncing","ID_TANAH":null},"geometry":{"type":"LineString","coordinates":[[114.23542800600012,-8.194536415999949,0.0],[114.235443492000172,-8.194558977999918,0.0],[114.235463671000161,-8.194582397999909,0.0],[114.235495902000025,-8.19460900099989,0.0],[114.235528576000092,-8.194621825999889,0.0],[114.235558465000167,-8.194640125999967,0.0],[114.235591891000013,-8.194655110999975,0.0],[114.235628637000104,-8.194682803999967,0.0],[114.235658559000058,-8.194710363999945,0.0],[114.235670982000102,-8.19473872899988,0.0],[114.235686408000106,-8.194777735999935,0.0],[114.235698353000203,-8.194820172999869,0.0],[114.235706804000074,-8.194866031999936,0.0],[114.23571826500006,-8.194922620999932,0.0],[114.235724684000161,-8.194969241999956,0.0],[114.235737646000189,-8.19502329099987,0.0],[114.235745897000015,-8.19507649399992,0.0],[114.235755887000096,-8.195120010999972,0.0],[114.235756231000209,-8.195129194999936,0.0],[114.235758645000033,-8.195137790999922,0.0],[114.235760457000197,-8.195144239999934,0.0],[114.235763821000091,-8.195164185999886,0.0],[114.235766928000089,-8.195191190999935,0.0],[114.235766064000018,-8.195196082999871,0.0],[114.235765890000152,-8.195219380999959,0.0],[114.235776090000172,-8.195239780999941,0.0],[114.235785785000076,-8.195274327999869,0.0],[114.235794021000061,-8.195311663999973,0.0],[114.235800186,-8.195349624999892,0.0],[114.235809050000171,-8.195389229999876,0.0],[114.235818795000228,-8.195423978999941,0.0],[114.235820202000014,-8.195461037999962,0.0],[114.235827524000115,-8.195487161999893,0.0],[114.235834853000142,-8.195513314999914,0.0],[114.235845599000072,-8.195549988999971,0.0],[114.235856019000039,-8.19558414699992,0.0],[114.235858834000055,-8.195625482999958,0.0],[114.235859486000095,-8.195627618999879,0.0],[114.235856818000229,-8.195659029999888,0.0],[114.235854868000047,-8.195705769999961,0.0],[114.235852879000163,-8.195755396999971,0.0],[114.235849699000028,-8.195761020999896,0.0],[114.235835799000029,-8.19580255999989,0.0],[114.235805209000091,-8.19582082099987,0.0],[114.235803141000133,-8.195821423999917,0.0],[114.235768670000198,-8.195833807999975,0.0],[114.235712645000149,-8.195840862999944,0.0],[114.235675638000203,-8.195858621999889,0.0],[114.235662043000048,-8.195894995999879,0.0],[114.235646435000149,-8.195931891999919,0.0],[114.235640758000159,-8.195979724999972,0.0],[114.235641390000183,-8.195981851999875,0.0],[114.235657770000103,-8.196062263999977,0.0],[114.235684200000151,-8.196102918999941,0.0],[114.23571134600013,-8.196138782999981,0.0],[114.235744738000221,-8.196166029999915,0.0],[114.235777612000106,-8.196177424999973,0.0],[114.23580164800012,-8.196182154999917,0.0],[114.235836684000105,-8.196192998999948,0.0],[114.235856076,-8.196210375999954,0.0],[114.2358567550001,-8.196212471999957,0.0],[114.235871142000178,-8.196242691999885,0.0],[114.235871820000057,-8.196244785999966,0.0],[114.235882055000047,-8.196269301999962,0.0],[114.235900714000081,-8.1962913939999,0.0],[114.235918098000184,-8.196302423999953,0.0],[114.235958403000041,-8.196326306999879,0.0],[114.235988886000086,-8.196342686999969,0.0],[114.236019593000151,-8.196356531999982,0.0],[114.236059993000026,-8.196388384999977,0.0],[114.236092482000231,-8.196415773999888,0.0],[114.23612997500004,-8.196460378999973,0.0],[114.236166568000044,-8.196493760999886,0.0],[114.236192465000045,-8.196521085999905,0.0],[114.236223994000056,-8.196567852999976,0.0],[114.236245604000032,-8.196603612999979,0.0],[114.2362584870001,-8.196632614999885,0.0],[114.236267199000167,-8.196662857999911,0.0],[114.236288660000127,-8.196705857999916,0.0],[114.236308684000164,-8.196751700999926,0.0],[114.23633066900004,-8.196780639999872,0.0],[114.236359815000014,-8.196826417999944,0.0],[114.236377265000215,-8.196847369999887,0.0],[114.236389884000118,-8.196867355999871,0.0],[114.236407553000049,-8.196904797999878,0.0],[114.236435797000127,-8.196962952999968,0.0],[114.236453082000025,-8.197014820999925,0.0],[114.236460222,-8.197055365999972,0.0],[114.236469674000091,-8.197111852999967,0.0],[114.236482600000159,-8.197172118999958,0.0],[114.23648926400017,-8.197223357999917,0.0],[114.236503345000187,-8.197281590999978,0.0],[114.23650719900013,-8.197328427999935,0.0],[114.236520982000116,-8.197377360999894,0.0],[114.236528573000101,-8.197420889999933,0.0],[114.236540491000028,-8.197446387999889,0.0],[114.236557233000212,-8.197475790999931,0.0],[114.23655649400007,-8.197506755999939,0.0],[114.236527017000185,-8.197544019999896,0.0],[114.236528699000132,-8.197583766999912,0.0],[114.236563150000052,-8.197623224999973,0.0],[114.236594893000074,-8.197661224999933,0.0],[114.236619567000048,-8.197699049999869,0.0],[114.236643959000048,-8.197744191999959,0.0],[114.236679392000042,-8.197793326999943,0.0],[114.236697326000126,-8.197831013999917,0.0],[114.236713089000091,-8.197869390999927,0.0],[114.236742363000076,-8.197913399999948,0.0],[114.236758804000033,-8.197954077999896,0.0],[114.236777460000212,-8.197994153999957,0.0],[114.236789408000163,-8.198036287999969,0.0],[114.236790430000042,-8.198074540999926,0.0],[114.236798557000043,-8.198113210999907,0.0],[114.236787443000026,-8.198167152999872,0.0],[114.236775712000053,-8.198218907999888,0.0],[114.236757214000136,-8.198262945999886,0.0],[114.236741479000102,-8.198308638999947,0.0],[114.23671863300001,-8.198353941999869,0.0],[114.236694219000128,-8.198402123999927,0.0],[114.236686516000077,-8.198443185999963,0.0],[114.236683741000206,-8.198485338999888,0.0],[114.236685775000183,-8.198545719999913,0.0],[114.236685506000072,-8.198594171999957,0.0],[114.236683353000103,-8.198635884999931,0.0],[114.236691754000049,-8.198681996999937,0.0],[114.236696088000031,-8.198721984999963,0.0],[114.236694187000126,-8.198756410999977,0.0],[114.236702468000203,-8.19878568099989,0.0],[114.236712030000149,-8.198819479999941,0.0],[114.236732692000032,-8.198843064999949,0.0],[114.236767156000042,-8.198872718999894,0.0],[114.236803070000178,-8.198894851999967,0.0],[114.236842978000141,-8.198919150999927,0.0],[114.23687274200006,-8.198960819999968,0.0],[114.236902500000042,-8.199002476999965,0.0],[114.236923228000023,-8.199036727999953,0.0],[114.236944266000137,-8.199073958999918,0.0],[114.236959825000099,-8.199092722999978,0.0],[114.236991572000193,-8.199143536999941,0.0],[114.237014482000063,-8.199187002999963,0.0],[114.237038938000182,-8.199213204999978,0.0],[114.237065355000141,-8.199255806999872,0.0],[114.237071963000176,-8.199297801999876,0.0],[114.237076614000102,-8.199333589999924,0.0],[114.237081145000047,-8.199379512999883,0.0],[114.237095759000113,-8.199425708999911,0.0],[114.237115344000131,-8.199477101999889,0.0],[114.237149254000087,-8.199510680999936,0.0],[114.237190931000214,-8.199568844999931,0.0],[114.237213901000018,-8.199588875999893,0.0],[114.237245731000144,-8.199626427999931,0.0],[114.237265518000072,-8.199657479999871,0.0],[114.237282395000193,-8.199679317999937,0.0],[114.237296225000023,-8.199702054999932,0.0],[114.237294683000073,-8.199739386999909,0.0],[114.237266055000191,-8.199764590999962,0.0],[114.237236366000161,-8.199796772999946,0.0],[114.237208661000068,-8.199835008999912,0.0],[114.237184033000176,-8.199872287999881,0.0],[114.23718358300016,-8.19990243299992,0.0],[114.237183019000099,-8.199932609999905,0.0],[114.23718210100003,-8.199972901999956,0.0],[114.237193131000026,-8.200019672999929,0.0],[114.237198549000141,-8.20004807499987,0.0],[114.237203025000099,-8.200073412999927,0.0],[114.237199289000046,-8.200104477999957,0.0],[114.237187574000018,-8.200131203999945,0.0],[114.237175639000043,-8.200167961999966,0.0],[114.237159725000083,-8.200202532999981,0.0],[114.237158108000017,-8.200229595999872,0.0],[114.237163296000176,-8.200267958999973,0.0],[114.237162845000057,-8.200288019999959,0.0],[114.237159123000083,-8.2003189859999,0.0],[114.237162430000126,-8.200351219999902,0.0],[114.237158485,-8.200392176999912,0.0],[114.23715476700022,-8.20042309899992,0.0],[114.237144030000195,-8.200452721999966,0.0],[114.237143133000018,-8.200492740999891,0.0],[114.237124004000066,-8.200537991999909,0.0],[114.237096724000139,-8.200588858999936,0.0],[114.237078793000023,-8.200627076999922,0.0],[114.23708188400019,-8.200669152999922,0.0],[114.237077752,-8.200719880999941,0.0],[114.23708690400008,-8.200760179999918,0.0],[114.237094897000134,-8.200807392999934,0.0],[114.237103729000069,-8.200833896999882,0.0],[114.237119900000152,-8.20085699699996,0.0],[114.237140963000115,-8.200892449999913,0.0],[114.237156561,-8.200931667999896,0.0],[114.237164253000174,-8.200979928999971,0.0],[114.237161723000099,-8.201008151999929,0.0],[114.237368016553546,-8.201665869450494,0.0],[114.237677346484247,-8.202165556261662,0.0],[114.238129444075412,-8.202665243072886,0.0],[114.238414979396225,-8.202903189173526,0.0],[114.238962255427396,-8.203355286764577,0.0],[114.239485736848678,-8.203878768185916,0.0],[114.239914039829841,-8.204354660387025,0.0],[114.240483665854185,-8.204739177488023,0.0],[114.240523816871132,-8.204912407293023,0.0],[114.241246537992993,-8.205710953160406,0.0],[114.241722430194272,-8.20606787231128,0.0],[114.242174527785437,-8.20635340763198,0.0],[114.242721803816835,-8.206876889053206,0.0],[114.243102517577654,-8.207138629763847,0.0],[114.243887739709521,-8.207876262675654,0.0],[114.244173275030334,-8.208471127927112,0.0],[114.244363631910801,-8.208947020128335,0.0],[114.244482604961036,-8.209375323109384,0.0],[114.244553988791267,-8.209875009920609,0.0],[114.24460157801127,-8.210089161411133,0.0],[114.244625372621499,-8.210350902121718,0.0],[114.244815729501966,-8.210636437442474,0.0],[114.245101264822665,-8.210945767373175,0.0],[114.246409968375701,-8.212183087096207,0.0],[114.246885860576867,-8.212563800857197,0.0],[114.247290368948029,-8.213039693058306,0.0],[114.247599698878616,-8.213634558309764,0.0],[114.24774246653908,-8.213920093630463,0.0],[114.247885234199316,-8.214253218171336,0.0],[114.248265947960249,-8.214895672642911,0.0],[114.248456304840715,-8.21518120796361,0.0]]}},
{"type":"Feature","properties":{"Name":"Sekunder","Kategori":"Saluran Irigasi Sekunder","DI":"Los Kabat","KorSDA":"Kabat","Status":null,"DI_PERMEN":"Los","ID_TANAH":null},"geometry":{"type":"LineString","coordinates":[[114.267237162000015,-8.175520510999945,0.0],[114.267397312000071,-8.175487980999947,0.0],[114.2675290950001,-8.175669914999958,0.0],[114.267543780000096,-8.175678034999976,0.0],[114.267550956000036,-8.175678277999964,0.0],[114.26761393400011,-8.175815823999926,0.0],[114.267728913000042,-8.17600688899995,0.0],[114.267850940000017,-8.176098604999936,0.0],[114.267854103000104,-8.17610190299996,0.0],[114.267954258000032,-8.176258659999974,0.0],[114.267954417000055,-8.176261593999925,0.0],[114.26804899900003,-8.176444881999942,0.0],[114.268057795000118,-8.176458869999976,0.0],[114.268118074000085,-8.176541801999974,0.0],[114.268123758000115,-8.176549982999973,0.0],[114.268125035000025,-8.176641147999931,0.0],[114.268157751000103,-8.17672244399995,0.0],[114.268225589000053,-8.176810710999973,0.0],[114.268226073000051,-8.176819328999954,0.0],[114.268291418000103,-8.176875917999951,0.0],[114.268403783000053,-8.176917547999949,0.0],[114.268474486000059,-8.176944900999956,0.0],[114.268477314000052,-8.17695314499997,0.0],[114.268531869000071,-8.177039721999961,0.0],[114.268534570000043,-8.177045066999938,0.0],[114.268595657000105,-8.17711107699995,0.0],[114.268608816000096,-8.177118897999947,0.0],[114.268619332000071,-8.177124096999933,0.0],[114.268732422000085,-8.177144624999926,0.0],[114.268883666000079,-8.177132230999973,0.0],[114.269028594000019,-8.177029769999933,0.0],[114.269165666000049,-8.176943435999931,0.0],[114.26930014200002,-8.176929328999961,0.0],[114.269443119000016,-8.176956596999958,0.0],[114.269471280000062,-8.177020590999973,0.0],[114.269536458000061,-8.177108254999951,0.0],[114.269637279000108,-8.177136841999982,0.0],[114.269721430000118,-8.17715696099998,0.0],[114.269768079000073,-8.177252144999954,0.0],[114.269872442000064,-8.177329475999954,0.0],[114.269979455000112,-8.177410300999952,0.0],[114.270201582000027,-8.177516701999934,0.0],[114.270330539000042,-8.177511262999928,0.0],[114.270410507000065,-8.177439426999968,0.0],[114.270413284000028,-8.177439493999941,0.0],[114.2704840560001,-8.177380508999931,0.0],[114.270495124000036,-8.177374945999929,0.0],[114.270497924000097,-8.177375014999939,0.0],[114.270640451000077,-8.17737853899996,0.0],[114.27064882600007,-8.177375828999971,0.0],[114.270735690000038,-8.177348701999961,0.0],[114.270867764000059,-8.177336912999976,0.0],[114.271038045000068,-8.17730097599997,0.0],[114.27120009500004,-8.177202969999939,0.0],[114.271186751000073,-8.17713153099993,0.0],[114.271249497000099,-8.177086061999944,0.0],[114.271268809000048,-8.177074652999977,0.0],[114.271271547000083,-8.177071764999937,0.0],[114.271417072000077,-8.176957794999964,0.0],[114.271428449000041,-8.176957960999971,0.0],[114.271525804000021,-8.176913730999956,0.0],[114.271587686000089,-8.176845433999972,0.0],[114.271817895000027,-8.176787133999937,0.0],[114.271820482000066,-8.176787159999947,0.0],[114.27195709800003,-8.176703172999964,0.0],[114.271964448000062,-8.176695373999962,0.0],[114.272122950000039,-8.17665462399998,0.0],[114.272127692000026,-8.176641332999964,0.0],[114.272130234000088,-8.176638683999954,0.0],[114.272162839000089,-8.17651335599993,0.0],[114.272162737000031,-8.176510563999955,0.0],[114.272112696000022,-8.176416673999938,0.0],[114.272109829000101,-8.176413775999947,0.0],[114.272081408000076,-8.176335055999971,0.0],[114.272080564000021,-8.176317363999942,0.0],[114.272135678000041,-8.176234080999961,0.0],[114.272146711,-8.176228112999979,0.0],[114.272155166000061,-8.176228183999967,0.0],[114.272830765000094,-8.175867996999955,0.0],[114.273008203000018,-8.175816951999934,0.0],[114.273255969000047,-8.17603300899998,0.0],[114.273258471000076,-8.176038117999951,0.0],[114.273368032,-8.176187167999956,0.0],[114.273368179000045,-8.176191969999934,0.0],[114.273427773000094,-8.176343673999952,0.0],[114.273425618000033,-8.176346227999943,0.0],[114.273436006000111,-8.176491674999966,0.0],[114.273440671000117,-8.176499010999976,0.0],[114.273443044000032,-8.176503877999949,0.0],[114.273524689000055,-8.176655561999951,0.0],[114.273524837000082,-8.176664286999937,0.0],[114.273529178000103,-8.176672965999956,0.0],[114.27353559900007,-8.176681606999978,0.0],[114.273653592000073,-8.176844978999952,0.0],[114.273849920000089,-8.176980503999971,0.0],[114.273910184000101,-8.176932680999926,0.0],[114.2739211170001,-8.176921651999976,0.0],[114.27407894800001,-8.176775966999969,0.0],[114.274083503000043,-8.176773634999961,0.0],[114.274361040000031,-8.176430079999932,0.0],[114.274557578000099,-8.176104319999979,0.0],[114.274639150000098,-8.175954243999968,0.0],[114.274753933000056,-8.175818712999956,0.0],[114.274938639000084,-8.175768729999959,0.0],[114.274952632,-8.175771693999934,0.0],[114.274959004000038,-8.175780338999971,0.0],[114.275288769000099,-8.175984067999934,0.0],[114.27544170200008,-8.17604003699995,0.0],[114.27544802400007,-8.17603562599993,0.0],[114.275619069000072,-8.176012217999926,0.0],[114.275705342000037,-8.175964121999925,0.0],[114.275705511000069,-8.175961848999975,0.0],[114.275951313000064,-8.175713111999926,0.0],[114.276190188000101,-8.175410836999959,0.0],[114.276307882000083,-8.175253539999972,0.0],[114.27644220600007,-8.175049453999975,0.0],[114.276447456000028,-8.175043329999937,0.0],[114.276650692000089,-8.17491107099994,0.0],[114.276656001000106,-8.174910883999928,0.0],[114.27666681200003,-8.174907359999963,0.0],[114.276867239000012,-8.174928564999959,0.0],[114.277101317000074,-8.17502505799996,0.0],[114.277175482000075,-8.175262539999949,0.0],[114.277276540000116,-8.175514017999944,0.0],[114.277318859000047,-8.175523776999967,0.0],[114.277319852,-8.175530325999944,0.0],[114.277422885000078,-8.175607819999925,0.0],[114.27742713900011,-8.175616235999939,0.0],[114.277435538000077,-8.175701758999935,0.0],[114.277397505000067,-8.175741560999938,0.0],[114.277322999000035,-8.175771869999949,0.0]]}},
{"type":"Feature","properties":{"Name":"Saluran Sekunder","Kategori":"Saluran Irigasi Sekunder","DI":"Maesogati","KorSDA":"Kabat","Status":null,"DI_PERMEN":"Maesogati","ID_TANAH":null},"geometry":{"type":"LineString","coordinates":[[114.361746961000108,-8.243110055999978,0.0],[114.361732713000038,-8.243163439999933,0.0],[114.361722677000103,-8.243216899999936,0.0],[114.361716173000104,-8.243255111999929,0.0],[114.361713620000046,-8.243297022999968,0.0],[114.361699454000018,-8.243335411999965,0.0],[114.361696437000091,-8.243362106999939,0.0],[114.36168993800004,-8.243400290999944,0.0],[114.361684024000056,-8.243457457999966,0.0],[114.361674513000025,-8.243522298999949,0.0],[114.361668488000078,-8.243575634999956,0.0],[114.361658282,-8.243617668999946,0.0],[114.361632176000057,-8.243641106999974,0.0],[114.361606893000044,-8.243691096999953,0.0],[114.361573491000058,-8.243726095999932,0.0],[114.361540330000025,-8.243768673999966,0.0],[114.361511003000032,-8.243811145999928,0.0],[114.361492911000028,-8.243845737999948,0.0],[114.361490159000027,-8.243887506999954,0.0],[114.361475219000113,-8.243906825999943,0.0],[114.361441657000114,-8.243953141999953,0.0],[114.36143099100002,-8.243995104999954,0.0],[114.361435793000055,-8.244044272999929,0.0],[114.361493697000014,-8.244065576999958,0.0],[114.361563023000031,-8.244082805999938,0.0],[114.361636339000029,-8.244107520999933,0.0],[114.361729595000043,-8.24416968099996,0.0],[114.361787768000113,-8.244202376999965,0.0],[114.36183109600006,-8.244250619999946,0.0],[114.361893754000107,-8.244290754999952,0.0],[114.361963891000073,-8.244323096999949,0.0],[114.362053815000081,-8.244377669999949,0.0],[114.362139563000028,-8.244420952999974,0.0],[114.362232673000108,-8.244467912999937,0.0],[114.362322026000015,-8.24451494799996,0.0],[114.36242294200008,-8.244561658999942,0.0],[114.362504487000024,-8.244605104999948,0.0],[114.362574259000098,-8.24463747599998,0.0],[114.362663169000029,-8.244669366999972,0.0],[114.362721457000021,-8.244702023999935,0.0],[114.362759832000052,-8.244704853999963,0.0],[114.362818947000051,-8.244619980999971,0.0],[114.362858466000034,-8.244520471999977,0.0],[114.36290603000009,-8.24443974999997,0.0],[114.362956714,-8.244332387999975,0.0],[114.3629929330001,-8.244255664999969,0.0],[114.363024921000033,-8.244163844999946,0.0],[114.363054125000076,-8.24411,0.0],[114.363102499000092,-8.244055660999948,0.0],[114.363136581000049,-8.24403962599996,0.0],[114.363214863000053,-8.24409838899993,0.0],[114.363370531000101,-8.24418938599996,0.0],[114.363491404000115,-8.244269929999973,0.0],[114.363554172000022,-8.244325353999955,0.0],[114.363588790000108,-8.244328261999954,0.0],[114.36363471300001,-8.244323282999972,0.0],[114.363680723000016,-8.244322097999941,0.0],[114.363840501000027,-8.244420585999933,0.0],[114.364054224000029,-8.244525451999948,0.0],[114.364108506000093,-8.244546903999947,0.0],[114.364201411000067,-8.244578761999946,0.0],[114.364317924000034,-8.244625432999953,0.0],[114.364503933000037,-8.244685557999958,0.0],[114.364616566000109,-8.244728491999979,0.0],[114.364647840000089,-8.244746780999947,0.0],[114.364748983000027,-8.244793727999934,0.0],[114.36492674100009,-8.244849840999962,0.0],[114.365039326000101,-8.244892715999981,0.0],[114.365097549000097,-8.244914111999947,0.0],[114.365148326000053,-8.244943316999979,0.0],[114.365233669000077,-8.244967929999973,0.0],[114.365323591000106,-8.245004108999979,0.0],[114.365593131000082,-8.24509369499998,0.0]]}},
{"type":"Feature","properties":{"Name":"Saluran Sekunder","Kategori":"Saluran Irigasi Sekunder","DI":"Mluwo","KorSDA":"Kabat","Status":null,"DI_PERMEN":"Mluwo","ID_TANAH":null},"geometry":{"type":"LineString","coordinates":[[114.248470317000056,-8.19337829899996,0.0],[114.24847072700004,-8.193404742999974,0.0],[114.248477133000051,-8.19343852399993,0.0],[114.248478021000096,-8.193446369999947,0.0],[114.248490892000063,-8.193468932999963,0.0],[114.248513086000116,-8.19348268799996,0.0],[114.248535076000053,-8.193517575999977,0.0],[114.24854851200007,-8.193545326999981,0.0],[114.248567921000017,-8.193580406999956,0.0],[114.248596370000087,-8.193604106999942,0.0],[114.248629065000046,-8.193619529999978,0.0],[114.248664906000045,-8.193639929999961,0.0],[114.248716412000022,-8.19366155199998,0.0],[114.248746877000031,-8.19367983199993,0.0],[114.248775631000058,-8.193706153999926,0.0],[114.248807829000043,-8.193716406999954,0.0],[114.24883150200003,-8.193719544999965,0.0],[114.248859774000039,-8.193717018999962,0.0],[114.248914653000043,-8.193720007999957,0.0],[114.248945753000044,-8.193743541999936,0.0],[114.248964236,-8.193770819999941,0.0],[114.24896943400006,-8.193820238999933,0.0],[114.248978015000034,-8.193877130999965,0.0],[114.248982102000014,-8.193916006999928,0.0],[114.248987815000078,-8.193970342999933,0.0],[114.249007705000054,-8.193986912999947,0.0],[114.24904168,-8.193989260999956,0.0],[114.249081396000065,-8.194019819999937,0.0],[114.249120911000091,-8.194047780999938,0.0],[114.249153220000039,-8.19408152799997,0.0],[114.249189562000083,-8.194104521999975,0.0],[114.249238691000073,-8.194149820999939,0.0],[114.24928383800011,-8.194182442999931,0.0],[114.249317912000038,-8.194234041999948,0.0],[114.249354245000063,-8.194282789999932,0.0],[114.249399323000034,-8.194341068999961,0.0],[114.249442233000082,-8.194353145999969,0.0],[114.249505103000047,-8.194355949999931,0.0],[114.249577454000018,-8.194347706999963,0.0],[114.249650691000056,-8.194344374999957,0.0],[114.249718534000067,-8.194338899999934,0.0],[114.249790955000094,-8.194325309999954,0.0],[114.249832557000104,-8.194319366999935,0.0],[114.24987180800008,-8.194316195999932,0.0],[114.249892471000067,-8.194340357999977,0.0],[114.249911757000064,-8.194369754999968,0.0],[114.249937439000064,-8.194408037999949,0.0],[114.249955202000024,-8.194446992999929,0.0],[114.24997066200001,-8.194488808999949,0.0],[114.249993487000097,-8.194548699999928,0.0],[114.250015692000034,-8.194627183999955,0.0],[114.250015991000055,-8.194629831999976,0.0],[114.250036252000086,-8.194644119999964,0.0],[114.250068948000035,-8.194668261999936,0.0],[114.25011633400004,-8.19468046999998,0.0],[114.250163628000109,-8.194692654999926,0.0],[114.250215407000042,-8.194720435999955,0.0],[114.250258111000107,-8.194740883999941,0.0],[114.250293062000083,-8.194796044999975,0.0],[114.250297146000094,-8.194840384999964,0.0],[114.250296224000067,-8.194887733999963,0.0],[114.250284821000037,-8.194935914999974,0.0],[114.250287724000032,-8.19499594399997,0.0],[114.250317744000085,-8.195035337999968,0.0],[114.250351325000111,-8.195056105999981,0.0],[114.250395627000103,-8.19507860799996,0.0],[114.250443032000021,-8.195106089999967,0.0],[114.250480420000031,-8.19513694799997,0.0],[114.250521796000044,-8.195154406999961,0.0],[114.250580408000019,-8.195186061999948,0.0],[114.250671411000098,-8.195225445999938,0.0],[114.25074776800011,-8.195250414999975,0.0],[114.250812182000118,-8.195260787999928,0.0],[114.250889293000114,-8.195264963999932,0.0],[114.250943025000083,-8.195273615999952,0.0],[114.251001197000051,-8.195302634999962,0.0],[114.251018763000047,-8.195321930999967,0.0],[114.25105669200002,-8.195331838999948,0.0],[114.251094620000117,-8.195341748999965,0.0],[114.251120298000046,-8.195331955999961,0.0],[114.251189658000044,-8.195336792999967,0.0],[114.251219706000029,-8.195347335999941,0.0],[114.251262529000087,-8.195351699999947,0.0],[114.251297449000049,-8.195356690999972,0.0],[114.251333617000114,-8.195343487999935,0.0],[114.251336060000085,-8.195340707999947,0.0],[114.251357665000114,-8.195310508999967,0.0],[114.251414933000092,-8.195292987999949,0.0],[114.251450738000017,-8.195308301999944,0.0],[114.251484827000013,-8.195336698999938,0.0],[114.251553511000111,-8.195364920999964,0.0],[114.251605164000011,-8.195378956999946,0.0],[114.251654161000033,-8.195393199999955,0.0],[114.251686337000024,-8.195434562999935,0.0],[114.251703029000055,-8.195482303999938,0.0],[114.25170558700006,-8.195556712999974,0.0],[114.251708453000106,-8.195597539999937,0.0],[114.251707777000092,-8.195625758999938,0.0],[114.251708354000016,-8.195671724999954,0.0],[114.251702780000073,-8.195741145999932,0.0],[114.251707495,-8.195773438999936,0.0],[114.251714605000075,-8.195812238999963,0.0],[114.251729906000037,-8.195861665999928,0.0],[114.25174798,-8.195913344999951,0.0],[114.251766068000052,-8.195965066999975,0.0],[114.251806153000075,-8.196008956999947,0.0],[114.251830479000091,-8.196047164999925,0.0],[114.251835931000073,-8.196074838999948,0.0],[114.251844327000072,-8.196130500999971,0.0],[114.251852190000022,-8.196181081999953,0.0],[114.251862297000116,-8.196228834999943,0.0],[114.25188524400005,-8.196277706999979,0.0],[114.251887118000013,-8.19629552899994,0.0],[114.251887426000053,-8.196349469999973,0.0],[114.251890692000075,-8.196408234999979,0.0],[114.251891402000069,-8.196467323999968,0.0],[114.251903133000042,-8.196507290999932,0.0],[114.251907193000079,-8.196548088999975,0.0],[114.251907151000069,-8.196599655999933,0.0],[114.251911724000024,-8.196645625999963,0.0],[114.251914520000014,-8.196673736999969,0.0],[114.251917827000057,-8.196706976999963,0.0],[114.251918317000104,-8.196737936999966,0.0],[114.251917260000027,-8.196779412999945,0.0],[114.251936477000072,-8.196816282999976,0.0],[114.251951867000116,-8.196840624999936,0.0],[114.251952122000034,-8.196843188999935,0.0],[114.251957247000064,-8.196868579999943,0.0],[114.251940275000038,-8.196906558999956,0.0],[114.25193820100003,-8.196937876999925,0.0],[114.251936638000075,-8.196974345999934,0.0],[114.251951266000106,-8.197017023999933,0.0],[114.251963079,-8.197057422999933,0.0],[114.251979537000011,-8.197092201999965,0.0],[114.252020488000085,-8.197111611999958,0.0],[114.252076969000086,-8.197129537999956,0.0],[114.252087155000027,-8.197176888999934,0.0],[114.252092527000059,-8.197204839999927,0.0],[114.252108956000029,-8.197239423999974,0.0],[114.252134415000114,-8.197260109999945,0.0],[114.252162727000041,-8.197283113999958,0.0],[114.252163482000014,-8.197316807999925,0.0],[114.252190788,-8.197355560999938,0.0],[114.252217871000084,-8.197365758999979,0.0],[114.252235324000026,-8.197382175999962,0.0],[114.252259652000021,-8.19741350399994,0.0],[114.252278776000026,-8.197445367999933,0.0],[114.252292698000019,-8.197477767999942,0.0],[114.25229317700007,-8.197532370999966,0.0],[114.25228504100005,-8.197580053999957,0.0],[114.252289099000109,-8.197618673999955,0.0],[114.252289369000096,-8.197621248999951,0.0],[114.252307682000037,-8.197645388999945,0.0],[114.252345850000097,-8.197685810999928,0.0],[114.252371477000111,-8.197706717999949,0.0],[114.252400267000098,-8.197732530999929,0.0],[114.252422583000111,-8.197745955999949,0.0],[114.252445453000064,-8.197764544999927,0.0],[114.252458787000023,-8.197791901999949,0.0],[114.252482188000045,-8.197841874999938,0.0],[114.252494143000035,-8.197905900999956,0.0],[114.252499744000033,-8.197934010999973,0.0],[114.252502987000071,-8.197964996999929,0.0],[114.252511626000114,-8.197998154999937,0.0],[114.252515344000017,-8.198034417999963,0.0],[114.252519062000033,-8.198070692999977,0.0],[114.252521985000044,-8.19809920299997,0.0],[114.252522105000025,-8.198151553999935,0.0]]}},
{"type":"Feature","properties":{"Name":"SEKUNDER MUSTOPO","Kategori":"Saluran Irigasi Sekunder","DI":"Mustopo","KorSDA":"Kabat","Status":null,"DI_PERMEN":"Mustofa","ID_TANAH":null},"geometry":{"type":"LineString","coordinates":[[114.29114266800002,-8.219206459999953,0.0],[114.291147418000037,-8.219249027999979,0.0],[114.291155902000014,-8.219304566999938,0.0],[114.291163709000102,-8.219340434999935,0.0],[114.291178419000062,-8.219386017999966,0.0],[114.291179381,-8.219415175999927,0.0],[114.291197472000022,-8.219445148999966,0.0],[114.291212176000045,-8.219471829999975,0.0],[114.291240626000103,-8.219508563999966,0.0],[114.291275075000044,-8.219535477999955,0.0],[114.291296283000065,-8.219565188999979,0.0],[114.291320395000071,-8.21958836999994,0.0],[114.291344689000084,-8.219617897999967,0.0],[114.291372133000095,-8.219647344999942,0.0],[114.2913896660001,-8.219676467999932,0.0],[114.291391266,-8.219714754999927,0.0],[114.291392728,-8.219749724999929,0.0],[114.291387302000089,-8.219774993999977,0.0],[114.291386328000044,-8.219828647999975,0.0],[114.291387523000026,-8.219866089999925,0.0],[114.291382827,-8.219922010999937,0.0],[114.291378518000101,-8.219984045999979,0.0],[114.291364863000013,-8.220055055999978,0.0],[114.291339884000081,-8.220079655999939,0.0],[114.291305159000103,-8.220104267999943,0.0],[114.2913020310001,-8.220107347999942,0.0],[114.291267607,-8.220141246999958,0.0],[114.291249802000038,-8.220184350999943,0.0],[114.291211161000092,-8.220215320999955,0.0],[114.291157546000022,-8.220258220999938,0.0],[114.291124574000037,-8.220341276999932,0.0],[114.291104487000098,-8.220402449999938,0.0],[114.29104806600003,-8.22048050099994,0.0],[114.291011080000089,-8.220563334999952,0.0],[114.291005540000015,-8.220620204999932,0.0],[114.291015430000016,-8.220698765999941,0.0],[114.291068441000107,-8.220729483999946,0.0],[114.291125754000063,-8.220760045999953,0.0],[114.291192892000026,-8.220828750999942,0.0],[114.29123074600011,-8.220909310999957,0.0],[114.291285431,-8.220964072999948,0.0],[114.291326956000034,-8.221027225999933,0.0],[114.291372645000024,-8.221085939999966,0.0],[114.291440483000088,-8.221156876999942,0.0],[114.291534183000067,-8.221227238999973,0.0],[114.291542923000065,-8.22122713899995,0.0],[114.291622299000096,-8.221268085999952,0.0],[114.291635776000021,-8.221288835999928,0.0],[114.291644646,-8.221297086999925,0.0],[114.291670914000065,-8.221305113999961,0.0],[114.291743796000105,-8.221356116999971,0.0],[114.291802049000012,-8.221419563999973,0.0],[114.291848660000028,-8.221485790999964,0.0],[114.291848667000068,-8.221488559999955,0.0],[114.291868330000057,-8.221562877999929,0.0],[114.291893761000097,-8.221623431999944,0.0],[114.29190225800005,-8.22164272599997,0.0],[114.291933300000096,-8.221742381999945,0.0],[114.291967398000111,-8.221836834999976,0.0],[114.292016956000111,-8.221917487999974,0.0],[114.292056349000063,-8.221998518999953,0.0],[114.292092864000097,-8.22206822499993,0.0],[114.292126708000069,-8.222124145999942,0.0],[114.29214081300006,-8.222129557999949,0.0],[114.292195610000022,-8.222153976999948,0.0],[114.2922734980001,-8.222166570999946,0.0],[114.292334041000117,-8.222179505999975,0.0],[114.29238605,-8.222209625999938,0.0],[114.292423794000115,-8.222251423999978,0.0],[114.292490166000107,-8.222304207999969,0.0],[114.292547780000064,-8.222340260999943,0.0],[114.292614092,-8.222370493999961,0.0],[114.292683200000056,-8.222383493999928,0.0],[114.292757902000062,-8.222382033999963,0.0],[114.292800439000075,-8.222346786999935,0.0],[114.292854494000039,-8.222319972999969,0.0],[114.29292013700001,-8.222304401999963,0.0],[114.292997486000104,-8.222302894999928,0.0],[114.293083782000053,-8.222315501999958,0.0],[114.29318721900006,-8.222330438999961,0.0],[114.293264616000101,-8.222337338999978,0.0],[114.293344543000103,-8.222335619999967,0.0],[114.293415824000022,-8.222334086999979,0.0],[114.29351599600011,-8.222346179999931,0.0],[114.293568563,-8.222387711999943,0.0],[114.293607211000108,-8.222435339999947,0.0],[114.293671711000115,-8.222499337999977,0.0],[114.293726391000064,-8.222532017999981,0.0],[114.293780502000118,-8.22255039199996,0.0],[114.293840455,-8.222577125999976,0.0],[114.293902586000058,-8.22259506499995,0.0],[114.293989920000058,-8.222623455999951,0.0],[114.294068415000083,-8.222643556999969,0.0],[114.294166115000053,-8.222681149999971,0.0],[114.294239053000069,-8.222708513999976,0.0],[114.294315789000052,-8.222726465999926,0.0],[114.294385153,-8.222759089999954,0.0],[114.294428629000095,-8.222780933999957,0.0],[114.294490561000089,-8.222823576999929,0.0],[114.294531875000075,-8.222863527999948,0.0],[114.294585876000042,-8.222922549999964,0.0],[114.294663933000038,-8.223023538999939,0.0],[114.294742417000066,-8.223112103999938,0.0],[114.294793863000109,-8.223138246999952,0.0],[114.294841394000059,-8.223176487999979,0.0],[114.294885454000109,-8.223217635999958,0.0],[114.294915925000055,-8.223255123999934,0.0],[114.29492907000008,-8.223304384999949,0.0],[114.294928646000017,-8.223310496999943,0.0],[114.294938304000084,-8.223356700999943,0.0],[114.294950171000096,-8.223418587999959,0.0],[114.294953051000107,-8.223471348999965,0.0],[114.294952841000054,-8.223474454999973,0.0],[114.294950107000091,-8.223514918999967,0.0],[114.294957923000084,-8.223543173999929,0.0],[114.294983549000108,-8.223596878999956,0.0],[114.295003804000089,-8.223634950999951,0.0],[114.295057170000064,-8.223664043999975,0.0],[114.295181831000036,-8.223693968999953,0.0],[114.295255571000098,-8.22370742499993,0.0],[114.295332355000028,-8.223720883999931,0.0],[114.295437680000077,-8.22373775899996,0.0],[114.29553898100005,-8.22376713999995,0.0],[114.295601475000012,-8.223796295999932,0.0],[114.295682490000104,-8.223826157999952,0.0],[114.295755971000062,-8.223845066999957,0.0],[114.295814196000038,-8.223874456999965,0.0],[114.295877781000058,-8.223906435999936,0.0],[114.29590827700008,-8.223925020999957,0.0],[114.295947463000061,-8.223959370999978,0.0],[114.295995373000096,-8.224017099999969,0.0],[114.296037433000038,-8.224066756999946,0.0],[114.296103391000088,-8.224116306999974,0.0],[114.296103489000075,-8.224118903999965,0.0],[114.296155825000028,-8.224158044999967,0.0],[114.296232239,-8.224204881999981,0.0],[114.296315242000105,-8.224245932999963,0.0],[114.29639729500002,-8.22427636599997,0.0],[114.29647672100009,-8.224306805999959,0.0],[114.296540063000066,-8.224321936999957,0.0],[114.29657432700003,-8.224326934999965,0.0],[114.296629446000111,-8.224301307999951,0.0],[114.296703071000024,-8.224262755999973,0.0],[114.296753293000052,-8.224242207999964,0.0],[114.296841327000038,-8.224245340999971,0.0],[114.296878776000085,-8.22425857199994,0.0],[114.296918817,-8.22427437999994,0.0],[114.296956058000092,-8.224287505999939,0.0],[114.297006336000095,-8.224297779999972,0.0],[114.297014290000106,-8.224302937999937,0.0],[114.297056626000085,-8.224326106999968,0.0],[114.297104114000035,-8.224377438999966,0.0],[114.297148679000088,-8.22443355799993,0.0],[114.297218698000052,-8.224504937999939,0.0],[114.29724688400006,-8.224537742999928,0.0],[114.297267138000052,-8.224570313999948,0.0],[114.297304927000027,-8.224622512999929,0.0],[114.297334717000012,-8.22468151399994,0.0],[114.297369634,-8.22472785399998,0.0],[114.297383617000037,-8.224794715999963,0.0],[114.297388414000011,-8.224854221999976,0.0],[114.297402419000036,-8.224938590999955,0.0],[114.297416069000064,-8.22498311499993,0.0],[114.297427531000039,-8.22503706599997,0.0],[114.297451384000055,-8.225094574999957,0.0],[114.29745506800009,-8.225101355999925,0.0],[114.297488914000041,-8.225171719999935,0.0],[114.297516903000087,-8.225247155999966,0.0],[114.297547451000014,-8.225321665999957,0.0],[114.297572230000014,-8.225377758999969,0.0],[114.297585578000053,-8.225444210999967,0.0],[114.297592019000035,-8.225453419999951,0.0],[114.29759553800011,-8.225462483999934,0.0],[114.297616738000102,-8.225519546999976,0.0],[114.297644305000063,-8.225590720999946,0.0],[114.297650477000047,-8.225599488999933,0.0],[114.297650843000042,-8.225605303999941,0.0],[114.29768384700003,-8.225640287999965,0.0],[114.297724061000054,-8.225657858999966,0.0],[114.297790374000101,-8.225695642999938,0.0],[114.297818271000097,-8.225750081999934,0.0],[114.29781886,-8.225761458999955,0.0],[114.297853186000111,-8.225840575999939,0.0],[114.29787314500004,-8.225915767999936,0.0],[114.297876136000014,-8.225921309999933,0.0],[114.297903561000112,-8.225984724999932,0.0],[114.297912438000026,-8.226068944999952,0.0],[114.297963457000037,-8.226130784999953,0.0],[114.29797893500006,-8.226186794999933,0.0],[114.29802380000001,-8.22624245399993,0.0],[114.298091645000113,-8.226266457999941,0.0],[114.298097128000109,-8.22626917599996,0.0],[114.298151622000091,-8.226290984999935,0.0],[114.298157073000084,-8.226293687999942,0.0],[114.29822759000001,-8.226326074999974,0.0],[114.298232999000106,-8.226328758999955,0.0],[114.298326815000109,-8.226355880999961,0.0],[114.298451490000048,-8.226401883999927,0.0],[114.29862322300005,-8.226460130999953,0.0],[114.298776348000047,-8.22650241499997,0.0],[114.298928994000107,-8.226565156999925,0.0],[114.299052098000061,-8.22662289699997,0.0],[114.299169936000112,-8.22665060099996,0.0],[114.299330539000039,-8.226703554999972,0.0],[114.299459306000017,-8.226746176999939,0.0],[114.299519398000029,-8.226756806999958,0.0],[114.299583043000098,-8.226768781999965,0.0],[114.29963692900003,-8.226783159999968,0.0],[114.299685902000078,-8.226797547999979,0.0],[114.29975193100006,-8.226816731999975,0.0],[114.299825134000116,-8.226838268999927,0.0],[114.299900612000101,-8.22685738399997,0.0],[114.299992907000046,-8.226881215999981,0.0],[114.300058263000096,-8.226902586999927,0.0],[114.300133123000023,-8.226926276999961,0.0],[114.300188475000027,-8.226940472999956,0.0],[114.300264883000068,-8.226968719999945,0.0],[114.300329158000068,-8.226989820999961,0.0]]}},
{"type":"Feature","properties":{"Name":"SEKUNDER PAKEM","Kategori":"Saluran Irigasi Sekunder","DI":"Pakem Kabat","KorSDA":"Kabat","Status":null,"DI_PERMEN":"Pakem","ID_TANAH":null},"geometry":{"type":"LineString","coordinates":[[114.274426789000017,-8.186609176999923,0.0],[114.274424781000221,-8.186633507999943,0.0],[114.274416799000051,-8.186671031999936,0.0],[114.274411476000068,-8.18669002099989,0.0],[114.274409787000081,-8.186721587999898,0.0],[114.274407853000071,-8.186752020999961,0.0],[114.274403321000023,-8.186779986999966,0.0],[114.274403827000128,-8.186781761999953,0.0],[114.274397136000175,-8.186811980999948,0.0],[114.274391724000225,-8.186835429999917,0.0],[114.274402197000086,-8.18685521999987,0.0],[114.274401988000022,-8.186868166999886,0.0],[114.274398746000088,-8.186878624999963,0.0],[114.274393377000138,-8.186895262999883,0.0],[114.274383660000126,-8.186910849999947,0.0],[114.274371466000161,-8.186929566999879,0.0],[114.274366143000179,-8.186946095999929,0.0],[114.274354792000054,-8.18696865499993,0.0],[114.274342391,-8.186987318999968,0.0],[114.274328982000043,-8.187007261999952,0.0],[114.274322251000058,-8.187032644999874,0.0],[114.274314225000126,-8.187056820999942,0.0],[114.274309079000091,-8.187074497999902,0.0],[114.274309364000032,-8.187097703999939,0.0],[114.27431484400006,-8.187114243999929,0.0],[114.274326060000135,-8.187128981999876,0.0],[114.274331069000141,-8.18716243599988,0.0],[114.274337672000229,-8.187178714999902,0.0],[114.274336732000165,-8.187201667999943,0.0],[114.274332694,-8.187228411999911,0.0],[114.27432875400018,-8.187245495999946,0.0],[114.274326319000011,-8.187266981999926,0.0],[114.274325591000206,-8.187288523999939,0.0],[114.274341213000071,-8.187304134999977,0.0],[114.274355831000207,-8.187318902999948,0.0],[114.274371655000095,-8.187326212999949,0.0],[114.274383591000174,-8.187333872999943,0.0],[114.274389780000092,-8.187345243999914,0.0],[114.274398943000051,-8.187361783999961,0.0],[114.274402865000184,-8.187373980999894,0.0],[114.274410746000058,-8.187387274999935,0.0],[114.27441660400018,-8.187402973999895,0.0],[114.27441892100012,-8.18741504399992,0.0],[114.274421341000107,-8.187433584999951,0.0],[114.274424936000173,-8.187450858999966,0.0],[114.274428364000073,-8.187472258999946,0.0],[114.274436914000034,-8.187490218999926,0.0],[114.274453523000147,-8.18750486499988,0.0],[114.274463548000085,-8.187521013999969,0.0],[114.274471883000047,-8.187540584999908,0.0],[114.274487118000138,-8.187556942999947,0.0],[114.274497884000084,-8.187572502999899,0.0],[114.274506740000106,-8.187582612999904,0.0],[114.274525479000204,-8.187595988999874,0.0],[114.274540338000065,-8.18762045699998,0.0],[114.27455197300003,-8.187637446999929,0.0],[114.274569487000122,-8.187652595999964,0.0],[114.274590256000124,-8.18767871599988,0.0],[114.274598052000101,-8.187692388999949,0.0],[114.274611288000074,-8.187709470999948,0.0],[114.274620818000017,-8.18772169399989,0.0],[114.274636710000095,-8.187737191999929,0.0],[114.274647387000186,-8.187757523999949,0.0],[114.274654232000103,-8.187773287999903,0.0],[114.274666160000038,-8.187799447999907,0.0],[114.274672920000057,-8.187815744999966,0.0],[114.274679604000085,-8.187831856999935,0.0],[114.274685067000064,-8.187854692999963,0.0],[114.274685472000215,-8.187874978999957,0.0],[114.274680759000034,-8.187891646999901,0.0],[114.274674356000219,-8.187909203999936,0.0],[114.274665754000011,-8.187926393999874,0.0],[114.274661692000223,-8.187945880999962,0.0],[114.274661054000148,-8.187968688999888,0.0],[114.274663215000032,-8.187984075999907,0.0],[114.274662440000043,-8.1880052919999,0.0],[114.274665614000014,-8.188027667999904,0.0],[114.274668089000102,-8.188045108999916,0.0],[114.274670274000187,-8.188060513999972,0.0],[114.274674602,-8.18807798399996,0.0],[114.274678792000032,-8.188106423999955,0.0],[114.274671740000144,-8.188130318999924,0.0],[114.274667830000112,-8.188158784999928,0.0],[114.274672061000047,-8.188185964999946,0.0],[114.274669738000171,-8.188215772999911,0.0],[114.274669343000028,-8.18824964099997,0.0],[114.274670261000097,-8.188283841999976,0.0],[114.274657292000029,-8.188308297999924,0.0],[114.274651092000227,-8.188324930999897,0.0],[114.274643339000022,-8.188344919999963,0.0],[114.274637160000111,-8.188366735999978,0.0],[114.274623309000162,-8.188387874999933,0.0],[114.274615012000027,-8.188408225999922,0.0],[114.274609824000208,-8.18842696299987,0.0],[114.274601223000104,-8.188449126999956,0.0],[114.274600387000191,-8.188467761999902,0.0],[114.274592908000045,-8.188497516999973,0.0],[114.274595948000069,-8.188534807999929,0.0],[114.274591805000227,-8.188572093999937,0.0],[114.274586865000174,-8.188604467999937,0.0],[114.274586950000071,-8.188618794999968,0.0],[114.274580074000028,-8.188640743999883,0.0],[114.274569362000193,-8.18866418499988,0.0],[114.274557459000221,-8.188668100999962,0.0],[114.27456757400023,-8.188704292999944,0.0],[114.274563811,-8.188724323999963,0.0],[114.274577679000117,-8.188749715999961,0.0],[114.274586185000089,-8.188787016999925,0.0],[114.274591256,-8.188820761999978,0.0],[114.274595842000053,-8.188840777999928,0.0],[114.274606810000137,-8.188866154999914,0.0],[114.274619633000157,-8.188877439999942,0.0],[114.274644632000218,-8.188907579999977,0.0],[114.274661349000098,-8.18893755199997,0.0],[114.274673726000174,-8.188967691999949,0.0],[114.274687404000019,-8.188991064999925,0.0],[114.274692591000189,-8.18901504199988,0.0],[114.274704067000016,-8.18904857299998,0.0],[114.274709887000199,-8.189082099999894,0.0],[114.274703539000029,-8.189110496999945,0.0],[114.274702553000111,-8.18914364799997,0.0],[114.274702721000153,-8.189169100999948,0.0],[114.274698711000156,-8.189187685999968,0.0],[114.274703057000011,-8.189218810999932,0.0],[114.274712216000125,-8.189249533999941,0.0],[114.274718785,-8.18928783299998,0.0],[114.274739935000184,-8.189334640999959,0.0],[114.27474776400004,-8.189369548999878,0.0],[114.274750018000077,-8.189397890999942,0.0],[114.274732483000093,-8.189419388999966,0.0],[114.274714814000163,-8.189446278999924,0.0],[114.274706222000191,-8.189466895999942,0.0],[114.274698216000047,-8.189492359999917,0.0],[114.274688303000175,-8.189520724999966,0.0],[114.274685711000188,-8.189549417999956,0.0],[114.274680598000145,-8.18956768399994,0.0],[114.274677728000142,-8.189594276999912,0.0],[114.274677436000047,-8.18963023699996,0.0],[114.274677448000034,-8.189657816999954,0.0],[114.274675519000198,-8.189697204999902,0.0],[114.274676847000137,-8.189735290999977,0.0],[114.274671712000099,-8.18978062799988,0.0],[114.274672123000073,-8.189804759999959,0.0],[114.274672072000158,-8.18983561999994,0.0],[114.274661281000022,-8.189858262999905,0.0],[114.274664021000149,-8.189903980999873,0.0],[114.274664600000051,-8.189947312999948,0.0],[114.274674190000155,-8.189992329999939,0.0],[114.27468355100018,-8.190024882999921,0.0],[114.274699154000132,-8.190056357999879,0.0],[114.274712064000141,-8.190084407999905,0.0],[114.274724814000137,-8.190112114999977,0.0],[114.274748647000024,-8.190133672999877,0.0],[114.274771287000135,-8.190145704999907,0.0],[114.27480384200021,-8.190147322999962,0.0],[114.274847395000052,-8.190166632999933,0.0],[114.274877294000134,-8.190202368999962,0.0],[114.27490111100019,-8.190221452999936,0.0],[114.274929125000199,-8.190240504999906,0.0],[114.274979459000065,-8.190274698999929,0.0],[114.275025778000099,-8.190301258999966,0.0],[114.275054417000092,-8.190320926999902,0.0],[114.275068071000192,-8.190333780999936,0.0],[114.275110361000088,-8.190357846999973,0.0],[114.275137975000121,-8.190376070999946,0.0],[114.27515532200016,-8.190384101999939,0.0],[114.27518448800015,-8.190399199999945,0.0],[114.275210733000222,-8.190407661999927,0.0],[114.275243571000146,-8.190423565999879,0.0],[114.275278721000177,-8.190427058999887,0.0],[114.275310674000025,-8.190446847999965,0.0],[114.275336616000118,-8.190463017999946,0.0],[114.275353921000033,-8.190496806999931,0.0],[114.275371203000191,-8.190526925999905,0.0],[114.275371563000022,-8.190529087999892,0.0],[114.275390363000156,-8.190554581999891,0.0],[114.275435293000214,-8.190597747999902,0.0],[114.2754565890001,-8.190627489999883,0.0],[114.275530375000017,-8.190701585999875,0.0],[114.275556900000197,-8.190728256999876,0.0],[114.275587371000142,-8.190757626999925,0.0],[114.27562467600012,-8.19079309499989,0.0],[114.275660293000101,-8.19084662299997,0.0],[114.275689746000012,-8.1908756979999,0.0],[114.275717327000052,-8.190911228999937,0.0],[114.27574354300009,-8.190954716999954,0.0],[114.275783873000023,-8.190991098999973,0.0],[114.275815525000212,-8.19100638599997,0.0],[114.275842486000215,-8.191021070999966,0.0],[114.275884332000146,-8.191032997999969,0.0],[114.275937362000036,-8.191038283999944,0.0],[114.275977441000123,-8.191056722999974,0.0],[114.276033780000034,-8.191096723999976,0.0],[114.276087124000014,-8.191135980999945,0.0],[114.276127365000207,-8.191170172999932,0.0],[114.276153566000175,-8.19119470399994,0.0],[114.276190472000053,-8.191224304999878,0.0],[114.276228004000131,-8.191241422999951,0.0],[114.276259049000146,-8.191241394999963,0.0],[114.276297193000119,-8.191238414999873,0.0],[114.276328854000099,-8.191250454999931,0.0],[114.276367220000111,-8.191273603999889,0.0],[114.276444011000081,-8.191298567999979,0.0],[114.276484136000022,-8.191334511999969,0.0],[114.276541002000045,-8.19136723299988,0.0],[114.276634594000029,-8.191419075999931,0.0],[114.27663714900018,-8.191420768999876,0.0],[114.276725827000178,-8.191467004999879,0.0],[114.27678001400011,-8.191506527999877,0.0],[114.276842429000226,-8.191544343999908,0.0],[114.276915134000092,-8.191590782999924,0.0],[114.276962864000211,-8.191633132999868,0.0],[114.277004159000171,-8.191676511999901,0.0],[114.277004570000031,-8.19167856099989,0.0],[114.27703764100022,-8.191725650999899,0.0],[114.27706688700016,-8.191765028999953,0.0],[114.277081215000067,-8.191794340999877,0.0],[114.27712295300023,-8.191910629999938,0.0],[114.277150943000038,-8.191957419999881,0.0],[114.277183275000198,-8.192025720999936,0.0],[114.277209847000108,-8.192083908999962,0.0],[114.277242081000054,-8.192133511999884,0.0],[114.277273203000163,-8.19219458699996,0.0],[114.27731368100001,-8.192246408999893,0.0],[114.277348947000064,-8.192273145999877,0.0],[114.277400718000195,-8.192307871999901,0.0],[114.277507695000054,-8.192358060999879,0.0],[114.277586878000079,-8.19240224899994,0.0],[114.277633627000114,-8.192452568999897,0.0],[114.27769106400001,-8.192515808999872,0.0],[114.277695382000047,-8.192518697999958,0.0],[114.277769651000199,-8.192593476999946,0.0],[114.277813505000154,-8.192685028999961,0.0],[114.2778468140001,-8.192741594999916,0.0],[114.277873649000071,-8.192803047999973,0.0],[114.27789550600005,-8.192858027999876,0.0],[114.277923373000135,-8.192904393999981,0.0],[114.277957785000012,-8.192964118999953,0.0],[114.277978526000197,-8.193011623999894,0.0],[114.278016096000101,-8.193089149999935,0.0],[114.278034352000191,-8.193126314999972,0.0],[114.278065918000152,-8.193194207999966,0.0],[114.278090975000168,-8.193267031999881,0.0],[114.278110201000118,-8.19334835199993,0.0],[114.278156240000158,-8.193449598999962,0.0],[114.27819476500008,-8.193493479999972,0.0],[114.278291872000182,-8.19362716899991,0.0],[114.278364493000026,-8.193736704999935,0.0],[114.27843572900008,-8.193877912999881,0.0],[114.278533706000076,-8.194036380999933,0.0],[114.278617726000107,-8.194166821999886,0.0],[114.278741410000066,-8.194256986999903,0.0],[114.278840108000054,-8.194305568999937,0.0],[114.27902055200002,-8.194327473999977,0.0],[114.279141721000087,-8.19437083899993,0.0],[114.279319342000122,-8.194456496999976,0.0],[114.27943701900017,-8.194556316999979,0.0],[114.279500343000223,-8.194660938999903,0.0],[114.27957812700015,-8.194794196999965,0.0],[114.279700375000061,-8.194877593999934,0.0],[114.279834527000162,-8.194942484999956,0.0],[114.279952005000155,-8.195003362999955,0.0],[114.280107998000176,-8.1951275159999,0.0],[114.280261523000149,-8.195204535999949,0.0],[114.280383853000103,-8.19532096699993,0.0],[114.280546973000014,-8.195476827999926,0.0],[114.280676593000067,-8.195624728999917,0.0],[114.280781859000058,-8.195770492999884,0.0],[114.280902941000136,-8.195912960999976,0.0],[114.28098897100017,-8.196006940999894,0.0],[114.281052059000217,-8.196106141999962,0.0],[114.28112998600011,-8.1962345849999,0.0],[114.28115295300006,-8.196334761999935,0.0],[114.281092973000227,-8.19646115799992,0.0],[114.281109189000176,-8.196603740999933,0.0],[114.281137581000166,-8.196621954999898,0.0],[114.281282053000041,-8.196688656999925,0.0],[114.281414337000115,-8.196807255999886,0.0],[114.281481872000199,-8.196856600999979,0.0],[114.281595148000065,-8.196910756999898,0.0],[114.281653742000117,-8.196983019999948,0.0],[114.281714498000042,-8.197063973999889,0.0],[114.281763433000037,-8.197152469999935,0.0],[114.28180391300009,-8.197206557999948,0.0],[114.281860133000123,-8.197270587999924,0.0],[114.281916662000071,-8.197316403999935,0.0],[114.281987324000056,-8.197363523999968,0.0],[114.282034188000011,-8.19742566799988,0.0],[114.282088792000081,-8.197481508999886,0.0],[114.282148715000176,-8.197559239999919,0.0],[114.282188562000215,-8.197609572999909,0.0],[114.28219608500001,-8.19762159499993,0.0],[114.282258877000231,-8.197671169999978,0.0],[114.282263246000184,-8.197670133999964,0.0],[114.282329452000113,-8.197714385999973,0.0],[114.282383956000217,-8.197729178999964,0.0],[114.282433998000215,-8.197763528999872,0.0],[114.282448213000066,-8.197764793999966,0.0],[114.282541147000074,-8.197784529999922,0.0],[114.282573967000189,-8.197786237999878,0.0],[114.282694813000035,-8.197767742999929,0.0],[114.282733058000076,-8.197810014999902,0.0],[114.282785463000096,-8.197891048999963,0.0],[114.282792038000025,-8.197898873999975,0.0],[114.282845793000092,-8.197965995999937,0.0],[114.28287315700004,-8.198020565999911,0.0],[114.282885067000166,-8.198069339999961,0.0],[114.282918736000056,-8.198175135999975,0.0],[114.282929280000189,-8.19830886699998,0.0],[114.282946349000099,-8.198396977999948,0.0],[114.282972645000086,-8.19850484299991,0.0],[114.282996939000213,-8.198604490999912,0.0],[114.283018213000219,-8.198691747999931,0.0],[114.283030934000067,-8.19881645199996,0.0],[114.283026652000103,-8.198835141999893,0.0],[114.283006377000106,-8.198915057999955,0.0],[114.282992302000025,-8.199002232999931,0.0],[114.282994327000097,-8.199010553999926,0.0],[114.282978118000187,-8.199107026999911,0.0],[114.282966078000186,-8.199202454999977,0.0],[114.282955621000156,-8.199213780999969,0.0],[114.282918672000051,-8.199279921999903,0.0],[114.282920656000215,-8.1992882589999,0.0],[114.282883238000068,-8.19938977399994,0.0],[114.282877892000215,-8.199404277999918,0.0],[114.282774424000195,-8.199486193999917,0.0],[114.282756639000013,-8.199503634999871,0.0],[114.282677271000011,-8.199575305999929,0.0],[114.282668774000172,-8.199594935999869,0.0],[114.282559879000132,-8.199651460999917,0.0],[114.282553572000211,-8.199661749999905,0.0],[114.282499368000117,-8.199709757999869,0.0],[114.282470421000085,-8.199791422999965,0.0],[114.282484790000012,-8.199871756999869,0.0],[114.28248869000015,-8.199888478999924,0.0],[114.282519510000043,-8.199965205999945,0.0],[114.282521436000025,-8.199973608999926,0.0],[114.28258827500008,-8.200073126999939,0.0],[114.282598565000058,-8.200079583999923,0.0],[114.282676272000231,-8.200168017999943,0.0],[114.282686593000108,-8.200174498999957,0.0],[114.282798594000042,-8.200295474999905,0.0],[114.282883259000187,-8.200403268999878,0.0],[114.282969795000099,-8.200479339999958,0.0],[114.283074059000114,-8.200606063999942,0.0],[114.283148076000202,-8.200700028999904,0.0],[114.283173267000052,-8.200747293999939,0.0],[114.283347295000226,-8.200873885999897,0.0],[114.283417379000184,-8.200976914999899,0.0],[114.283423660000039,-8.200984282999968,0.0],[114.283486657000026,-8.201093543999889,0.0],[114.283552092000036,-8.201157768999963,0.0],[114.283606933000215,-8.201180087999944,0.0],[114.283696579000207,-8.201162909999937,0.0],[114.283772571000213,-8.20112679499988,0.0],[114.283809532000191,-8.201113429999907,0.0],[114.283829617000151,-8.201086338999914,0.0],[114.283843364000177,-8.201069669999924,0.0],[114.283885677000171,-8.201023835999877,0.0],[114.28391737700008,-8.201007263999941,0.0],[114.284044111000185,-8.200958734999915,0.0],[114.284061023000163,-8.200954636999938,0.0],[114.284218644000134,-8.200938765999979,0.0],[114.284324594000168,-8.200930977999917,0.0],[114.284337326000013,-8.200927896999929,0.0],[114.284496537000109,-8.200916190999976,0.0],[114.284616639000092,-8.200909486999933,0.0],[114.28473904100008,-8.200911150999957,0.0],[114.284758215000124,-8.200915471999963,0.0],[114.284870472000193,-8.200910746999966,0.0],[114.284935794000148,-8.200917425999876,0.0],[114.285024793000048,-8.200945432999958,0.0],[114.285031200000049,-8.200952889999883,0.0],[114.285072938000098,-8.20099237699992,0.0],[114.285108306000211,-8.201024440999959,0.0],[114.285174824000023,-8.201089700999944,0.0],[114.285272677000194,-8.201188349999882,0.0],[114.285348056000089,-8.201269979999893,0.0],[114.285396768000055,-8.201317437999933,0.0],[114.285405389000175,-8.201333537999915,0.0],[114.285448761000225,-8.201377828999966,0.0],[114.285538710000083,-8.201515870999913,0.0],[114.285615713000198,-8.201613115999976,0.0],[114.285670939000056,-8.20169356599996,0.0],[114.285736687000053,-8.201780501999963,0.0],[114.285738768000101,-8.201788973999953,0.0],[114.285808815000109,-8.201875015999974,0.0],[114.285856958000068,-8.201944115999936,0.0],[114.285873735000223,-8.201957992999894,0.0],[114.285942988000102,-8.202004047999878,0.0],[114.286001789000125,-8.202057392999961,0.0],[114.286006116000067,-8.202074356999958,0.0],[114.286056477000216,-8.202147680999872,0.0],[114.28605755600006,-8.202151916999981,0.0],[114.286097284000107,-8.202254625999956,0.0],[114.286130496000055,-8.202331832999903,0.0],[114.286133720000066,-8.202344496999899,0.0],[114.28614442200012,-8.202368798999885,0.0],[114.286157376000119,-8.202455148999945,0.0],[114.286164807000091,-8.202538295999943,0.0],[114.286178547000191,-8.202610955999944,0.0],[114.286181718000194,-8.20262359599991,0.0],[114.286220944000206,-8.202672317999941,0.0],[114.286255138000229,-8.202717524999969,0.0],[114.286312720000183,-8.202783776999922,0.0],[114.286334054,-8.202814178999972,0.0],[114.286376806000135,-8.202910155999916,0.0],[114.286426875000075,-8.203018700999905,0.0],[114.286469266000154,-8.203144736999946,0.0],[114.286544195000033,-8.203257784999892,0.0],[114.286548684000195,-8.203274785999952,0.0],[114.286585506000165,-8.203329056999905,0.0],[114.286600669000109,-8.203352442999915,0.0],[114.286693860000128,-8.203464432999965,0.0],[114.286777395000172,-8.203534230999935,0.0],[114.286794136000026,-8.20354821899997,0.0],[114.286895508000043,-8.203654806999964,0.0],[114.286972758000047,-8.203695159999938,0.0],[114.287041390000013,-8.203696812999965,0.0],[114.287091069000212,-8.203675805999922,0.0],[114.287172349000116,-8.203615464999928,0.0],[114.287227576000191,-8.20357951799997,0.0],[114.287300242000015,-8.203521242999955,0.0],[114.287323191000041,-8.203484000999879,0.0],[114.28733302500018,-8.203468040999951,0.0],[114.287412952000068,-8.203385300999969,0.0],[114.287459330000047,-8.203351389999909,0.0],[114.287527411000042,-8.203275751999968,0.0],[114.287556934000122,-8.203191155999889,0.0],[114.287578724000127,-8.203149351999969,0.0],[114.287625454000022,-8.203096779999896,0.0],[114.28769611700011,-8.203047321999975,0.0],[114.287826905000088,-8.202996576999965,0.0],[114.287883754000177,-8.202982467999959,0.0],[114.287893576000215,-8.202984620999928,0.0],[114.287992001000134,-8.203006192999965,0.0],[114.288016131000177,-8.203009429999952,0.0],[114.288110519000156,-8.20301397999998,0.0],[114.288138014000197,-8.20301187799987,0.0],[114.288215263000097,-8.20298381799995,0.0],[114.288246322000077,-8.202957789999914,0.0],[114.288308520000101,-8.202905668999961,0.0],[114.288311877000069,-8.202900229999955,0.0],[114.288326531000052,-8.202864311999917,0.0],[114.288397742000029,-8.202809869999953,0.0],[114.288417946000095,-8.202777152999943,0.0],[114.288498733000097,-8.202664642999935,0.0],[114.28861736600004,-8.202570370999922,0.0],[114.28867915100011,-8.202513249999924,0.0],[114.288690413000154,-8.202501158999894,0.0],[114.288734177000038,-8.20246708399992,0.0],[114.288841540000135,-8.20242199799992,0.0],[114.288913099000069,-8.202404348999892,0.0],[114.28893100200014,-8.20239993399997,0.0],[114.289002670000173,-8.202382257999943,0.0],[114.289080628000079,-8.202409680999892,0.0],[114.289101786000174,-8.20241846499988,0.0],[114.289156089000016,-8.202465750999977,0.0],[114.289226040000017,-8.202518557999952,0.0],[114.28923587700001,-8.202539470999966,0.0],[114.2892673,-8.202629713999954,0.0],[114.289271210000038,-8.202703266999947,0.0],[114.289278827000203,-8.202771211999959,0.0],[114.289279934000206,-8.20277559699997,0.0],[114.289287863000027,-8.202862085999925,0.0],[114.289340996000078,-8.202975052999932,0.0],[114.289386261000232,-8.203038821999883,0.0],[114.289387397000155,-8.203043217999891,0.0],[114.289430303000131,-8.20309831499992,0.0],[114.289538719,-8.203222060999963,0.0],[114.289544323000086,-8.203225397999972,0.0],[114.289605892000168,-8.203299600999969,0.0],[114.289639980000175,-8.20339906199996,0.0],[114.28969683400021,-8.203516281999953,0.0],[114.28975929,-8.203694572999893,0.0],[114.289757515000019,-8.203964263999978,0.0],[114.289825881000183,-8.204239954999878,0.0],[114.289877983000224,-8.204451806999941,0.0],[114.289961505000178,-8.20470071699998,0.0],[114.290024007000056,-8.204954941999972,0.0],[114.290149639000106,-8.205103231999885,0.0],[114.290238036,-8.205283203999954,0.0],[114.290410849000068,-8.205442189999872,0.0],[114.290558407000049,-8.205585606999932,0.0],[114.29069030200003,-8.20566542399996,0.0],[114.291044079000017,-8.205825393999874,0.0],[114.291218962000016,-8.206075348999946,0.0],[114.291389101000163,-8.206304199999977,0.0],[114.291527590000214,-8.206405663999931,0.0],[114.29165470800001,-8.206554660999927,0.0],[114.291691298000046,-8.206613053999945,0.0],[114.291827520000083,-8.206714120999948,0.0],[114.292105706000029,-8.206847514999879,0.0],[114.292337138000221,-8.206970353999964,0.0],[114.292374150000228,-8.207028922999882,0.0],[114.292590202000156,-8.207178464999913,0.0],[114.292771336000214,-8.207269739999958,0.0],[114.292824812000049,-8.207301920999953,0.0],[114.29302176900012,-8.207457040999884,0.0],[114.29328647400007,-8.207617800999969,0.0],[114.293456697000011,-8.207756937999932,0.0],[114.29350985800022,-8.207789130999913,0.0],[114.293659585000114,-8.207933500999957,0.0],[114.293862454000077,-8.2080197599999,0.0],[114.294139780000137,-8.208313716999896,0.0],[114.294347296000069,-8.208511693999924,0.0],[114.294405846000132,-8.20856522999992,0.0],[114.29453877800006,-8.208736178999914,0.0],[114.294677230000048,-8.209018579999963,0.0],[114.294762149,-8.209358810999959,0.0],[114.294922249000138,-8.209545662999972,0.0],[114.295082625000077,-8.209732348999921,0.0],[114.295253551000201,-8.209961464999878,0.0],[114.29544016400007,-8.210164419999899,0.0],[114.295577588000128,-8.210357202999944,0.0],[114.295841678000102,-8.210701056999881,0.0],[114.295903656000064,-8.210957636999979,0.0],[114.296082607000017,-8.211412110999902,0.0],[114.296129391000022,-8.211604519999923,0.0],[114.296171968000067,-8.212072599999942,0.0],[114.296146388000011,-8.212443137999969,0.0],[114.29609302900019,-8.212978842999973,0.0],[114.29609116600011,-8.213251140999944,0.0],[114.296251503,-8.213528699999927,0.0],[114.29635276700003,-8.213752672999874,0.0],[114.296446887000116,-8.214138535999894,0.0],[114.296545829000024,-8.214547441999912,0.0],[114.296424015000071,-8.214856624999982,0.0],[114.296200124000052,-8.215092272999868,0.0],[114.295982502000015,-8.215535029999899,0.0],[114.295827080000095,-8.215756191999901,0.0],[114.295835991000217,-8.215983812999923,0.0],[114.295790387000011,-8.216178628999955,0.0],[114.295826640000087,-8.216422774999899,0.0],[114.295863199000223,-8.216759248999949,0.0],[114.295916344000034,-8.217068671999868,0.0],[114.295969980000223,-8.217285890999904,0.0],[114.296242125000049,-8.217634535999878,0.0],[114.296354986000097,-8.21790636299994,0.0],[114.296495287000084,-8.218102555999963,0.0],[114.296629188000225,-8.218277281999974,0.0],[114.296931777000168,-8.218388457999936,0.0],[114.297208076000175,-8.218575393999913,0.0],[114.297228344000018,-8.218847123999922,0.0],[114.297423182000216,-8.219077012999946,0.0],[114.297630106000042,-8.219165756999928,0.0],[114.297919709000098,-8.219211631999883,0.0],[114.298132506000115,-8.219229981999945,0.0],[114.298409405000029,-8.219141365999974,0.0],[114.298798349000208,-8.219025402999875,0.0],[114.299105700000155,-8.218951954999909,0.0],[114.299413206000168,-8.218970947999878,0.0],[114.299956118000182,-8.219188839999958,0.0],[114.300412815000186,-8.219334544999981,0.0],[114.300726520000126,-8.219468186999904,0.0],[114.301035017000117,-8.219579996999926,0.0],[114.301704535000113,-8.219444267999961,0.0],[114.30209844500007,-8.219328269999949,0.0],[114.30247635600017,-8.219239332999962,0.0],[114.302921905000176,-8.219134391999887,0.0],[114.303254361000086,-8.219335015999889,0.0],[114.303586826000014,-8.219535457999882,0.0],[114.303769241000055,-8.219701615999952,0.0],[114.304170043000227,-8.219793385999878,0.0],[114.304567914000017,-8.219770927999889,0.0],[114.304857662000018,-8.219701047999877,0.0],[114.305136769000114,-8.219587210999975,0.0],[114.30547085000012,-8.219506447999947,0.0],[114.305897883000171,-8.21961320999992,0.0],[114.306285558000013,-8.219545618999916,0.0],[114.306533595000019,-8.219393774999958,0.0],[114.306991030000063,-8.219424434999951,0.0],[114.307208564,-8.219536366999876,0.0],[114.307481155000119,-8.219775506999952,0.0],[114.307742609000229,-8.219876395999961,0.0],[114.30791506800017,-8.219904951999979,0.0],[114.308209939000108,-8.22013872399998,0.0],[114.308270304000075,-8.220382002999941,0.0],[114.308537671000067,-8.220505209999942,0.0],[114.308711053000025,-8.220534168999905,0.0],[114.308871978000184,-8.220616519999965,0.0],[114.309009991000153,-8.220664915999976,0.0],[114.309070196000221,-8.220683294999901,0.0],[114.30919937900012,-8.220713068999885,0.0],[114.30927811000015,-8.220747918999905,0.0],[114.3092983370002,-8.220825249999905,0.0],[114.309255341000153,-8.220895095999936,0.0],[114.309234215000174,-8.220945257999915,0.0],[114.309240892000162,-8.220979622999891,0.0],[114.309242800000106,-8.220989445999919,0.0],[114.309268173000191,-8.221040500999891,0.0],[114.309334223000064,-8.221088533999932,0.0],[114.309358878000126,-8.221109152999873,0.0],[114.309393489000058,-8.221127787999933,0.0],[114.309444167000152,-8.22114838899995,0.0],[114.309456086000182,-8.221156256999961,0.0],[114.309497816000089,-8.221183801999928,0.0],[114.309552518000146,-8.221249868999962,0.0],[114.309559490000197,-8.221258748999901,0.0],[114.30958140000007,-8.221316032999937,0.0],[114.3095843870002,-8.221330856999941,0.0],[114.309607304000224,-8.221393115999945,0.0],[114.309609297000179,-8.221403002999921,0.0],[114.309666137000022,-8.221504833999916,0.0],[114.309692163000022,-8.221556247999899,0.0],[114.309754179000038,-8.221579873999929,0.0],[114.309804187000054,-8.22159560699987,0.0],[114.309855205000076,-8.221616285999914,0.0],[114.309900167000023,-8.221607296999878,0.0],[114.309930142000098,-8.221601303999932,0.0],[114.309980099000086,-8.221591316999877,0.0],[114.310038008000106,-8.22159523199997,0.0],[114.310129901000209,-8.221613032999926,0.0],[114.310171922000222,-8.221640754999896,0.0],[114.310587067319943,-8.222087152814197,0.0],[114.31065345643492,-8.22278717267011,0.0],[114.311323637234523,-8.223180646712706,0.0],[114.311712406180959,-8.22360853050526,0.0],[114.312303199328198,-8.224034292635622,0.0],[114.313155099580399,-8.224353704660018,0.0],[114.313345944493449,-8.224456253004234,0.0],[114.314227594899648,-8.224897888681141,0.0],[114.314989070180673,-8.225037684461427,0.0],[114.315345989331604,-8.225489782052534,0.0],[114.315250810891371,-8.226037058083875,0.0],[114.31529840011126,-8.226608128725218,0.0],[114.315964649192892,-8.227250583196792,0.0],[114.31651192522429,-8.227797859228133,0.0],[114.316821255155105,-8.228606875970172,0.0],[114.317035406645573,-8.229439687322156,0.0],[114.317987191048019,-8.230153525623962,0.0],[114.318677234739653,-8.230795980095536,0.0],[114.319200716160935,-8.231010131586061,0.0],[114.320176295173269,-8.231747764497868,0.0],[114.321080490355484,-8.232128478258801,0.0],[114.322674729229448,-8.232675754290142,0.0]]}},
{"type":"Feature","properties":{"Name":"Saluran Irigasi Sekunder","Kategori":"Saluran Irigasi Sekunder","DI":"Panggung","KorSDA":"Kabat","Status":null,"DI_PERMEN":"Panggung","ID_TANAH":null},"geometry":{"type":"LineString","coordinates":[[114.251989601000105,-8.189030418999948,0.0],[114.252066261000095,-8.188993437999954,0.0],[114.252116775000104,-8.188982697999961,0.0],[114.252165495000099,-8.188972339999964,0.0],[114.252205199000059,-8.18896389899993,0.0],[114.252246342000035,-8.18897020199995,0.0],[114.252279049000094,-8.188981948999981,0.0],[114.252308978000087,-8.188993799999935,0.0],[114.252346579,-8.189022877999946,0.0],[114.252370409000036,-8.189038295999978,0.0],[114.252391701000079,-8.189059859999929,0.0],[114.252424234000046,-8.189090266999926,0.0],[114.252442335000069,-8.189105103999964,0.0],[114.252476457000057,-8.189105349999977,0.0],[114.252526469000031,-8.189106237999965,0.0],[114.252570419000108,-8.189104735999933,0.0],[114.252648843000088,-8.189103615999954,0.0],[114.252684502000079,-8.189100060999976,0.0],[114.252740886000083,-8.189105212999948,0.0],[114.252742720000015,-8.189104838999981,0.0],[114.252788371000065,-8.18911400199994,0.0],[114.252847108000083,-8.189122309999959,0.0],[114.252897718000099,-8.189147067999954,0.0],[114.252933039000027,-8.18916201299993,0.0],[114.252959649000104,-8.18918991399994,0.0],[114.252975376000109,-8.189220140999964,0.0],[114.252978354000106,-8.189243775999955,0.0],[114.252979093000022,-8.189247357999932,0.0],[114.252964928000097,-8.189280288999953,0.0],[114.252960233000067,-8.189313204999962,0.0],[114.252982531000043,-8.189364564999948,0.0],[114.253012776000105,-8.189409228999978,0.0],[114.253034358000036,-8.189448456999969,0.0],[114.253059675000031,-8.189479706999975,0.0],[114.253062892000116,-8.189483911999957,0.0],[114.253089505000048,-8.189507645999981,0.0],[114.253121127000099,-8.189540288999979,0.0],[114.253156066000088,-8.189572357999964,0.0],[114.25319210400005,-8.189584529999934,0.0],[114.253245293000077,-8.189605358999927,0.0],[114.253321873000118,-8.189640807999979,0.0],[114.253358284000115,-8.189660069999945,0.0],[114.253389227000071,-8.189692753999964,0.0],[114.253416300000026,-8.189731237999979,0.0],[114.253428139000107,-8.189768115999925,0.0],[114.253434313000071,-8.189801339999974,0.0],[114.253438093000113,-8.189835135999942,0.0],[114.253443209000011,-8.189876147999939,0.0],[114.253447640000104,-8.189900011999953,0.0],[114.253459377000013,-8.189949709999951,0.0],[114.253475709000099,-8.189983583999947,0.0],[114.253486435000013,-8.190041239999971,0.0],[114.253502831000105,-8.190075275999959,0.0],[114.253513794000014,-8.190120604999947,0.0],[114.253524951000031,-8.190153410999926,0.0],[114.253547479000076,-8.190206524999951,0.0],[114.253570675000105,-8.190249522999977,0.0],[114.253623870000069,-8.190278158999945,0.0],[114.253651146000038,-8.190302049999957,0.0],[114.253695203,-8.190332489999946,0.0],[114.253723721000028,-8.190371330999938,0.0],[114.253731051000045,-8.190407058999938,0.0],[114.253738877000046,-8.190445201999978,0.0],[114.253747200000021,-8.190485764999949,0.0],[114.253778236000016,-8.19051170299997,0.0],[114.253800886000022,-8.190534389999925,0.0],[114.253810222000084,-8.19057977999995,0.0],[114.2538131660001,-8.190606596999942,0.0],[114.25384469800008,-8.190647395999974,0.0],[114.253875249000089,-8.19069589999998,0.0],[114.253895975000091,-8.190759025999967,0.0],[114.253891041000088,-8.190810192999948,0.0],[114.253885540000056,-8.19084651999998,0.0],[114.253881454000066,-8.190902734999952,0.0],[114.253880278000111,-8.190973592999967,0.0],[114.253871127000025,-8.19108622899995,0.0],[114.253867423000088,-8.191139797999938,0.0],[114.253852122000012,-8.191175813999962,0.0],[114.253847890000088,-8.191227004999973,0.0],[114.25382782600002,-8.191276670999969,0.0],[114.253839250000055,-8.191316874999927,0.0],[114.253849790000118,-8.191364798999928,0.0],[114.253852243000097,-8.191399432999958,0.0],[114.253861724000103,-8.191442542999937,0.0],[114.253874188000054,-8.191487479999978,0.0],[114.253901971,-8.191578897999932,0.0],[114.253927599,-8.191604433999942,0.0],[114.253960789000075,-8.191632441999957,0.0],[114.254006102000062,-8.191670495999972,0.0],[114.254050587000052,-8.191703807999943,0.0],[114.254053963000047,-8.19170812699997,0.0],[114.254083442000024,-8.191742201999944,0.0],[114.254093992000094,-8.191770262999967,0.0],[114.254108896000048,-8.191807567999945,0.0],[114.254125325000018,-8.19183955699998,0.0],[114.254151933000117,-8.191897409999967,0.0],[114.254167959000029,-8.19192710699997,0.0],[114.254205049,-8.191972824999937,0.0],[114.254241682000043,-8.19204183599993,0.0],[114.254257876000111,-8.192058930999963,0.0],[114.254297219000023,-8.192089145999944,0.0],[114.254337153000051,-8.192083288999982,0.0],[114.254344549000052,-8.192081727999948,0.0],[114.254380067000056,-8.192066515999954,0.0],[114.254387075000068,-8.192062419999957,0.0],[114.254425568000102,-8.192046341999969,0.0],[114.254463502000021,-8.19204065699995,0.0],[114.254504577000034,-8.192045966999956,0.0],[114.254545830000097,-8.192069875999948,0.0],[114.254620421000027,-8.192129202999979,0.0],[114.254675759000065,-8.192194982999979,0.0],[114.254718193000031,-8.192248537999944,0.0],[114.254768689000116,-8.192315464999979,0.0],[114.254793133000021,-8.192380541999967,0.0],[114.254824968000094,-8.192419153999936,0.0],[114.254834500000015,-8.192427203999955,0.0],[114.254873984000028,-8.192454045999966,0.0],[114.254914734000067,-8.192498221999926,0.0],[114.2549467340001,-8.192561822999949,0.0],[114.254948852000098,-8.192571446999978,0.0],[114.254963898000028,-8.19265147599998,0.0],[114.254989955000042,-8.192711519999932,0.0],[114.254991858000039,-8.192766854999945,0.0],[114.254992376000018,-8.192827674999933,0.0],[114.255002822000051,-8.192922051999972,0.0],[114.255002283000067,-8.192978291999964,0.0],[114.255013511000016,-8.193029417999981,0.0],[114.25505264100002,-8.193102705999934,0.0],[114.255076799000108,-8.193166876999953,0.0],[114.255122143000108,-8.193221261999952,0.0],[114.255135840000094,-8.193272645999969,0.0],[114.255145491,-8.193317279999974,0.0],[114.255146671000034,-8.19335874899997,0.0],[114.255150757000024,-8.193365643999925,0.0],[114.255198409000059,-8.193393865999951,0.0],[114.255201423000017,-8.19339578599994,0.0],[114.255236805000095,-8.193403308999962,0.0],[114.255253260000018,-8.193407354999977,0.0],[114.255336607000118,-8.193409,0.0],[114.255388395000068,-8.193420573999958,0.0],[114.255439109,-8.193427517999964,0.0],[114.255491591,-8.193447545999959,0.0],[114.25554266100005,-8.193469438999955,0.0],[114.255567990000031,-8.193491919999929,0.0],[114.255596168000011,-8.19351391999993,0.0],[114.255620949000104,-8.193544356999951,0.0],[114.255663716000072,-8.193573447999938,0.0],[114.255692841000041,-8.193587585999978,0.0],[114.25573298300003,-8.193604440999934,0.0],[114.255771702000061,-8.19362674499996,0.0],[114.255812204000108,-8.193633247999969,0.0],[114.255851085000018,-8.193632395999941,0.0],[114.255888756000104,-8.193626662999975,0.0],[114.255916483000078,-8.193623119999927,0.0],[114.255950537000103,-8.193649036999943,0.0],[114.255975643000056,-8.193669265999972,0.0],[114.256026277000046,-8.193663263999952,0.0],[114.256041149000112,-8.193659985999943,0.0],[114.25604858500003,-8.193658347999929,0.0],[114.256067876000088,-8.193651516999978,0.0],[114.256100864000018,-8.193659727999943,0.0],[114.256150159000072,-8.193705617999967,0.0],[114.256187410000052,-8.193743750999943,0.0],[114.256224905000067,-8.193771454999933,0.0],[114.256253829000116,-8.193795902999966,0.0],[114.256283803000088,-8.193801995999934,0.0],[114.256328480000093,-8.193781489999935,0.0],[114.256368656000063,-8.193764613999974,0.0],[114.256419632000075,-8.193750447999946,0.0],[114.256456909,-8.193744555999956,0.0],[114.256509886000117,-8.193740246999937,0.0],[114.256539837000105,-8.193759098999976,0.0],[114.256583785000089,-8.193824259999928,0.0],[114.256623672000046,-8.193886890999977,0.0],[114.256658087,-8.193948131999946,0.0],[114.256698841000116,-8.194003038999938,0.0],[114.2567623220001,-8.194055761999948,0.0],[114.25679786,-8.194099045999963,0.0],[114.256851156000039,-8.194163957999933,0.0],[114.256895980000081,-8.194225574999962,0.0],[114.256929649000085,-8.194294684999932,0.0],[114.256967940000095,-8.194350106999934,0.0],[114.256971493000037,-8.19435443499998,0.0],[114.257011603000024,-8.194383955999967,0.0],[114.257047899000099,-8.194419382999968,0.0],[114.257078266,-8.194450987999971,0.0],[114.257087225000078,-8.19445667399998,0.0],[114.25711754800011,-8.194488285999967,0.0],[114.257186094000076,-8.194585613999948,0.0],[114.257242310000038,-8.194611764999934,0.0],[114.257302122000056,-8.194630774999951,0.0],[114.257360930000118,-8.194656247999944,0.0],[114.257409556000084,-8.194705035999959,0.0],[114.257419266000056,-8.194709258999978,0.0],[114.257470249000107,-8.194759425999962,0.0],[114.257549992,-8.194821966999939,0.0],[114.25761108800009,-8.194879895999975,0.0],[114.257615656000098,-8.194880974999933,0.0],[114.257662479000032,-8.194906166999942,0.0],[114.257695929000079,-8.194911225999931,0.0],[114.257732028000078,-8.19490938499996,0.0],[114.257744269000113,-8.194906627999956,0.0],[114.25775038800009,-8.194905249999977,0.0],[114.25780270000007,-8.19489974399994,0.0],[114.257883725000056,-8.19490884399994,0.0],[114.257885752000107,-8.194908391999945,0.0],[114.257934412000054,-8.194916334999959,0.0],[114.257940489000021,-8.194914979999965,0.0],[114.257989758,-8.194935272999942,0.0],[114.25804482500007,-8.194967083999927,0.0],[114.258086119000041,-8.194971648999967,0.0],[114.25808824,-8.194971203999955,0.0],[114.258122673000116,-8.194966186999977,0.0],[114.258164960000045,-8.194966118999957,0.0],[114.25821200900009,-8.194958446999976,0.0],[114.258256126000106,-8.194975541999952,0.0],[114.258317331000057,-8.195008705999953,0.0],[114.258362433000116,-8.195058242999949,0.0],[114.258389721000071,-8.195098296999959,0.0],[114.258417518000101,-8.195143916999939,0.0],[114.258450242000094,-8.19517325299995,0.0],[114.258470171000113,-8.19518398799994,0.0],[114.25850975600008,-8.195184156999971,0.0],[114.258542858000055,-8.195196115999977,0.0],[114.258600126000033,-8.195198579999953,0.0],[114.258635231000085,-8.195199471999956,0.0],[114.258674941000095,-8.195201490999978,0.0],[114.258710921000102,-8.195206447999965,0.0],[114.258734845000049,-8.195216154999969,0.0],[114.25874740800009,-8.195253916999945,0.0],[114.258759102000113,-8.195287653999969,0.0],[114.258782581000105,-8.195325284999967,0.0],[114.258816534000061,-8.195360688999926,0.0],[114.258858289000045,-8.195381574999942,0.0],[114.258894256000076,-8.195405892999929,0.0],[114.258960684000044,-8.195419277999974,0.0],[114.259014603000082,-8.195435409999959,0.0],[114.259070898,-8.195442431999936,0.0],[114.259114620000105,-8.195471578999957,0.0],[114.259150490000025,-8.195504641999946,0.0],[114.259173862000011,-8.195540499999936,0.0],[114.259215119000032,-8.19558756999993,0.0],[114.259253479000108,-8.19561158199997,0.0],[114.25928913100006,-8.195623239999975,0.0],[114.259312243000068,-8.195637698999974,0.0],[114.259328385000117,-8.195660248999957,0.0],[114.259353122000107,-8.195691783999962,0.0],[114.259375759000022,-8.195743372999971,0.0],[114.259399571000017,-8.195790364999937,0.0],[114.259414485000093,-8.195837109999957,0.0],[114.259439433000011,-8.195879459999958,0.0],[114.259466035000059,-8.195899707999956,0.0],[114.259468603000073,-8.195901318999972,0.0],[114.25949657700005,-8.195947342999943,0.0],[114.259525257000064,-8.195986687999948,0.0],[114.259535011000025,-8.196030167999936,0.0],[114.259543589000032,-8.196078236999938,0.0],[114.259565003000034,-8.196114773999966,0.0],[114.259589352000035,-8.196135273999971,0.0],[114.259615502000088,-8.196163980999927,0.0],[114.259634231000064,-8.196187062999968,0.0],[114.259656876,-8.196217282999953,0.0],[114.259681360000059,-8.196255187999952,0.0],[114.259691964000012,-8.19627768099997,0.0],[114.259717357000113,-8.196313255999939,0.0],[114.259748074000072,-8.19633760499994,0.0],[114.259777448000023,-8.196363701999928,0.0],[114.259800145000099,-8.196383008999931,0.0],[114.259814572000096,-8.196408847999976,0.0]]}},
{"type":"Feature","properties":{"Name":"Sekunder","Kategori":"Saluran Irigasi Sekunder","DI":"Sumber Plp Enceng","KorSDA":"Kabat","Status":null,"DI_PERMEN":"Sbr. Plp. Enceng","ID_TANAH":null},"geometry":{"type":"MultiLineString","coordinates":[[[114.269580328000075,-8.204052059999981,0.0],[114.269402483000022,-8.203789754999946,0.0],[114.269416021000097,-8.20365069199994,0.0],[114.269444928000098,-8.203529044999925,0.0],[114.269443420000016,-8.203526508999971,0.0],[114.269405993000078,-8.203354245999947,0.0],[114.269404598000051,-8.203349043999935,0.0],[114.269372168000018,-8.203309231999981,0.0],[114.269254019000073,-8.203222628999981,0.0],[114.269105068000044,-8.203060820999951,0.0],[114.269103495000081,-8.203058351999971,0.0],[114.269067864000021,-8.202948952999975,0.0],[114.269068158000096,-8.202944075999937,0.0],[114.268959882000104,-8.202778264999949,0.0],[114.268928985000116,-8.202737551999974,0.0],[114.268912203000014,-8.202542927999957,0.0],[114.268851531000109,-8.202426539999976,0.0],[114.268732672000056,-8.202307925999946,0.0],[114.268626558000051,-8.202204865999931,0.0],[114.268621814000085,-8.202199751999956,0.0],[114.268618593000042,-8.202112464999971,0.0],[114.268622623000056,-8.202103600999976,0.0],[114.268657758000018,-8.201922147999937,0.0],[114.268654042000094,-8.201836943999979,0.0],[114.268649577000019,-8.201820796999925,0.0],[114.26847526600011,-8.201658263999946,0.0],[114.268368702000089,-8.201613964999979,0.0],[114.268255417000091,-8.201490644999978,0.0],[114.268113109000069,-8.201296394999929,0.0],[114.267950243000087,-8.201080358999945,0.0],[114.267873468000062,-8.200868299999968,0.0],[114.267907664000063,-8.200747003999936,0.0],[114.267780391000088,-8.200522365999973,0.0],[114.267715242,-8.200375403999942,0.0],[114.267715189000114,-8.20036052599994,0.0],[114.267704551000065,-8.200177904999975,0.0],[114.267693789000077,-8.199791939999955,0.0],[114.267635623000047,-8.199451121999971,0.0],[114.267583781000098,-8.199348898999972,0.0],[114.267516902000011,-8.199137482999959,0.0],[114.267466452,-8.19900449499994,0.0],[114.267418625,-8.198886662999939,0.0],[114.267338083000027,-8.198839153999927,0.0],[114.267209843000046,-8.198836495999956,0.0],[114.267165050000017,-8.19883210699993,0.0],[114.267093311000053,-8.198853284999927,0.0],[114.26701850500001,-8.198798565999937,0.0],[114.267016188000071,-8.198789871999963,0.0],[114.26701747300001,-8.198781701999962,0.0],[114.267040175000034,-8.198685848999958,0.0],[114.267042142000037,-8.198661478999952,0.0],[114.267009112000096,-8.198603043999981,0.0],[114.266958834000093,-8.198547900999927,0.0],[114.266902003000041,-8.198484571999927,0.0],[114.266861969000047,-8.198464929999943,0.0],[114.266821519000018,-8.198489517999974,0.0],[114.266783241000098,-8.198518265999951,0.0]],[[114.264639703000057,-8.195940225999948,0.0],[114.26465302400004,-8.195996854999976,0.0],[114.264675494000016,-8.19607784599998,0.0],[114.264683726000044,-8.196089504999975,0.0],[114.26468722200002,-8.196093020999967,0.0],[114.264689548000092,-8.196095360999948,0.0],[114.264852583000106,-8.196257332999949,0.0],[114.265003218000061,-8.196419773999935,0.0],[114.265091772,-8.196490840999957,0.0],[114.265097543000024,-8.196495542999969,0.0],[114.265101020000088,-8.196496723999928,0.0],[114.265217967000012,-8.196573418999947,0.0],[114.265225599000019,-8.196578986999953,0.0],[114.265226670000061,-8.196580095999934,0.0],[114.26523201100008,-8.196585632999927,0.0],[114.265235207000046,-8.196588944999974,0.0],[114.265324620000115,-8.196687720999932,0.0],[114.265586004000056,-8.196765120999942,0.0],[114.265691577000098,-8.196773895999968,0.0],[114.265699875000109,-8.196774006999931,0.0],[114.26570214700007,-8.196775256999956,0.0],[114.265788716000088,-8.19682099399995,0.0],[114.265907470000116,-8.196840591999944,0.0],[114.265921398000046,-8.196840745999964,0.0],[114.265940538000109,-8.196840957999939,0.0],[114.265950921000012,-8.196842887999935,0.0],[114.266002171000082,-8.196821587999978,0.0],[114.266010888000096,-8.196821687999943,0.0],[114.266066288000047,-8.196826370999929,0.0],[114.266071249000106,-8.196830213999931,0.0],[114.266155752000031,-8.196915431999969,0.0],[114.266163571000106,-8.196922681999979,0.0],[114.266169830000081,-8.196928113999945,0.0],[114.266272683000011,-8.197031888999959,0.0],[114.266278723000028,-8.197036872999945,0.0],[114.266286531000105,-8.19704024999993,0.0],[114.266289618000087,-8.197041922999972,0.0],[114.26637311200011,-8.197206613999981,0.0],[114.266418402000113,-8.197296793999953,0.0],[114.266470419000029,-8.19733671299997,0.0],[114.266493392000029,-8.197398302999943,0.0],[114.266492097000082,-8.197406419999936,0.0],[114.266494351,-8.197501255999953,0.0],[114.266480068000078,-8.197531710999954,0.0],[114.266460755000026,-8.197541197999954,0.0],[114.266463566000084,-8.197544380999943,0.0],[114.266468590000045,-8.197599330999935,0.0],[114.266468090000103,-8.197639823999964,0.0],[114.266467859000045,-8.19764149599996,0.0],[114.266447570000082,-8.197679555999969,0.0],[114.266443350000031,-8.197686110999939,0.0],[114.266431345000115,-8.197713786999941,0.0],[114.266400458000021,-8.197708813999952,0.0],[114.26637594500005,-8.197705478999978,0.0],[114.266385655000022,-8.197734613999955,0.0],[114.26639040900011,-8.197736235999969,0.0],[114.26639852400001,-8.197763389999977,0.0],[114.266432749000046,-8.197765076999929,0.0],[114.266435813000044,-8.197766670999954,0.0],[114.266446159000111,-8.19780125099993,0.0],[114.266451539000059,-8.197849829999939,0.0],[114.266475464000109,-8.197929958999964,0.0],[114.266527984000049,-8.197980621999932,0.0],[114.266562922000048,-8.198071103999951,0.0],[114.266563928000096,-8.198076654999966,0.0],[114.266586948000054,-8.198149412999953,0.0],[114.266586688000075,-8.198151192999944,0.0],[114.266593825000086,-8.198219627999947,0.0],[114.266603314,-8.198269139999979,0.0],[114.266602690000013,-8.198305875999949,0.0],[114.266585802,-8.198328820999961,0.0],[114.266585306000025,-8.198332089999951,0.0],[114.266608723000104,-8.198410223999929,0.0],[114.266609924000022,-8.198413762999962,0.0],[114.266610589000038,-8.19842080799998,0.0],[114.266615719000015,-8.198466043999929,0.0],[114.266688522000095,-8.19849049499993,0.0],[114.26675048300001,-8.198512911999956,0.0],[114.266786524000054,-8.198531700999979,0.0]]]}},
{"type":"Feature","properties":{"Name":"Tersier","Kategori":"Saluran Irigasi Tersier","DI":"Sumber Plp Enceng","KorSDA":"Kabat","Status":null,"DI_PERMEN":"Sbr. Plp. Enceng","ID_TANAH":null},"geometry":{"type":"MultiLineString","coordinates":[[[114.266772684000102,-8.19854425699998,0.0],[114.266851501000019,-8.198622132999958,0.0],[114.266863030000081,-8.198701845999949,0.0],[114.266843735000066,-8.19882692799996,0.0],[114.266852555000014,-8.198900565999963,0.0],[114.266911109000034,-8.198965390999945,0.0]],[[114.266781651000088,-8.198510925999926,0.0],[114.266860914000063,-8.198469381999928,0.0],[114.266933522000045,-8.198510814999963,0.0],[114.266933110000082,-8.198513159999948,0.0],[114.2670443290001,-8.198659225999961,0.0]]]}},
{"type":"Feature","properties":{"Name":"Saluran Irigasi Sekunder","Kategori":"Saluran Irigasi Sekunder","DI":"Poncowati","KorSDA":"Kabat","Status":null,"DI_PERMEN":"Poncowati Ka/Ki","ID_TANAH":null},"geometry":{"type":"MultiLineString","coordinates":[[[114.291597691000106,-8.272644779999951,0.0],[114.291734339000072,-8.272775460999981,0.0],[114.291785316000073,-8.272990971999945,0.0],[114.291714486000046,-8.273235525999951,0.0],[114.291705860000093,-8.273244217999945,0.0],[114.291431617000057,-8.27351194299996,0.0],[114.291178688000059,-8.273687128999939,0.0],[114.291056739000055,-8.273783213999934,0.0],[114.290943886000036,-8.273883748999936,0.0],[114.29093148000004,-8.273930846999974,0.0]],[[114.290565095000034,-8.264343777999954,0.0],[114.290670080000041,-8.264770260999967,0.0],[114.290719523,-8.265042617999939,0.0],[114.290684298000087,-8.26523145799996,0.0],[114.29055938700003,-8.265426524999953,0.0],[114.290120415000047,-8.265929638999978,0.0],[114.288667802000077,-8.267560236999941,0.0],[114.288147477000052,-8.268135425999958,0.0],[114.288010904000089,-8.268676969999945,0.0],[114.28797418900001,-8.269017749999932,0.0],[114.287892322000062,-8.269092496999974,0.0],[114.287858988000039,-8.269229072999963,0.0],[114.287938973000109,-8.269349907999981,0.0],[114.287953059000074,-8.269355858999972,0.0],[114.287972977000095,-8.269367733999957,0.0],[114.287987190000081,-8.269376630999943,0.0],[114.288001364000024,-8.269385501999977,0.0],[114.288153523,-8.269509821999975,0.0],[114.288161740000078,-8.269515604999981,0.0],[114.288172711000016,-8.269524274999981,0.0],[114.288408237000112,-8.269678047999946,0.0],[114.288624325000114,-8.269697764999933,0.0],[114.288626904000012,-8.269697737999934,0.0],[114.288823330000014,-8.269755470999939,0.0],[114.288825654000107,-8.269758131999936,0.0],[114.288919176000036,-8.269926624999925,0.0],[114.288918892000083,-8.269929139999931,0.0],[114.288941697000041,-8.270044895999945,0.0],[114.289175994000061,-8.270147170999962,0.0],[114.289549409000074,-8.27028512399994,0.0],[114.290063691000114,-8.270566982999981,0.0],[114.290325516000053,-8.270880610999939,0.0],[114.290336554000078,-8.27089385499994,0.0],[114.290345535000029,-8.270897188999982,0.0],[114.290359233000117,-8.270913644999951,0.0],[114.290556266000067,-8.271084114999951,0.0],[114.290571173000103,-8.271320888999981,0.0],[114.290486450000117,-8.271543003999966,0.0],[114.290504687000066,-8.271765559999949,0.0],[114.290704743000106,-8.271925726999939,0.0],[114.290935834000038,-8.272072898999966,0.0],[114.291241812000067,-8.27228744599995,0.0],[114.291244989,-8.272290988999941,0.0],[114.291401438000094,-8.272443456999952,0.0],[114.29160080500003,-8.272642493999967,0.0]],[[114.297646455000063,-8.258973103999949,0.0],[114.297686717000033,-8.259088725999959,0.0],[114.297779812000044,-8.259264453999947,0.0],[114.297783425000034,-8.259268300999963,0.0],[114.297838287000104,-8.259379004999971,0.0],[114.297880960000043,-8.259471402999964,0.0],[114.297894257000053,-8.259639758999981,0.0],[114.297809215000029,-8.259791138999958,0.0],[114.297751697000081,-8.259846001999961,0.0],[114.297657336000043,-8.259905778999951,0.0],[114.297548200000051,-8.259928337999952,0.0],[114.297539001000018,-8.259924618999946,0.0],[114.297537139000042,-8.259924618999946,0.0],[114.297438739000086,-8.259900324999933,0.0],[114.297157597000023,-8.259843485999966,0.0],[114.296975284000041,-8.259825697999929,0.0],[114.296841076000078,-8.259857058999955,0.0],[114.296831825000027,-8.25985901699994,0.0],[114.296824440000023,-8.259860956999944,0.0],[114.296718528000042,-8.25989905199998,0.0],[114.296436787000061,-8.260146433999978,0.0],[114.296247525000013,-8.26046802999997,0.0],[114.295954859000062,-8.260963879999963,0.0],[114.295718188000023,-8.261301039999978,0.0],[114.295560108000018,-8.261459444999957,0.0],[114.295105567000064,-8.261758777999944,0.0],[114.294974271000115,-8.261790317999953,0.0],[114.29466896100007,-8.261827738999955,0.0],[114.29430491100004,-8.261820736999937,0.0],[114.294074993000095,-8.261742765999941,0.0],[114.293746856000098,-8.261486773999934,0.0],[114.29343639800004,-8.261258140999928,0.0],[114.292997662000062,-8.260887533999949,0.0],[114.292896215000042,-8.260831005999933,0.0],[114.292725509000093,-8.260674704999929,0.0],[114.292661945000077,-8.260639176999973,0.0],[114.292529066000043,-8.260573819999934,0.0],[114.292381410000075,-8.26054454399997,0.0],[114.292067714000041,-8.260542980999958,0.0],[114.291848961000028,-8.260603100999958,0.0],[114.291703217000077,-8.260686612999962,0.0],[114.291546057,-8.260795303999942,0.0],[114.291405540000028,-8.260952427999939,0.0],[114.291346048000037,-8.261113463999948,0.0],[114.2913441500001,-8.261119314999974,0.0],[114.291292752000118,-8.261295182999959,0.0],[114.290885340000045,-8.262713769999948,0.0],[114.290483780000045,-8.264061709999964,0.0],[114.290501655000071,-8.264194902999975,0.0],[114.29056102800007,-8.264356116999977,0.0]],[[114.302629270000011,-8.257876547999956,0.0],[114.302984525000056,-8.257804642999929,0.0],[114.303231096000104,-8.257711730999972,0.0],[114.303416763000087,-8.257539862999977,0.0],[114.303646540000045,-8.257317796999928,0.0],[114.30383318500003,-8.257243840999934,0.0]],[[114.303826578000098,-8.257246302999931,0.0],[114.304277310000089,-8.256811909999954,0.0],[114.304521988000033,-8.256626542999982,0.0],[114.304800668000098,-8.256416753999929,0.0],[114.305235732000028,-8.256097158999978,0.0],[114.305666940000037,-8.255776129999958,0.0],[114.305984040000112,-8.255589741999927,0.0],[114.305996577000087,-8.255582884999967,0.0],[114.30614519300002,-8.255581136999979,0.0],[114.306147843000076,-8.255582414999935,0.0],[114.306379297000035,-8.25562500999996,0.0],[114.306606071000033,-8.255583344999934,0.0],[114.306819968000013,-8.255492685999968,0.0],[114.306829488000062,-8.255484665999973,0.0],[114.306834241000047,-8.255480661999968,0.0],[114.306996879000053,-8.255443592999939,0.0],[114.307082963000084,-8.255472899999972,0.0]],[[114.307064946000082,-8.255476232999968,0.0],[114.307082963000084,-8.255472899999972,0.0]],[[114.307082963000084,-8.255472899999972,0.0],[114.307086829000013,-8.255474215999925,0.0]],[[114.307082963000084,-8.255472899999972,0.0],[114.307304374000068,-8.255431941999973,0.0],[114.307315457000072,-8.255431235999936,0.0],[114.307516442000065,-8.255337014999952,0.0],[114.307755015000112,-8.255206891999933,0.0],[114.307992624,-8.25512897599998,0.0],[114.308219757000074,-8.255059152999934,0.0],[114.308547666000095,-8.254984175999937,0.0],[114.30909400500002,-8.254601473999969,0.0],[114.309319149000089,-8.254449265999938,0.0],[114.309624603000088,-8.254188829999975,0.0],[114.309835197000098,-8.253914860999942,0.0],[114.31023213800006,-8.253315544999964,0.0],[114.310283385000048,-8.253316360999975,0.0],[114.310341054000105,-8.253351522999935,0.0],[114.310502427000074,-8.253449020999938,0.0],[114.310654630000045,-8.253572394999935,0.0],[114.310846064000089,-8.253729145999955,0.0],[114.310929048000048,-8.25379143899994,0.0],[114.310899291000055,-8.25398034799997,0.0],[114.310897748000116,-8.253987062999954,0.0],[114.310896203000084,-8.25399379299995,0.0],[114.310897193000073,-8.254000403999953,0.0],[114.310912234000057,-8.25412562799994,0.0],[114.310916806000023,-8.254131318999953,0.0],[114.310920554000063,-8.254138488999956,0.0],[114.311000295000099,-8.25428885499997,0.0],[114.311104776000093,-8.254373252999926,0.0],[114.311111167000035,-8.254373719999933,0.0],[114.311220390000017,-8.254352147999953,0.0],[114.311233120000111,-8.254354693999971,0.0],[114.311436590000085,-8.254204848999962,0.0],[114.311542975000066,-8.254184113999941,0.0],[114.311698006000029,-8.254257665999944,0.0],[114.311702596000032,-8.254260752999926,0.0],[114.311864067000101,-8.254332422999937,0.0],[114.312026285000115,-8.254322301999935,0.0],[114.312034337000114,-8.254315776999931,0.0],[114.312126590000048,-8.254253351999978,0.0],[114.312231801000053,-8.254308503999937,0.0],[114.312244690000057,-8.254315961999964,0.0],[114.312253041000076,-8.254323769999928,0.0],[114.312744217000045,-8.254630481999925,0.0],[114.313080426000056,-8.254821756999945,0.0],[114.313386734,-8.254989370999965,0.0],[114.313604743000042,-8.255131430999938,0.0],[114.313718588000029,-8.255280321999976,0.0],[114.31372779000003,-8.25529096899993,0.0],[114.313934042000028,-8.255666992999977,0.0],[114.314143712000032,-8.255964397999946,0.0],[114.31424275300003,-8.256111699999963,0.0],[114.314465539000025,-8.256085158999952,0.0],[114.314586361000011,-8.256044355999961,0.0],[114.314660558000014,-8.255940631999977,0.0],[114.314666763000105,-8.25592992199995,0.0],[114.314742498000101,-8.255799184999944,0.0],[114.314743547000035,-8.255789292999964,0.0],[114.314755853000065,-8.25576805399993,0.0],[114.314845652000031,-8.255631888999972,0.0],[114.314847232000034,-8.255629262999946,0.0],[114.31502372500006,-8.255570790999968,0.0],[114.315206231000047,-8.25561455199994,0.0],[114.315212858000109,-8.255617968999957,0.0],[114.315363874000013,-8.255719674999966,0.0],[114.315880796000101,-8.256083234999949,0.0]],[[114.28815053400001,-8.253859881999972,0.0],[114.288119032000054,-8.253900165999937,0.0],[114.28819644500004,-8.254013918999931,0.0],[114.28844308400005,-8.25431372099996,0.0],[114.288616373000082,-8.254514766999932,0.0],[114.28874871000005,-8.254608337999969,0.0],[114.288916577,-8.254655152999931,0.0],[114.289390033000018,-8.25471854999995,0.0],[114.289553403000014,-8.254775527999925,0.0],[114.28955501900009,-8.254779282999948,0.0],[114.289676349000047,-8.254910825999957,0.0],[114.2896761720001,-8.254912733999959,0.0],[114.289705747000085,-8.255047256999944,0.0],[114.289784674000089,-8.255288427999972,0.0],[114.289784556000086,-8.255290118999937,0.0],[114.289857023000081,-8.255537335999975,0.0],[114.289947430000097,-8.255690357999981,0.0],[114.289969011000039,-8.25577988799995,0.0],[114.289943517000097,-8.255907514999933,0.0],[114.289942087000099,-8.255911470999933,0.0],[114.289951791000021,-8.256018206999954,0.0],[114.28998781100006,-8.256065198999977,0.0],[114.289998888000014,-8.256064894999952,0.0],[114.290005294000025,-8.256066467999972,0.0],[114.290011696000079,-8.256068039999946,0.0],[114.29002132200003,-8.256071267999971,0.0],[114.290175298,-8.256088179999949,0.0],[114.290178468000022,-8.256088163999948,0.0],[114.290379546000054,-8.25608899599996,0.0],[114.290643156000101,-8.256153350999966,0.0],[114.290888292000091,-8.25631242299994,0.0],[114.290947057000039,-8.256407486999933,0.0],[114.291091,-8.256461266999963,0.0],[114.29110425500005,-8.256544787999928,0.0],[114.291104064000024,-8.25655388499996,0.0],[114.291156847000025,-8.256609344999958,0.0],[114.291216390000045,-8.256627589999937,0.0],[114.291217779000021,-8.256626149999931,0.0],[114.291265401000032,-8.256643385999951,0.0],[114.291267738000101,-8.25664601699998,0.0],[114.291272397000057,-8.256651262999981,0.0],[114.291306868000106,-8.256700416999934,0.0],[114.291306575000021,-8.256703024999979,0.0],[114.291351312000074,-8.256745343999967,0.0],[114.291431116000012,-8.256746374999977,0.0],[114.291433779000045,-8.256744951999963,0.0],[114.291650421000099,-8.256799271999967,0.0],[114.291763512000102,-8.256849043999978,0.0],[114.29176867700005,-8.256851713999936,0.0],[114.291776458000072,-8.256854310999927,0.0],[114.291941386000076,-8.256906567999977,0.0],[114.292261350000103,-8.256950922999977,0.0],[114.292528083000093,-8.257013143999927,0.0],[114.292867040000033,-8.257087415999933,0.0],[114.292990605000114,-8.257113526999944,0.0],[114.293241525000099,-8.257036717999938,0.0],[114.293336565000118,-8.256968078999932,0.0],[114.293443029000059,-8.256907235999961,0.0],[114.293447299000036,-8.256904575999954,0.0],[114.293531268000038,-8.256823269999927,0.0],[114.293756866000081,-8.256738756999937,0.0],[114.293841593000025,-8.256757069999935,0.0],[114.293950411000083,-8.256791835999934,0.0],[114.293957662000025,-8.256795970999974,0.0],[114.294287868000083,-8.256981921999966,0.0],[114.294478052000045,-8.257134390999965,0.0],[114.294901846000016,-8.257364104999965,0.0],[114.295287455000107,-8.25752412199995,0.0],[114.295387718000029,-8.257529839999961,0.0],[114.295540222000113,-8.257540535999965,0.0],[114.295630683000013,-8.257616180999946,0.0],[114.295765815000095,-8.257718858999965,0.0],[114.295767763000072,-8.257721112999945,0.0],[114.295910696000078,-8.257833482999956,0.0],[114.295916175000116,-8.257837673999973,0.0],[114.296080351000114,-8.257894547999967,0.0],[114.296261454000046,-8.257920169999977,0.0],[114.296265185000038,-8.257920063999961,0.0],[114.296446124000113,-8.257935411999938,0.0],[114.296645424000076,-8.257919502999925,0.0],[114.296738351000045,-8.257919938999976,0.0],[114.296806466000021,-8.257957894999947,0.0],[114.296890513000108,-8.258006789999968,0.0],[114.29706279200002,-8.258190471999967,0.0],[114.297232274000066,-8.258383378999952,0.0],[114.297477070000014,-8.258672528999966,0.0],[114.297639226000115,-8.25884650699993,0.0],[114.297649282000066,-8.25892767199997,0.0],[114.297648296000034,-8.258933268999954,0.0],[114.297634519000098,-8.258981148999965,0.0]],[[114.288474426000107,-8.253732272999969,0.0],[114.288517803000104,-8.253714249999973,0.0],[114.288694741000086,-8.253915400999972,0.0],[114.288698027,-8.253918817999931,0.0],[114.28878819800002,-8.254015731999971,0.0],[114.288954338000053,-8.254143044999978,0.0],[114.28906066400009,-8.254197333999969,0.0],[114.289147104000108,-8.254224645999955,0.0],[114.289194478000013,-8.254236596999931,0.0],[114.289492639000059,-8.25429829899997,0.0],[114.289838293000116,-8.254457244999969,0.0],[114.289982981000094,-8.254614821999951,0.0],[114.290316616000041,-8.255113381999934,0.0],[114.290408823,-8.25534984199993,0.0],[114.290628083000115,-8.255519758999981,0.0],[114.290858191000098,-8.255580259999931,0.0],[114.291113609000035,-8.255731837999974,0.0],[114.291392558000098,-8.255867329999944,0.0],[114.291400534000104,-8.255870796999943,0.0],[114.291689556000051,-8.256024747999959,0.0],[114.291702251000061,-8.256029841999975,0.0],[114.2917191250001,-8.256036614999971,0.0],[114.292031806000068,-8.256109188999972,0.0],[114.292058299000018,-8.256111842999928,0.0],[114.292082175000019,-8.256109411999944,0.0],[114.292086081000093,-8.256111009999927,0.0],[114.292376181,-8.256111972999975,0.0],[114.292558899000028,-8.256061477999936,0.0],[114.292708858000083,-8.256027666999955,0.0],[114.292712286000096,-8.256029208999962,0.0],[114.292898720000039,-8.255962329999932,0.0],[114.293055453000079,-8.255897539999978,0.0],[114.293408488000068,-8.255877322999936,0.0],[114.293898619000061,-8.255800678999947,0.0],[114.294110853,-8.255751477999979,0.0],[114.29441762600004,-8.255758576999938,0.0],[114.29472949500007,-8.255767656999978,0.0],[114.294929835000062,-8.255800774999955,0.0],[114.295336584000097,-8.25581892699995,0.0],[114.296177696000086,-8.256105790999925,0.0],[114.296466797000107,-8.25619833899998,0.0],[114.296475644000111,-8.256202647999942,0.0],[114.296701307000035,-8.256211085999951,0.0],[114.296875671000066,-8.256177448999949,0.0],[114.296889459000113,-8.256180307999955,0.0],[114.297056120000093,-8.256249817999958,0.0],[114.297336588,-8.256513552999934,0.0],[114.297755736000113,-8.256782389999955,0.0],[114.298147497000059,-8.257044373999975,0.0],[114.298460936000083,-8.257199605999972,0.0],[114.299243432000026,-8.257576700999948,0.0],[114.299583071000029,-8.257706580999979,0.0],[114.299586263000037,-8.257708050999952,0.0],[114.299980889000039,-8.257786101999955,0.0],[114.299985413000059,-8.257784489999949,0.0],[114.300182120000045,-8.25780005799993,0.0],[114.300910877000092,-8.257857239999964,0.0],[114.301289915000098,-8.257923650999942,0.0],[114.302076791000104,-8.258018166999932,0.0],[114.302399072000071,-8.257976135999968,0.0],[114.302535057000114,-8.257931543999973,0.0],[114.302627357,-8.25786532099994,0.0]]]}},
{"type":"Feature","properties":{"Name":"Saluran Irigasi Tersier","Kategori":"Saluran Irigasi Tersier","DI":"Poncowati","KorSDA":"Kabat","Status":null,"DI_PERMEN":"Poncowati Ka/Ki","ID_TANAH":null},"geometry":{"type":"MultiLineString","coordinates":[[[114.290926656000011,-8.273928369999965,0.0],[114.290602597000088,-8.274204410999971,0.0]],[[114.29092724100019,-8.273926439999968,0.0],[114.290960519,-8.274094970999897,0.0],[114.29093350800008,-8.274107863999973,0.0],[114.290916966000054,-8.274125360999903,0.0]],[[114.290625285000033,-8.26432387899996,0.0],[114.290809131000174,-8.264418802999899,0.0],[114.290930410000101,-8.264571942999964,0.0],[114.29106856500016,-8.264777347999882,0.0],[114.291119800000047,-8.264983791999896,0.0],[114.290832208000211,-8.265072839999902,0.0],[114.290746862000219,-8.265250740999875,0.0],[114.290504222000095,-8.265632479999965,0.0],[114.290102457000103,-8.266104552999934,0.0]],[[114.30288859000018,-8.261236043999872,0.0],[114.302473963000011,-8.261448001999952,0.0]],[[114.30288859000018,-8.261236043999872,0.0],[114.302890623000053,-8.261264622999931,0.0]],[[114.30288964600004,-8.261235503999956,0.0],[114.30288859000018,-8.261236043999872,0.0]],[[114.297634920000178,-8.258969150999917,0.0],[114.297742239000058,-8.258963704999928,0.0],[114.297825597000042,-8.258961800999941,0.0],[114.297898830000122,-8.259002838999947,0.0],[114.297905092000065,-8.259004869999956,0.0],[114.297980958000153,-8.259098040999902,0.0],[114.298150135000014,-8.259296387999882,0.0],[114.298285686000099,-8.259447738999881,0.0],[114.298289304000036,-8.259451777999971,0.0],[114.298389008000186,-8.25958186299988,0.0],[114.298425869000084,-8.259652490999883,0.0],[114.298482910000075,-8.259764516999894,0.0],[114.298392906000117,-8.259871620999888,0.0]],[[114.302641994000169,-8.257868147999943,0.0],[114.302788851000173,-8.258166785999947,0.0],[114.302930508000031,-8.258489278999889,0.0],[114.303021466000132,-8.258822599999974,0.0],[114.303024830000027,-8.258837599999936,0.0],[114.303104485000176,-8.259028770999976,0.0],[114.303107613000066,-8.259042923999971,0.0],[114.303110766000032,-8.259064629999898,0.0],[114.303243659000145,-8.259159928999964,0.0],[114.303250831000014,-8.259167944999945,0.0],[114.303253651000091,-8.25917407399993,0.0],[114.303346284000213,-8.259323912999946,0.0],[114.303354420000119,-8.259334356999943,0.0],[114.303365147000022,-8.259350524999945,0.0],[114.303454872000088,-8.259512155999971,0.0],[114.303458844000033,-8.259513731999959,0.0],[114.303695077000157,-8.259944366999946,0.0],[114.303656082000089,-8.260003022999911,0.0],[114.303574206,-8.260099716999946,0.0],[114.303199747,-8.260583392999877,0.0],[114.303141944000117,-8.26066446699997,0.0],[114.302892267000175,-8.260851903999935,0.0],[114.302875556000117,-8.261010144999943,0.0],[114.302873887000032,-8.261029310999959,0.0],[114.30288859000018,-8.261236043999872,0.0]],[[114.303820628000153,-8.257245070999886,0.0],[114.303937735000204,-8.257317003999901,0.0],[114.304078584000194,-8.257345184999906,0.0],[114.304102533000105,-8.257446745999971,0.0],[114.30410315000006,-8.257453550999912,0.0],[114.304106296000214,-8.257459283999935,0.0],[114.304204408000146,-8.257515368999975,0.0],[114.304208390000099,-8.257517117999953,0.0],[114.304401371000154,-8.257583127999908,0.0],[114.304411115000107,-8.25757907499991,0.0],[114.304640280000172,-8.257592594999892,0.0],[114.304792682000084,-8.257408272999896,0.0]],[[114.307096799000078,-8.255489163999925,0.0],[114.307121693000227,-8.255539867999971,0.0],[114.307125311000163,-8.255538419999937,0.0],[114.307134477000204,-8.255539504999945,0.0],[114.307247602000189,-8.255562024999904,0.0],[114.307250282000041,-8.255563256999949,0.0],[114.307307626000011,-8.255606221999926,0.0],[114.307311104000178,-8.255609314999901,0.0],[114.307294820000038,-8.255686527999899,0.0],[114.307293084000094,-8.255687221999892,0.0],[114.3071949240001,-8.255799674999935,0.0],[114.307195808000188,-8.255801444999918,0.0],[114.307684702000188,-8.256336499999975,0.0],[114.307780035000064,-8.256446199999971,0.0]],[[114.290916966000054,-8.274125360999847,0.0],[114.290871956761976,-8.274356587051841,0.0],[114.290907648677035,-8.274570738542423,0.0],[114.291032570379684,-8.274683762940242,0.0],[114.291294311090383,-8.274802735990534,0.0],[114.291395438183031,-8.274874119820652,0.0],[114.291098005557501,-8.275463036419524,0.0],[114.291431130098204,-8.275712879825221,0.0],[114.292400760458236,-8.276164977416386,0.0],[114.292430503720652,-8.276456461389614,0.0],[114.292192557620183,-8.276849072455491,0.0],[114.292418606415708,-8.277051326641072,0.0],[114.292825494247722,-8.277129848854258,0.0],[114.293139583100583,-8.277386830642797,0.0],[114.29348222548515,-8.277758026559752,0.0],[114.293739207273802,-8.277972178050277,0.0],[114.294238894085083,-8.278129222476707,0.0],[114.294595813236015,-8.278514695159629,0.0],[114.294967009152856,-8.278828784012319,0.0],[114.295366758601858,-8.278728846650097,0.0],[114.295923552477234,-8.278514695159629,0.0],[114.29648034635261,-8.278129222476707,0.0],[114.297208461420382,-8.277943624518173,0.0],[114.29783663912599,-8.277900794220102,0.0],[114.298564754193762,-8.278029285114314,0.0],[114.299392806623928,-8.278114945710627,0.0],[114.300135198457497,-8.278229159838816,0.0],[114.301034634717666,-8.278614632521851,0.0],[114.301534321528948,-8.279014381970853,0.0],[114.301876963913742,-8.279328470823543,0.0],[114.301848410381808,-8.279713943506579,0.0],[114.302314980474421,-8.280341975552858,0.0],[114.303247533453259,-8.280599103000725,0.0],[114.303461684943727,-8.280841808023354,0.0],[114.303647282902261,-8.280984575683703,0.0],[114.304532442396408,-8.281098789811949,0.0],[114.308315785395621,-8.28156992309107,0.0]]]}},
{"type":"Feature","properties":{"Name":"Saluran Irigasi Sekunder","Kategori":"Saluran Irigasi Sekunder","DI":"Pringgading II","KorSDA":"Kabat","Status":null,"DI_PERMEN":"Pringgading II","ID_TANAH":null},"geometry":{"type":"LineString","coordinates":[[114.249589445000083,-8.200526786999944,0.0],[114.249560197000051,-8.200502090999976,0.0],[114.249535356000024,-8.200470855999981,0.0],[114.249511819000077,-8.200446563999947,0.0],[114.249490443000013,-8.200426239999956,0.0],[114.249470359000043,-8.200405601999933,0.0],[114.249450182000032,-8.200384869999937,0.0],[114.249443954000071,-8.200355679999973,0.0],[114.249428409000075,-8.200336959999959,0.0],[114.249403355000027,-8.200321261999932,0.0],[114.249383388000069,-8.200309262999951,0.0],[114.249379614000077,-8.200287472999946,0.0],[114.249371303000089,-8.200262847999966,0.0],[114.249354600000061,-8.20025095799997,0.0],[114.249338073000104,-8.200245003999953,0.0],[114.249292507000064,-8.200257331999978,0.0],[114.249255978000065,-8.200264250999965,0.0],[114.249221177000095,-8.20026626899994,0.0],[114.249192060000041,-8.200256425999953,0.0],[114.24917107400006,-8.200238517999935,0.0],[114.249150255000018,-8.200210312999957,0.0],[114.249137146000066,-8.200188897999965,0.0],[114.249124921000089,-8.200159940999981,0.0],[114.249120723000033,-8.200139083999943,0.0],[114.2491289620001,-8.200110379999956,0.0],[114.249137825000048,-8.200094701999944,0.0],[114.249146450000012,-8.200083486999972,0.0],[114.249189945000012,-8.200071311999977,0.0],[114.249205524000104,-8.200047832999928,0.0],[114.249203014000045,-8.200027961999979,0.0],[114.249183318000064,-8.200020299999949,0.0],[114.249146272000075,-8.200013178999939,0.0],[114.24911587500003,-8.200008621999928,0.0],[114.249088755000116,-8.200010471999974,0.0],[114.249053391000075,-8.200019051999959,0.0],[114.249010466000072,-8.200031237999951,0.0],[114.248980687000085,-8.200038239999969,0.0],[114.248956206000116,-8.200037935999944,0.0],[114.248929375000102,-8.200033970999925,0.0],[114.248898241,-8.200045731999978,0.0],[114.248866226000018,-8.200054761999979,0.0],[114.248838799000055,-8.200043681999944,0.0],[114.248816820000116,-8.20001524099996,0.0],[114.248814768000102,-8.200012935999951,0.0],[114.248794955000108,-8.199984287999939,0.0],[114.248770004000107,-8.199954739999953,0.0],[114.248752523,-8.199933081999973,0.0],[114.248729340000068,-8.199892495999961,0.0],[114.248710298000105,-8.199850401999981,0.0],[114.248707845000013,-8.199846755999943,0.0],[114.248698617000059,-8.199819250999951,0.0],[114.248682033000023,-8.199780813999951,0.0],[114.248661119000076,-8.199712163999948,0.0],[114.248652716000038,-8.199667223999938,0.0],[114.248641355000018,-8.199621591999971,0.0],[114.248638114000073,-8.199579487999927,0.0],[114.248632388000033,-8.199543779999942,0.0],[114.248626288000082,-8.199506735999933,0.0],[114.248620729000095,-8.199476711999978,0.0],[114.248613472000102,-8.199445727999944,0.0],[114.248607370000059,-8.199408675999962,0.0],[114.248604928000077,-8.199405056999979,0.0],[114.248589774000038,-8.199366273999942,0.0],[114.24857781500009,-8.199333788999979,0.0],[114.248565862000078,-8.19930132099995,0.0],[114.248559532000058,-8.199278732999971,0.0],[114.248556955000026,-8.199259365999978,0.0],[114.248548735000099,-8.19924021099996,0.0],[114.248528359000034,-8.199203091999948,0.0],[114.248527987000102,-8.199201764999941,0.0],[114.248508556000047,-8.199173043999963,0.0],[114.24850781300006,-8.199170391999928,0.0],[114.248492145000114,-8.199144904999969,0.0],[114.24844579,-8.199075619999974,0.0],[114.248413299000049,-8.199042951999957,0.0],[114.248377411000092,-8.198996179999938,0.0],[114.248356846000092,-8.19896500699997,0.0],[114.248341380000056,-8.19893000299993,0.0],[114.248324032000028,-8.198882546999926,0.0],[114.248311691000026,-8.198837287999936,0.0],[114.24829993600008,-8.198786980999955,0.0],[114.248294687000111,-8.19873629999995,0.0],[114.24828323600002,-8.198693410999965,0.0],[114.248270289000061,-8.198652702999937,0.0],[114.248238299000036,-8.198608093999951,0.0],[114.248197106000021,-8.198570199999949,0.0],[114.248170030000097,-8.19854169499996,0.0],[114.248139628000104,-8.198502765999933,0.0],[114.248115135000035,-8.198468617999936,0.0],[114.248111760000029,-8.198430100999929,0.0],[114.248098699000025,-8.198354052999946,0.0],[114.248086882000052,-8.19831718599994,0.0],[114.248050366000029,-8.198239245999957,0.0],[114.248014974000057,-8.198194052999952,0.0],[114.247967681000091,-8.198127224999951,0.0],[114.247940755000059,-8.198080609999977,0.0],[114.247893659000056,-8.198037375999945,0.0],[114.247858384000097,-8.197994993999941,0.0],[114.247844824000026,-8.197939969999936,0.0],[114.247845218000066,-8.197926843999937,0.0],[114.247844438000016,-8.19792449199997,0.0],[114.247853105000104,-8.197864073999938,0.0],[114.24786017200006,-8.197819657999958,0.0],[114.247852597000019,-8.197766558999945,0.0],[114.247804252000037,-8.197721534999971,0.0],[114.247801292000077,-8.197719861999929,0.0],[114.247761501000014,-8.197679549999975,0.0],[114.24772332200007,-8.197651973999939,0.0],[114.24771871300004,-8.19764538499993,0.0],[114.247714650000034,-8.197633122999946,0.0],[114.247700769000062,-8.197591233999958,0.0],[114.247688436000089,-8.19755401499998,0.0],[114.247679145,-8.197440664999931,0.0],[114.247677814000099,-8.197399722999933,0.0],[114.247666289000108,-8.197354279999956,0.0],[114.247652094000046,-8.197307223999928,0.0],[114.247631675000093,-8.197199994999949,0.0],[114.247633332000078,-8.197171932999936,0.0],[114.247630731000072,-8.197135067999966,0.0],[114.247612075,-8.197105717999932,0.0],[114.247610343000019,-8.197072089999949,0.0],[114.247610947000112,-8.197053978999975,0.0],[114.247612254000046,-8.197024868999961,0.0],[114.247611415000051,-8.196994443999927,0.0],[114.247607135000067,-8.196964836999939,0.0],[114.247599281000021,-8.196928825999976,0.0],[114.247598934000052,-8.196907133999957,0.0],[114.247600981,-8.196873856999957,0.0],[114.247599154000113,-8.196867041999951,0.0],[114.247598008000068,-8.196849098999962,0.0],[114.24757283800011,-8.196809961999975,0.0],[114.247565020000025,-8.196780851999961,0.0],[114.24755415900006,-8.196726705999936,0.0],[114.247553697000058,-8.196724984999946,0.0],[114.247540874000038,-8.196684078999965,0.0],[114.247537763000082,-8.196679357999926,0.0],[114.247484183000097,-8.196652508999932,0.0],[114.24742961700008,-8.196623559999978,0.0],[114.247379131000116,-8.196588308999935,0.0],[114.247349526000107,-8.196574059999932,0.0],[114.247315437000111,-8.196542628999964,0.0],[114.247288346,-8.196516717999941,0.0],[114.247255617000064,-8.196477271999981,0.0],[114.24722733100009,-8.196443119999969,0.0],[114.247226311000077,-8.196439577999968,0.0],[114.247206487000085,-8.19640291199994,0.0],[114.247193011000036,-8.196370267999953,0.0],[114.247178857000108,-8.196345529999974,0.0],[114.247162048000064,-8.196317832999966,0.0],[114.247155005000081,-8.196292907999975,0.0],[114.247141949000024,-8.196265858999936,0.0],[114.247122161000107,-8.196227865999958,0.0],[114.247107246000041,-8.196168548999935,0.0],[114.247105825000062,-8.196163483999953,0.0],[114.247103362000075,-8.196122357999968,0.0],[114.247101784000051,-8.19609724999998,0.0],[114.247107732000018,-8.196066425999959,0.0],[114.24711125500005,-8.196039807999966,0.0],[114.247109265000063,-8.195999810999979,0.0],[114.247108703000094,-8.195964811999943,0.0],[114.24710471700007,-8.195930590999978,0.0],[114.247103181000057,-8.195891839999945,0.0],[114.247108596000089,-8.195884767999928,0.0],[114.247110584000097,-8.195878616999948,0.0],[114.247108993000097,-8.195852800999944,0.0],[114.247098099000027,-8.195820024999932,0.0],[114.247097131000032,-8.195816518999948,0.0],[114.24708952800006,-8.195788574999938,0.0],[114.24707459900003,-8.195753476999926,0.0],[114.247070214000018,-8.195750934999978,0.0],[114.247062311000036,-8.195721348999939,0.0],[114.247060983000097,-8.195695540999964,0.0],[114.247070713000085,-8.195655428999942,0.0],[114.24708673400005,-8.195624764999934,0.0],[114.247098635000043,-8.195606458999976,0.0],[114.247114842000087,-8.195583178999925,0.0],[114.247154334000015,-8.195534549999934,0.0],[114.247155614,-8.195532306999951,0.0],[114.247190352000075,-8.195507558999964,0.0],[114.247247915000116,-8.195468840999979,0.0],[114.247304147000023,-8.195445615999972,0.0],[114.247316031000082,-8.195440408999957,0.0],[114.247337139000024,-8.195426921999967,0.0],[114.247372956000049,-8.19539115699996,0.0],[114.247396318000028,-8.195354660999953,0.0],[114.247400714000037,-8.195326893999948,0.0],[114.247402197000042,-8.19532249699995,0.0],[114.247412726000107,-8.195282129999953,0.0],[114.247412030000078,-8.195279615999937,0.0],[114.247421269000029,-8.195248727999967,0.0],[114.247418708000055,-8.195219415999929,0.0],[114.24741766000011,-8.195215589999975,0.0],[114.247415550000028,-8.195207914999969,0.0],[114.247405709000077,-8.195177298999965,0.0],[114.247403345000066,-8.195173753999939,0.0],[114.247394647000078,-8.195152342999961,0.0],[114.247402174000058,-8.19512928599994,0.0],[114.247417822000102,-8.195115244999954,0.0],[114.2474233370001,-8.195099628999969,0.0],[114.247420915000021,-8.19508038999993,0.0],[114.247419835000073,-8.195076404999952,0.0],[114.247406930000011,-8.195059861999937,0.0],[114.247400971000047,-8.195058597999946,0.0],[114.247379397000032,-8.195041411999966,0.0],[114.247351538000089,-8.195027263999975,0.0],[114.247340467000072,-8.195012851999934,0.0]]}},
{"type":"Feature","properties":{"Name":"Saluran Irigasi Sekunder","Kategori":"Saluran Irigasi Sekunder","DI":"Saniman","KorSDA":"Kabat","Status":null,"DI_PERMEN":"Saniman","ID_TANAH":null},"geometry":{"type":"LineString","coordinates":[[114.295099901000071,-8.195490186999962,0.0],[114.295093363000092,-8.19554204699989,0.0],[114.295084936000194,-8.195596910999939,0.0],[114.295076798000196,-8.195629100999895,0.0],[114.295078080000167,-8.195669330999976,0.0],[114.295084709000093,-8.195710899999938,0.0],[114.29508733800003,-8.195745782999893,0.0],[114.295081678000088,-8.195777457999952,0.0],[114.295089410000173,-8.195801076999942,0.0],[114.295110145000194,-8.195834661999982,0.0],[114.295126714000048,-8.195861500999968,0.0],[114.295137390000036,-8.195874378999974,0.0],[114.295148563000225,-8.195899832999942,0.0],[114.295162120000214,-8.195924730999877,0.0],[114.29517557600002,-8.195959744999925,0.0],[114.295181432000163,-8.195973628999923,0.0],[114.295191406000072,-8.195994178999911,0.0],[114.295199457000194,-8.196027728999979,0.0],[114.295206920000169,-8.196058831999949,0.0],[114.295218008,-8.196084077999899,0.0],[114.295220298000231,-8.196093625999879,0.0],[114.295221608000134,-8.196140961999902,0.0],[114.295226414000012,-8.196172529999956,0.0],[114.295229422000034,-8.196197000999916,0.0],[114.295228452000174,-8.196214766999958,0.0],[114.295230705000222,-8.196246905999885,0.0],[114.295238224000059,-8.196280461999891,0.0],[114.295245744000113,-8.196314018999942,0.0],[114.295268552000039,-8.196349512999916,0.0],[114.295309414000144,-8.196399025999938,0.0],[114.295340765000105,-8.196427962999962,0.0],[114.295349537000106,-8.196433769999885,0.0],[114.295391088000088,-8.196463328999926,0.0],[114.295425800000089,-8.196484257999884,0.0],[114.295428742000013,-8.196486204999871,0.0],[114.295486020000112,-8.196527683999932,0.0],[114.295521356000222,-8.196560994999913,0.0],[114.29555021200008,-8.196588235999968,0.0],[114.295590394000101,-8.196616153999969,0.0],[114.295623636000187,-8.196634813999935,0.0],[114.295666822000157,-8.196654536999972,0.0],[114.295704683000054,-8.196678800999905,0.0],[114.295706130000212,-8.196685039999977,0.0],[114.295751635000215,-8.1967142069999,0.0],[114.295824044000028,-8.196747309999978,0.0],[114.295895241000153,-8.196774259999927,0.0],[114.295955210000216,-8.196783289999928,0.0],[114.295979812000155,-8.19680485799995,0.0],[114.295996190000096,-8.196848262999879,0.0],[114.296019033000107,-8.196895573999882,0.0],[114.296034083000109,-8.196933695999974,0.0],[114.296065922000139,-8.196973089999915,0.0],[114.296110013000202,-8.196995398999888,0.0],[114.296149634000017,-8.197010511999906,0.0],[114.296196524000152,-8.197032252999918,0.0],[114.296238945000027,-8.197046784999884,0.0],[114.296259206000173,-8.197050099999899,0.0],[114.296317767000119,-8.197072067999954,0.0],[114.296354034000046,-8.197082767999916,0.0],[114.296396204000075,-8.197094788999948,0.0],[114.296431766000069,-8.197136591999936,0.0],[114.296449514000074,-8.197185623999928,0.0],[114.296480595000048,-8.19724266299994,0.0],[114.296513659000198,-8.197285170999976,0.0],[114.296559390000084,-8.197299430999919,0.0],[114.296605215000113,-8.197313720999944,0.0],[114.296683878000181,-8.197323061999953,0.0],[114.2967340350001,-8.197330833999956,0.0],[114.296784323000225,-8.197338625999976,0.0],[114.296908309000173,-8.197343136999905,0.0],[114.29696725600013,-8.19733770199997,0.0],[114.297045726000079,-8.197353085999907,0.0],[114.297128005000218,-8.197395872999891,0.0],[114.297177713000224,-8.19743501499994,0.0],[114.297221937000131,-8.197475416999907,0.0],[114.29725226000005,-8.19749371599994,0.0],[114.297296309000103,-8.197508864999918,0.0],[114.297337931000015,-8.197524795999925,0.0],[114.297360041000047,-8.197519795999938,0.0],[114.297401907000108,-8.197538187999953,0.0],[114.297443833000216,-8.19753818199996,0.0],[114.297482130000049,-8.197543180999958,0.0],[114.297507838000115,-8.197543395999958,0.0],[114.29757045600013,-8.19754920399987,0.0],[114.297624997000071,-8.197552373999883,0.0],[114.297687623000115,-8.197556554999892,0.0],[114.297739347000174,-8.197560885999962,0.0],[114.297804504000169,-8.197560619999933,0.0],[114.297852583000122,-8.197564460999899,0.0],[114.297897667000143,-8.197586146999924,0.0],[114.297961009,-8.19762776999994,0.0],[114.298006946000214,-8.197656881999933,0.0],[114.29804509500002,-8.197685024999942,0.0],[114.298087166000073,-8.197745658999906,0.0],[114.298109678000174,-8.197777426999949,0.0],[114.298158203000185,-8.197820441999966,0.0],[114.298213027000088,-8.197865162999904,0.0],[114.298277913000106,-8.197881742999868,0.0],[114.298337162000166,-8.197910261999937,0.0],[114.298404688,-8.197960985999941,0.0],[114.298475112,-8.198005777999924,0.0],[114.298481092000202,-8.198008646999881,0.0],[114.298541397000122,-8.198066924999921,0.0],[114.29861500700008,-8.198120598999935,0.0],[114.29866757700006,-8.198156842999879,0.0],[114.298724875000175,-8.198221130999968,0.0],[114.298745865000114,-8.198238597999932,0.0],[114.298840119000147,-8.198295071999951,0.0],[114.298925444000133,-8.198339895999936,0.0],[114.299025647,-8.198369766999917,0.0],[114.299078889000157,-8.198435825999979,0.0],[114.299121754000225,-8.198530359999893,0.0],[114.299138019000225,-8.198634130999949,0.0],[114.299139571000183,-8.198638568999968,0.0],[114.299171586000057,-8.198687254999982,0.0],[114.299191185000041,-8.198700433999932,0.0],[114.299245557000063,-8.198741524999946,0.0],[114.299259158000041,-8.198751803999926,0.0],[114.299313394000137,-8.198778075999883,0.0],[114.299327011000059,-8.198788364999928,0.0],[114.299376634000168,-8.198801320999962,0.0],[114.29946871300001,-8.198849904999975,0.0],[114.2995308940001,-8.198898977999932,0.0],[114.29960867900013,-8.198978102999888,0.0],[114.299677682000038,-8.199060499999973,0.0],[114.299688484000058,-8.199077012999908,0.0],[114.299753162000229,-8.199160775999928,0.0],[114.299773247000076,-8.199189302999969,0.0],[114.299830194000037,-8.199250785999936,0.0],[114.299862887000018,-8.199314927999978,0.0],[114.299867614000163,-8.199328363999939,0.0],[114.299900700000194,-8.199422412999979,0.0],[114.299903851000181,-8.199431369999957,0.0],[114.299911116000203,-8.199523989999875,0.0],[114.299952949000158,-8.199658032999935,0.0],[114.300036285000147,-8.199727718999952,0.0],[114.300143392000223,-8.199808919999896,0.0],[114.300326103000089,-8.199793813999975,0.0],[114.300420771000177,-8.199780329999953,0.0],[114.300669903000198,-8.199693075999903,0.0],[114.300803334000079,-8.199646206999944,0.0],[114.301014638000197,-8.199621751999871,0.0],[114.301149047000195,-8.199634325999909,0.0],[114.301224796000156,-8.199737304999928,0.0],[114.301318904000141,-8.199804586999903,0.0],[114.301416824000057,-8.199910714999874,0.0],[114.301506020000147,-8.200020024999958,0.0],[114.301679271000012,-8.200140000999966,0.0],[114.301802826000198,-8.200177016999874,0.0],[114.301881116000118,-8.200199752999936,0.0],[114.301947362000078,-8.200216704999889,0.0],[114.302062036000166,-8.200256871999954,0.0],[114.30216783700007,-8.200300191999872,0.0],[114.302228397000135,-8.200329232999877,0.0],[114.302343754000162,-8.200399397999888,0.0],[114.302453332000027,-8.200481662999948,0.0],[114.302568876,-8.200581896999893,0.0],[114.302621257000169,-8.20067410099989,0.0],[114.30266830700009,-8.200808374999895,0.0],[114.302691125000024,-8.200930964999941,0.0],[114.302672149000045,-8.201077853999891,0.0],[114.302667584,-8.201179648999926,0.0],[114.302659031000076,-8.201212618999875,0.0],[114.302621673000203,-8.201335509999922,0.0],[114.302604130000077,-8.201371515999881,0.0],[114.30258739500016,-8.201467351999895,0.0],[114.30258859800017,-8.201557118999972,0.0],[114.302588999000136,-8.201587041999971,0.0],[114.302593325000089,-8.201685782999959,0.0],[114.30262456600019,-8.201775533999978,0.0],[114.30265913900007,-8.20187391099995,0.0],[114.30275401300014,-8.201972016999889,0.0],[114.302813178000065,-8.202008484999908,0.0],[114.302869810000175,-8.202060379999921,0.0],[114.302927240000145,-8.202103307999948,0.0],[114.302970809000158,-8.202142687999981,0.0],[114.303026933000183,-8.202181992999954,0.0],[114.303088929000069,-8.202214815999923,0.0],[114.303124651000076,-8.202244298999972,0.0],[114.303186831000062,-8.202289519999965,0.0],[114.303237820000049,-8.202338567999959,0.0],[114.303242840000166,-8.202340971999888,0.0],[114.303297343000168,-8.202388562999943,0.0],[114.303341696000189,-8.202431236999871,0.0],[114.303383158000202,-8.20245426799994,0.0],[114.30343229600021,-8.202487219999909,0.0],[114.303480970000123,-8.202507687999912,0.0],[114.30349095400004,-8.202512514999967,0.0],[114.303551797000068,-8.202532764999944,0.0],[114.303612913000165,-8.20257756299992,0.0],[114.30362282100009,-8.202582350999876,0.0],[114.303669897000077,-8.202611179999963,0.0],[114.303725707000012,-8.202665415999888,0.0],[114.303767513000139,-8.20269155099993,0.0],[114.303810364000014,-8.202709102999961,0.0],[114.303849433000096,-8.202715729999966,0.0],[114.303920417000199,-8.202755626999931,0.0],[114.303921658000036,-8.202759224999966,0.0],[114.303962100000149,-8.202805538999939,0.0],[114.303986697000141,-8.202865171999917,0.0],[114.304006350000122,-8.202922285999932,0.0],[114.304005349000136,-8.202978332999976,0.0],[114.304001767000159,-8.202991472999884,0.0],[114.303973111000118,-8.203072561999932,0.0],[114.30393127100001,-8.203138115999934,0.0],[114.303909884000063,-8.203180784999915,0.0],[114.303879213000073,-8.203280799999959,0.0],[114.303846987000156,-8.203368710999939,0.0],[114.303820933000111,-8.203449262999925,0.0],[114.30379240100001,-8.203522072999931,0.0],[114.30377375,-8.203587010999968,0.0],[114.303776588000119,-8.20360682699993,0.0],[114.30374982100011,-8.203695014999937,0.0],[114.303744011000163,-8.203713590999939,0.0],[114.303746619000208,-8.203720946999908,0.0],[114.303747330000192,-8.203757851999967,0.0],[114.303748867000195,-8.203773801999944,0.0],[114.303768585000057,-8.203840921999927,0.0],[114.303783275000228,-8.203905395999925,0.0],[114.303788441000052,-8.203919931999963,0.0],[114.303822991000061,-8.204005607999932,0.0],[114.303844736000201,-8.204066868999973,0.0],[114.303848555000059,-8.204077646999963,0.0],[114.303883439000174,-8.204130028999941,0.0],[114.30389704900017,-8.204145429999869,0.0],[114.303938921000054,-8.204183163999971,0.0],[114.303952339000148,-8.204186555999911,0.0],[114.304008476000035,-8.204207246999943,0.0],[114.304088536000108,-8.204203645999883,0.0],[114.304099416000099,-8.204199895999977,0.0],[114.304121286000168,-8.204204345999869,0.0],[114.304135789000043,-8.204199347999975,0.0],[114.304196370000113,-8.20419843399992,0.0],[114.304265456000053,-8.204210521999926,0.0],[114.304321201000107,-8.204231139999877,0.0],[114.30433822100008,-8.204245177999951,0.0],[114.3043734580001,-8.20427677999993,0.0],[114.304424395000069,-8.204318791999924,0.0],[114.304480075000129,-8.204363025999953,0.0],[114.304538174000186,-8.204402443999925,0.0],[114.304541798000173,-8.204401205999886,0.0],[114.304584166000154,-8.204418351999891,0.0],[114.304651935000152,-8.204450507999979,0.0],[114.304709993000074,-8.20447805699996,0.0],[114.304803541000069,-8.204516625999872,0.0],[114.304887074000135,-8.204565989999935,0.0],[114.304945433000057,-8.204648414999951,0.0],[114.304987459000017,-8.20473628499991,0.0],[114.305021299000146,-8.204826760999936,0.0],[114.30514041500021,-8.20495127099997,0.0],[114.305263847000106,-8.204990413999894,0.0],[114.305338844000175,-8.205046448999894,0.0],[114.305398615000058,-8.205135280999968,0.0],[114.305500593000147,-8.205264439999951,0.0],[114.305533497000056,-8.205353610999907,0.0],[114.305596305000108,-8.205450306999921,0.0],[114.305667852000056,-8.205570919999957,0.0],[114.305783769000186,-8.205738922999899,0.0],[114.305827061000173,-8.205832217999898,0.0],[114.305933674000016,-8.205902811999977,0.0],[114.30601743700015,-8.205936096999892,0.0],[114.306053588000168,-8.205986214999939,0.0],[114.306103405000158,-8.20604936899997,0.0],[114.306198490000043,-8.206114295999896,0.0],[114.306289868000022,-8.2061446109999,0.0],[114.30636311700016,-8.206199107999907,0.0],[114.306455711000126,-8.206282472999874,0.0],[114.306531834000111,-8.206344890999958,0.0],[114.306648633000123,-8.206446221999897,0.0],[114.306762326000012,-8.206539439999972,0.0],[114.306817035000222,-8.206617573999893,0.0],[114.306853521000221,-8.206719456999963,0.0],[114.306874040000025,-8.206826525999929,0.0],[114.306903147000071,-8.206982729999879,0.0],[114.306939630000102,-8.207109769999931,0.0],[114.30704181200008,-8.207222531999946,0.0],[114.307235554000044,-8.207294790999981,0.0],[114.307378747000143,-8.207349543999953,0.0],[114.307580081000083,-8.207444471999906,0.0],[114.307883546000085,-8.207581257999948,0.0],[114.308046688000104,-8.20767102699989,0.0],[114.308151776000045,-8.207720649999942,0.0],[114.308295930000099,-8.207756758999892,0.0],[114.308421262000138,-8.207815833999916,0.0],[114.308517578000078,-8.207842072999938,0.0],[114.308696958000041,-8.207882048999977,0.0],[114.30874337900002,-8.20790780699997,0.0],[114.308802725000191,-8.207937487999914,0.0],[114.308865055000183,-8.207958041999973,0.0],[114.30893935000006,-8.207998263999912,0.0],[114.308943149000129,-8.208001786999944,0.0],[114.3090103520002,-8.208026513999926,0.0],[114.309034629000166,-8.208027622999907,0.0],[114.310119521661932,-8.20842705405687,0.0],[114.312352576229841,-8.209212758441879,0.0],[114.314358369978777,-8.210202481833846,0.0],[114.315012721755238,-8.210440427934429,0.0],[114.315167386720532,-8.210523709069662,0.0],[114.315274462465936,-8.210333352189195,0.0],[114.316202452258153,-8.210725963255072,0.0],[114.316963879780019,-8.21097580666077,0.0]]}},
{"type":"Feature","properties":{"Name":"Saluran Irigasi Sekunder","Kategori":"Saluran Irigasi Sekunder","DI":"Sekidang","KorSDA":"Kabat","Status":null,"DI_PERMEN":"Sekidang","ID_TANAH":null},"geometry":{"type":"LineString","coordinates":[[114.263843791000113,-8.187404894999872,0.0],[114.26386881700023,-8.18742547099987,0.0],[114.263904548000141,-8.187479340999914,0.0],[114.263923258000204,-8.187515721999887,0.0],[114.263926967000089,-8.187557265999885,0.0],[114.263931811000134,-8.187596330999895,0.0],[114.263935646000164,-8.187627497999927,0.0],[114.263928883000062,-8.187672385999974,0.0],[114.263915138000129,-8.187719134999952,0.0],[114.263905044000126,-8.187775315999886,0.0],[114.263894386000175,-8.187826349999909,0.0],[114.263882254,-8.187864941999919,0.0],[114.263885023000171,-8.187906782999903,0.0],[114.263897883000027,-8.187952373999963,0.0],[114.263921969000194,-8.187991738999926,0.0],[114.263940968000043,-8.188029094999933,0.0],[114.263966143000175,-8.188077981999982,0.0],[114.263980612000182,-8.188118061999887,0.0],[114.263995436000187,-8.188160508999943,0.0],[114.264002979000111,-8.188201225999876,0.0],[114.264018892000195,-8.188253006999958,0.0],[114.264043789000198,-8.188292234999949,0.0],[114.264071962000116,-8.188338254999906,0.0],[114.264108452000073,-8.188376009999956,0.0],[114.26414642300017,-8.18842546999997,0.0],[114.26414878300011,-8.188425251999945,0.0],[114.264178190000166,-8.18846565399997,0.0],[114.264228313000103,-8.188501586999962,0.0],[114.264263728000174,-8.188517363999892,0.0],[114.264332862000174,-8.188518178999971,0.0],[114.264392608000207,-8.188519852999946,0.0],[114.26443546500002,-8.188520639999922,0.0],[114.264485887000092,-8.188525441999957,0.0],[114.264573520000226,-8.18852206899993,0.0],[114.264578236000034,-8.188521632999937,0.0],[114.264614385000073,-8.188525403999961,0.0],[114.264657888000102,-8.188530870999955,0.0],[114.264711907000219,-8.188544898999965,0.0],[114.264784880000093,-8.188557231999937,0.0],[114.264850818000014,-8.18854654699993,0.0],[114.26485726500016,-8.188538860999927,0.0],[114.26488742100014,-8.18850290599994,0.0],[114.264894340000069,-8.188499900999886,0.0],[114.264946539000107,-8.188466570999879,0.0],[114.264953484000216,-8.188463551999973,0.0],[114.26500933900013,-8.188441735999959,0.0],[114.265016513000205,-8.18844108299993,0.0],[114.265026078,-8.188440209999897,0.0],[114.265069146000201,-8.188436284999966,0.0],[114.265125772000033,-8.188450265999961,0.0],[114.265203294000116,-8.188483675999976,0.0],[114.265208278000159,-8.188485596999953,0.0],[114.265263998000137,-8.188518511999916,0.0],[114.265316079000058,-8.188568264999958,0.0],[114.265383705000204,-8.188635294999926,0.0],[114.265477211000075,-8.188734761999967,0.0],[114.26553407900019,-8.188794955999981,0.0],[114.265561894000143,-8.188836851999952,0.0],[114.265595277000102,-8.188883731999965,0.0],[114.265620720000015,-8.188915636999923,0.0],[114.265650303000029,-8.188944663999905,0.0],[114.265680105000229,-8.188988888999916,0.0],[114.26572228100008,-8.189026426999931,0.0],[114.265724885000168,-8.189028612999948,0.0],[114.26575791800019,-8.189066907999916,0.0],[114.265772648000166,-8.189119170999959,0.0],[114.265776992000156,-8.189162411999973,0.0],[114.265769971000168,-8.189204150999899,0.0],[114.265767401000176,-8.189216421999959,0.0],[114.265763498000069,-8.189278504999891,0.0],[114.265783743000043,-8.189339583999981,0.0],[114.265815601000213,-8.189361703999964,0.0],[114.265824581000061,-8.189363045999869,0.0],[114.265864312000076,-8.189379599999938,0.0],[114.26591790000009,-8.189401546999875,0.0],[114.265920379000022,-8.189403587999948,0.0],[114.265944849000107,-8.189437778999945,0.0],[114.265949231000036,-8.189485302999969,0.0],[114.265944403000049,-8.189528884999959,0.0],[114.26592220200007,-8.189555989999974,0.0],[114.265903337000168,-8.189560205999953,0.0],[114.265869744000156,-8.189581630999953,0.0],[114.26584624200018,-8.189597467999931,0.0],[114.265842038000187,-8.189655570999946,0.0],[114.265839326000105,-8.189708549999978,0.0],[114.265853337000181,-8.18975935799989,0.0],[114.265887202000044,-8.1898163379999,0.0],[114.265892297000164,-8.189822265999965,0.0],[114.265915012000164,-8.189847821999933,0.0],[114.265917395000088,-8.189849720999916,0.0],[114.265949505000094,-8.189882730999898,0.0],[114.265985590000014,-8.189915178999911,0.0],[114.266011173000038,-8.189948448999928,0.0],[114.266045143000042,-8.189982823999912,0.0],[114.266084649000049,-8.189997781999921,0.0],[114.266104402000224,-8.190037301999894,0.0],[114.266103581000039,-8.190078458999949,0.0],[114.266102236000052,-8.190115287999959,0.0],[114.26609428200004,-8.190148424999961,0.0],[114.26609148600005,-8.19018891199994,0.0],[114.266086858000222,-8.190215312999896,0.0],[114.266088021000201,-8.190239084999973,0.0],[114.266096800000128,-8.190273934999937,0.0],[114.26610400900006,-8.190296927999896,0.0],[114.266135677000079,-8.190352823999888,0.0],[114.266174781000132,-8.190389525999933,0.0],[114.266227154000035,-8.190476394999905,0.0],[114.266281611000068,-8.190562477999947,0.0],[114.266321770000104,-8.190628615999969,0.0],[114.266366887000117,-8.190696697999954,0.0],[114.266427239000222,-8.190797126999882,0.0],[114.266472533000069,-8.19092748199995,0.0],[114.266491347000169,-8.191008129999943,0.0],[114.266514093000069,-8.191084721999971,0.0],[114.266522332000136,-8.191161732999944,0.0],[114.266515870000148,-8.191234374999908,0.0],[114.266490795000095,-8.191281427999911,0.0],[114.266447010000093,-8.191331741999875,0.0],[114.266403652000122,-8.191384149999976,0.0],[114.266406619000122,-8.19144775399991,0.0],[114.266432162000115,-8.191497973999958,0.0],[114.26646229500011,-8.191547699999887,0.0],[114.266486664000013,-8.191585905999943,0.0],[114.266508468000097,-8.191651874999934,0.0],[114.26651722400004,-8.19170207999997,0.0],[114.266515262000098,-8.191706783999905,0.0],[114.266481485000099,-8.191779585999939,0.0],[114.266472509000209,-8.191839156999947,0.0],[114.266473218000215,-8.191902331999927,0.0],[114.266473978000022,-8.191911286999868,0.0],[114.266474168000059,-8.191913524999961,0.0],[114.266479354000012,-8.19197369799997,0.0],[114.266504695000208,-8.192025695999916,0.0],[114.266529856000034,-8.192065047999904,0.0],[114.26658133900014,-8.192109783999967,0.0],[114.2666395130002,-8.192173852999929,0.0],[114.266704233000041,-8.192209829999967,0.0],[114.266795461000129,-8.192248731999939,0.0],[114.26685605800003,-8.192274544999918,0.0],[114.26686399800019,-8.192281470999944,0.0],[114.266868821000116,-8.192281176999927,0.0],[114.266904195000052,-8.192296290999934,0.0],[114.266975683000055,-8.192309184999942,0.0],[114.267070463000096,-8.19234030399997,0.0],[114.267154014000198,-8.192354870999907,0.0],[114.267251968000096,-8.192368550999959,0.0],[114.267357248000167,-8.192384161999939,0.0],[114.267447265000214,-8.19238860899992,0.0],[114.267548853000108,-8.192382751999901,0.0],[114.267560820000085,-8.192379624999887,0.0],[114.267634777000126,-8.19235329199995,0.0],[114.267641933000164,-8.192350414999964,0.0],[114.267757029000109,-8.192309154999919,0.0],[114.26783877600019,-8.192274616999953,0.0],[114.267884115000129,-8.192239574999974,0.0],[114.267888768000034,-8.192231807999917,0.0],[114.267907271000126,-8.19219564499997,0.0],[114.267919320000146,-8.19218739799993,0.0],[114.267959426000061,-8.192124445999923,0.0],[114.267999806000034,-8.192058411999881,0.0],[114.26805534000016,-8.191987637999887,0.0],[114.268103960000076,-8.191966491999949,0.0],[114.268147899000041,-8.191945241999917,0.0],[114.268196211000031,-8.191919303999953,0.0],[114.268217717000198,-8.19188953399987,0.0],[114.26824137500023,-8.191855149999924,0.0],[114.268281477000187,-8.191847278999944,0.0],[114.268346504000078,-8.191845465999961,0.0],[114.26839649100009,-8.191866638999898,0.0],[114.268449474000136,-8.191917069999931,0.0],[114.268470419000096,-8.191945809999879,0.0],[114.268486752000172,-8.191970158999879,0.0],[114.268546393000065,-8.192013777999932,0.0],[114.268553261000079,-8.192018120999933,0.0],[114.268585735000102,-8.192057880999926,0.0],[114.26863002500022,-8.192124286999899,0.0],[114.268663108000169,-8.192197527999951,0.0],[114.268686445000071,-8.192237297999952,0.0],[114.268748807000065,-8.192316403999939,0.0],[114.26878119100013,-8.1923625579999,0.0],[114.268783523000138,-8.192366964999906,0.0],[114.268808791000083,-8.192393204999973,0.0],[114.268858896000211,-8.192421225999965,0.0],[114.268895414000212,-8.192445051999925,0.0],[114.268934239000146,-8.192471071999933,0.0],[114.268938793000189,-8.192473217999918,0.0],[114.268986817000041,-8.192507988999978,0.0],[114.268993739000052,-8.192516767999962,0.0],[114.269021462000183,-8.192554100999871,0.0],[114.269051642000022,-8.192604708999966,0.0],[114.269077548000041,-8.192673089999971,0.0],[114.269125624000026,-8.192712302999894,0.0],[114.269166859000052,-8.192747185999963,0.0],[114.269223963000172,-8.192781870999966,0.0],[114.269294825000088,-8.192825263999907,0.0],[114.269322276000025,-8.192842640999913,0.0],[114.269345395000073,-8.19287777999989,0.0],[114.269359674000043,-8.19293511099994,0.0],[114.269367155000054,-8.192994653999904,0.0],[114.269373152000185,-8.193040905999908,0.0],[114.269376150000198,-8.193078677999949,0.0],[114.269385925000051,-8.193122890999973,0.0],[114.269389232000208,-8.193180619999907,0.0],[114.269410473000107,-8.193237996999869,0.0],[114.269412798000076,-8.193242397999882,0.0],[114.269442958000013,-8.193295201999888,0.0],[114.26947065700017,-8.193334745999891,0.0],[114.269516403000011,-8.193376204999936,0.0],[114.269518694000112,-8.193378390999953,0.0],[114.269541789000186,-8.193409195999948,0.0],[114.269574224000053,-8.193455507999943,0.0],[114.269592781000142,-8.193482003999975,0.0],[114.269631502000038,-8.193499215999907,0.0],[114.26965431900021,-8.193510011999933,0.0],[114.269658973000105,-8.193516649999935,0.0],[114.269677732000105,-8.193549939999912,0.0],[114.269684921000135,-8.193569995999894,0.0],[114.269719523000049,-8.193600840999977,0.0],[114.269747188000224,-8.193622854999944,0.0],[114.269761620000168,-8.193663066999875,0.0],[114.269762660000197,-8.193714739999962,0.0],[114.269770568000013,-8.193766509999932,0.0],[114.269771565000156,-8.193811828999912,0.0],[114.269786792000104,-8.19388209799996,0.0],[114.269791965000081,-8.193909373999929,0.0],[114.269795220000219,-8.193952683999953,0.0],[114.269793601000174,-8.193982402999893,0.0],[114.269788068000025,-8.194041966999976,0.0],[114.269787155000017,-8.19410393499993,0.0],[114.26978781400021,-8.194133794999914,0.0],[114.269786467000131,-8.194177415999889,0.0],[114.269773696000016,-8.194223499999964,0.0],[114.269771894000087,-8.194246524999926,0.0],[114.270183854389416,-8.194896062267162,0.0],[114.270421800490112,-8.19549092751862,0.0],[114.27077871964093,-8.196038203549961,0.0],[114.271207022622093,-8.1965616849713,0.0],[114.271754298653491,-8.196871014902058,0.0],[114.27242054773501,-8.197085166392526,0.0],[114.272801261495943,-8.197180344832759,0.0],[114.273110591426644,-8.1977276208641,0.0],[114.273515099797692,-8.198322486115558,0.0],[114.273800635118391,-8.198750789096664,0.0],[114.274371705759677,-8.19941703817824,0.0],[114.275109338671541,-8.200178465700162,0.0],[114.275513847042589,-8.200511590240922,0.0],[114.27610871229399,-8.201249223152729,0.0],[114.276917729035972,-8.202010650674652,0.0],[114.277250853576902,-8.202724488976401,0.0],[114.277631567337835,-8.203462121888208,0.0],[114.277988486488653,-8.204080781749667,0.0],[114.277988486488653,-8.204770825441358,0.0],[114.278178843369119,-8.205556047573282,0.0],[114.278392994859587,-8.206079528994621,0.0],[114.279320984651804,-8.206603010415847,0.0],[114.279987233733436,-8.207245464887421,0.0],[114.280367947494483,-8.20805448162946,0.0],[114.280582098984951,-8.208506579220568,0.0],[114.281057991186117,-8.209386979792669,0.0],[114.281771829487866,-8.210433942635291,0.0],[114.282128748638797,-8.2109098348364,0.0]]}},
{"type":"Feature","properties":{"Name":"Saluran Irigasi Sekunder Ka","Kategori":"Saluran Irigasi Sekunder","DI":"Sudimoro","KorSDA":"Kabat","Status":null,"DI_PERMEN":"Sudimoro Ka/Ki","ID_TANAH":null},"geometry":{"type":"LineString","coordinates":[[114.312344446000225,-8.240481559999978,0.0],[114.312390062000077,-8.240529832999869,0.0],[114.312448646000121,-8.240576209999972,0.0],[114.312516397000195,-8.24062947799996,0.0],[114.312589919000175,-8.240681976999952,0.0],[114.312661716000207,-8.240739981999923,0.0],[114.312670077000121,-8.24074157799987,0.0],[114.312727663000032,-8.240779776999943,0.0],[114.312799341000073,-8.240818589999947,0.0],[114.312887402000229,-8.240823059999968,0.0],[114.312965175000159,-8.24083154899995,0.0],[114.313069380000115,-8.240833919999886,0.0],[114.313167938000106,-8.240834378999921,0.0],[114.313248091000105,-8.240839907999941,0.0],[114.313370353000096,-8.240853256999969,0.0],[114.313465941000231,-8.24087274599998,0.0],[114.313508989000184,-8.240896028999884,0.0],[114.313556524000091,-8.240894939999976,0.0],[114.313659933000054,-8.240951044999974,0.0],[114.313679443000069,-8.240990445999955,0.0],[114.313703563000104,-8.241043116999947,0.0],[114.313745663000077,-8.241084626999964,0.0],[114.313748783000165,-8.241086974999973,0.0],[114.313789348000228,-8.241117484999904,0.0],[114.313801461000025,-8.241124176999904,0.0],[114.313851336000198,-8.241162015999919,0.0],[114.313889801000073,-8.241220833999932,0.0],[114.313899799000069,-8.24123333499989,0.0],[114.313969876000215,-8.241301051999926,0.0],[114.314056360000109,-8.241388062999931,0.0],[114.314146784000172,-8.241466000999878,0.0],[114.314257251000072,-8.241561894999904,0.0],[114.314327101000231,-8.241619596999954,0.0],[114.314367619000222,-8.241657294999868,0.0],[114.314383641000063,-8.24169464199997,0.0],[114.314394595000067,-8.241735311999946,0.0],[114.314386184000227,-8.241778637999971,0.0],[114.314374465000014,-8.241838996999888,0.0],[114.314379378000012,-8.241855014999885,0.0],[114.314407927000161,-8.241923201999953,0.0],[114.314412097000172,-8.241933694999943,0.0],[114.314453579000201,-8.242016264999904,0.0],[114.314483870000117,-8.242078013999958,0.0],[114.31449728500013,-8.242139015999953,0.0],[114.314580615165028,-8.242750767705161,0.0],[114.314618686541166,-8.243264731282352,0.0],[114.314770972045608,-8.243474123850888,0.0],[114.314790007733563,-8.244007123116262,0.0],[114.314809043421633,-8.244483015317428,0.0],[114.314999400302099,-8.244920836142455,0.0],[114.315303971310868,-8.245491906783911,0.0],[114.315779863512148,-8.245834549168706,0.0],[114.316350934153547,-8.246386584122092,0.0],[114.31675068360255,-8.246786333570981,0.0],[114.317074290299161,-8.247148011643901,0.0],[114.317531146812371,-8.247604868157055,0.0],[114.317892824885121,-8.247795225037464,0.0],[114.318501966902659,-8.248023653294013,0.0],[114.318901716351661,-8.248252081550618,0.0],[114.319130144608152,-8.248480509807166,0.0],[114.319377608552827,-8.248766045127923,0.0],[114.31949182268113,-8.24893736632032,0.0],[114.319567965433293,-8.249127723200729,0.0],[114.319567965433293,-8.249432294209498,0.0],[114.319548929745224,-8.249622651089965,0.0],[114.319777358001829,-8.250117578979257,0.0],[114.32023421451504,-8.250574435492297,0.0],[114.32086239222042,-8.251354898702289,0.0],[114.321338284421586,-8.251735612463222,0.0],[114.321833212310821,-8.252154397600179,0.0],[114.322175854695729,-8.2525160756731,0.0],[114.322404282952334,-8.252763539617717,0.0],[114.322670782584964,-8.253106182002512,0.0],[114.322708853961103,-8.253505931451514,0.0],[114.322746925337128,-8.253753395396132,0.0],[114.323127639098175,-8.254191216221159,0.0],[114.323432210106716,-8.254590965670161,0.0],[114.323394138730805,-8.254838429614779,0.0],[114.322953147022417,-8.255292289496481,0.0],[114.322800044873134,-8.255686696508519,0.0],[114.32258586619821,-8.256495919529186,0.0],[114.322625790483585,-8.25681046309461,0.0],[114.322771960463456,-8.257354642057749,0.0],[114.322973692079586,-8.257958816792836,0.0],[114.323186534974525,-8.258609711303052,0.0],[114.323345638478145,-8.259058214365666,0.0],[114.323569104800185,-8.259688152284753,0.0],[114.32377457310622,-8.260267354894609,0.0],[114.323801222609973,-8.261027145235403,0.0],[114.323836817465917,-8.261864011189687,0.0],[114.323847403307582,-8.262112893515564,0.0],[114.324453041106722,-8.262729084976968,0.0],[114.324677565929619,-8.262931090967299,0.0],[114.325201497658782,-8.263630747239517,0.0],[114.325504403094214,-8.264168640518506,0.0],[114.325863936329938,-8.264807092287185,0.0],[114.326084677523113,-8.265125835315985,0.0]]}},
{"type":"Feature","properties":{"Name":"Saluran Irigasi Sekunder Ki","Kategori":"Saluran Irigasi Sekunder","DI":"Sudimoro","KorSDA":"Kabat","Status":null,"DI_PERMEN":"Sudimoro Ka/Ki","ID_TANAH":null},"geometry":{"type":"MultiLineString","coordinates":[[[114.312530194000146,-8.24014052299998,0.0],[114.312574664000067,-8.240121999999872,0.0],[114.312638799000183,-8.240111204999948,0.0],[114.31270213200014,-8.240126419999967,0.0],[114.312758307000081,-8.240139556999907,0.0],[114.312819554000043,-8.240138515999888,0.0],[114.31285463100005,-8.240133710999942,0.0],[114.312930319000088,-8.240115985999978,0.0],[114.313020111000242,-8.240077850999967,0.0],[114.313042620000033,-8.240063651999947,0.0],[114.313104783000313,-8.24002909799998,0.0],[114.313189453000064,-8.239976292999813,0.0],[114.313214809000215,-8.239935079999952,0.0],[114.313288222000097,-8.23989456299995,0.0],[114.313342381000098,-8.239867893999815,0.0],[114.313431478000098,-8.23985146799987,0.0],[114.313563516000045,-8.239825718999953,0.0],[114.313671111000076,-8.239807131999953,0.0],[114.313815848000104,-8.239760419999868,0.0],[114.313894613000116,-8.239741981999941,0.0],[114.31397996200019,-8.239749413999959,0.0],[114.314017535000175,-8.239793945999907,0.0],[114.31406538300007,-8.239869888999976,0.0],[114.314219258000094,-8.240124231999971,0.0],[114.314279776000149,-8.2402491819999,0.0],[114.314291440000034,-8.240320680999957,0.0],[114.314338702000214,-8.240396770999951,0.0],[114.314373573000012,-8.240426834999937,0.0],[114.314457158000209,-8.240468294999914,0.0],[114.314510778000226,-8.240508902999977,0.0],[114.31451372000015,-8.240525612999875,0.0],[114.314550316000123,-8.24061449099986,0.0],[114.314589747000127,-8.240697809999915,0.0],[114.314691587000198,-8.24071040799987,0.0],[114.314778317000105,-8.240733113999966,0.0],[114.314842597000052,-8.240746046999902,0.0],[114.314969279000024,-8.240788554999938,0.0],[114.315075703000161,-8.240837350999925,0.0],[114.315207331000011,-8.240894821999973,0.0],[114.31528610600003,-8.24092996499985,0.0],[114.315358540000034,-8.240949579999949,0.0],[114.315428857000029,-8.24095325899998,0.0],[114.315580965000208,-8.240987592999886,0.0],[114.315726391000339,-8.241038389999915,0.0],[114.315872164000098,-8.241057016999946,0.0],[114.315952129000038,-8.241035524999972,0.0],[114.316053995000061,-8.240983287999882,0.0],[114.316133233000073,-8.240905246999944,0.0],[114.316136947000018,-8.240900753999938,0.0],[114.316185669000106,-8.240846245999933,0.0],[114.316228631000172,-8.240776057999881,0.0],[114.316285172000107,-8.240716292999934,0.0],[114.316365914000016,-8.240694641999937,0.0],[114.316459278000139,-8.240675633999956,0.0],[114.316526770000223,-8.24068131599995,0.0],[114.316615287000218,-8.240687507999951,0.0],[114.316676255000061,-8.240708853999934,0.0],[114.316755639000235,-8.240711647999888,0.0],[114.316787447000024,-8.240699687999893,0.0],[114.316844588000095,-8.240656054999931,0.0],[114.316938147000087,-8.240637121999953,0.0],[114.316999383000166,-8.240662881999867,0.0],[114.317060482000102,-8.240725192999946,0.0],[114.317124922000176,-8.240709685999832,0.0],[114.317177972000081,-8.240703615999962,0.0],[114.317286304000049,-8.240752004999933,0.0],[114.317292082000108,-8.24076751199982,0.0],[114.317366234000019,-8.240847574999975,0.0],[114.317432190000204,-8.240892028999895,0.0],[114.317481777000125,-8.240898251999965,0.0],[114.317543746000183,-8.240907002999904,0.0],[114.317613859000062,-8.240918769999894,0.0],[114.317680880000012,-8.24094275899995,0.0],[114.317697598000109,-8.240948742999876,0.0],[114.317776849000211,-8.240975108999919,0.0],[114.317863484000327,-8.240996533999919,0.0],[114.317877230000022,-8.241014634999942,0.0],[114.317920191000098,-8.241044995999971,0.0],[114.317979233000074,-8.241077274999952,0.0],[114.318027092000193,-8.241075515999967,0.0],[114.318072871000027,-8.24105048399997,0.0],[114.318098078000048,-8.240991183999938,0.0],[114.318132831000185,-8.24097527899994,0.0],[114.318225714000278,-8.240956920999963,0.0],[114.318316161000212,-8.240978224999935,0.0],[114.318363851000072,-8.2410164879999,0.0],[114.318387259000019,-8.241105060999928,0.0],[114.318436937000115,-8.241204985999957,0.0],[114.318515294000122,-8.24121136999986,0.0],[114.318519282000011,-8.2412109039999,0.0],[114.318583687000114,-8.241207261999875,0.0],[114.318647456,-8.24119981799987,0.0],[114.31871462700019,-8.241188100999977,0.0],[114.318814235000218,-8.241176473999815,0.0],[114.318884368000113,-8.241156652999962,0.0],[114.318922180000186,-8.24113669999997,0.0],[114.318981466000082,-8.241094486999941,0.0],[114.319051012000045,-8.241066541999942,0.0],[114.319136399000058,-8.24103268399989,0.0],[114.319234228000028,-8.240997230999881,0.0],[114.319338530000209,-8.240980736999973,0.0],[114.319446296000024,-8.240955880999934,0.0],[114.319595492000076,-8.240933967999979,0.0],[114.31968617400014,-8.240942799999914,0.0],[114.319726095000192,-8.240874118999955,0.0],[114.319777394000084,-8.240843747999975,0.0],[114.31984224200005,-8.240827742999898,0.0],[114.319903381000131,-8.240816209999934,0.0],[114.320062369000084,-8.240784818999828,0.0],[114.320190506000131,-8.240797647999898,0.0],[114.320298173000083,-8.240824925999959,0.0],[114.320368707000057,-8.24084836499992,0.0],[114.320425952000051,-8.240833360999943,0.0],[114.320479454000065,-8.240834831999962,0.0],[114.320570013000179,-8.240871759999891,0.0],[114.320641857000055,-8.240889001999903,0.0],[114.321503012000221,-8.241184347999933,0.0],[114.321569199000123,-8.2412174399999,0.0],[114.321576514000071,-8.241216669999858,0.0],[114.321640240000193,-8.241261375999898,0.0],[114.321704499000248,-8.241273122999928,0.0],[114.321782475000305,-8.241309241999943,0.0],[114.321798294000132,-8.241318646999957,0.0],[114.321858998000152,-8.241330836999964,0.0],[114.321951728000045,-8.241365476999931,0.0],[114.32196681500011,-8.241367617999913,0.0],[114.322049276000143,-8.241410657999893,0.0],[114.322058111000047,-8.241424442999971,0.0],[114.322111368000037,-8.241473989999918,0.0],[114.322180873000093,-8.241499885999929,0.0],[114.322188600000118,-8.241502764999893,0.0],[114.322288713000148,-8.241499820999934,0.0],[114.322299758000213,-8.241498684999897,0.0],[114.322434238000142,-8.241503244999933,0.0],[114.322536422000098,-8.241518500999973,0.0],[114.322558553000022,-8.241516228999956,0.0],[114.322693842000149,-8.241561270999966,0.0],[114.322792768000113,-8.24161382099993,0.0],[114.322805408000136,-8.241627286999972,0.0],[114.322877622000078,-8.24170854599987,0.0],[114.322906269000214,-8.241731501999823,0.0],[114.322925567000084,-8.241736930999934,0.0],[114.323002804000112,-8.241758657999924,0.0],[114.323050070000136,-8.241779757999893,0.0],[114.323165069000311,-8.241868193999949,0.0],[114.323181598000019,-8.24188137699997,0.0],[114.323278470000218,-8.241972050999891,0.0],[114.323291328000209,-8.241985663999969,0.0],[114.32335613100031,-8.242057517999967,0.0],[114.323369446000129,-8.242074865999882,0.0],[114.323434448000171,-8.242146943999899,0.0],[114.323549387000185,-8.242255596999939,0.0],[114.32365218800021,-8.242354617999865,0.0],[114.323778763000064,-8.242465361999962,0.0],[114.323881082000185,-8.24250681399991,0.0],[114.324009678000152,-8.242545651999933,0.0],[114.324131914000077,-8.242585210999948,0.0],[114.32423610100011,-8.242639794999832,0.0],[114.324321182000176,-8.242696535999926,0.0],[114.32442926900012,-8.242783684999836,0.0],[114.324486379000064,-8.24283007899993,0.0],[114.324513592000244,-8.242840321999893,0.0],[114.324574532000156,-8.242860141999927,0.0],[114.324657716000047,-8.242903924999837,0.0],[114.324739834000184,-8.242934797999908,0.0],[114.324869823000313,-8.242980513999953,0.0],[114.324966008000047,-8.243016649999902,0.0],[114.325042015,-8.243048329999965,0.0],[114.32513980300007,-8.243097578999937,0.0],[114.325213683000015,-8.243169068999919,0.0],[114.325329386000021,-8.243196855999827,0.0],[114.325403714000345,-8.24320910299997,0.0],[114.325431381000044,-8.24321948599993,0.0],[114.325457685000288,-8.24321683099987,0.0],[114.325560505000112,-8.243246010999883,0.0],[114.325677299000176,-8.243280422999817,0.0],[114.32579558600014,-8.243327849999901,0.0],[114.325911255000165,-8.243349265999825,0.0],[114.32600058800017,-8.243373339999948,0.0],[114.326084643000286,-8.243345183999907,0.0],[114.326189406000026,-8.243387567999889,0.0],[114.326211299000079,-8.243405195999912,0.0],[114.326311629000088,-8.243467979999878,0.0],[114.326327600000013,-8.243492842999956,0.0],[114.326406803000168,-8.243610640999975,0.0],[114.32642877000012,-8.243628333999823,0.0],[114.326565854000023,-8.243786771999964,0.0],[114.326644608000038,-8.243832215999817,0.0],[114.326799434,-8.244023157999891,0.0],[114.32697445000008,-8.244212428999901,0.0],[114.327131177000069,-8.244290565999904,0.0],[114.3272337840001,-8.244367226999941,0.0],[114.327263310000035,-8.244391019999966,0.0],[114.327345512000079,-8.244463321999888,0.0],[114.327429401000018,-8.244549088999975,0.0],[114.327483603000019,-8.244610930999954,0.0],[114.327543224000124,-8.244659028999934,0.0],[114.32761879200018,-8.244742281999891,0.0],[114.327726096000106,-8.244871133999879,0.0],[114.327870141000062,-8.244963030999941,0.0],[114.327884847000064,-8.244974880999962,0.0],[114.327961159000097,-8.245060630999944,0.0],[114.328048844000023,-8.245125239999936,0.0],[114.32819702900008,-8.245250750999958,0.0],[114.328293067000232,-8.245328201999939,0.0],[114.328375159000075,-8.245400491999817,0.0],[114.328391349000185,-8.245425710999939,0.0],[114.328491813000028,-8.245543225999882,0.0],[114.328501309000103,-8.245569152999906,0.0],[114.328560175000121,-8.245677552999894,0.0],[114.328625825000017,-8.245785385999966,0.0],[114.328686523000101,-8.245846473999961,0.0],[114.328701333000254,-8.245858389999967,0.0],[114.328745310000045,-8.245954754999843,0.0],[114.328749579000032,-8.245994862999964,0.0],[114.328796731000011,-8.246118560999889,0.0],[114.328874729000063,-8.246212176999904,0.0],[114.329044147000218,-8.246269402999928,0.0],[114.329777042878959,-8.246830353599591,0.0],[114.330205345859895,-8.247234861970583,0.0],[114.330705032671176,-8.247591781121514,0.0],[114.331157130262341,-8.24782972722204,0.0],[114.331799584733858,-8.247901111052272,0.0]],[[114.322693842000149,-8.241561270999966,0.0],[114.322927764373503,-8.241263604576432,0.0],[114.323765334647646,-8.241244568888476,0.0],[114.324507726481556,-8.241339747328709,0.0],[114.324755190426004,-8.241568175585201,0.0],[114.325307225379333,-8.241834675217888,0.0],[114.32595443877301,-8.241986960722272,0.0],[114.326335152533943,-8.241891782282039,0.0],[114.326830080423065,-8.241453961456898,0.0],[114.327305972624231,-8.24120649751228,0.0],[114.328200649962469,-8.242005996410285,0.0],[114.328695577851704,-8.242386710171274,0.0],[114.329228577117078,-8.242672245491974,0.0],[114.32964736225415,-8.242843566684314,0.0],[114.330066147390994,-8.243110066317001,0.0],[114.330599146656368,-8.24343367301384,0.0],[114.331341538490278,-8.243833422462728,0.0],[114.331874537755425,-8.244176064847522,0.0],[114.332788250781732,-8.244195100535649,0.0],[114.333283178670968,-8.243871493838924,0.0],[114.333778106560203,-8.243871493838924,0.0],[114.334292070137508,-8.243966672279157,0.0],[114.334672783898327,-8.244023779343138,0.0],[114.335833960869195,-8.244556778608569,0.0],[114.336290817382405,-8.244937492369445,0.0],[114.336747673895502,-8.245337241818447,0.0],[114.33707128059234,-8.245565670075052,0.0],[114.337318744537015,-8.245413384570668,0.0],[114.338004029306717,-8.245832169707683,0.0],[114.338822563892563,-8.246365168973057,0.0],[114.339526884350335,-8.246898168238317,0.0],[114.340212169119923,-8.247335989063401,0.0],[114.340783239761322,-8.247716702824277,0.0],[114.341373346091018,-8.248535237410351,0.0],[114.341792131227862,-8.249068236675612,0.0],[114.342306094805053,-8.249639307317068,0.0],[114.342953308198844,-8.250267485022619,0.0]]]}},
{"type":"Feature","properties":{"Name":"Saluran Irigasi Sekunder","Kategori":"Saluran Irigasi Sekunder","DI":"Sukun I","KorSDA":"Kabat","Status":null,"DI_PERMEN":"Sukun I","ID_TANAH":null},"geometry":{"type":"LineString","coordinates":[[114.301564656000096,-8.262693355999943,0.0],[114.301591967000036,-8.26272066599995,0.0],[114.301592335,-8.262782132999973,0.0],[114.301576214000079,-8.26286304599995,0.0],[114.301541811000106,-8.262918748999937,0.0],[114.301516370000058,-8.262963041999967,0.0],[114.30149188200005,-8.263009620999981,0.0],[114.301462700000116,-8.263057963999927,0.0],[114.30146176400001,-8.263068956999973,0.0],[114.301443052000081,-8.263115969999944,0.0],[114.301440257000081,-8.263122353999961,0.0],[114.301409911000064,-8.263173784999935,0.0],[114.301389590000099,-8.263242528999967,0.0],[114.301366014000109,-8.263309744999958,0.0],[114.301336744000082,-8.263363210999955,0.0],[114.301337702000069,-8.263365480999937,0.0],[114.301307937000047,-8.263411183999949,0.0],[114.301299832000041,-8.263456405999932,0.0],[114.301277574000096,-8.263493887999971,0.0],[114.301267585,-8.263534480999965,0.0],[114.301253325000062,-8.263560906999942,0.0],[114.301256803000115,-8.263613132999978,0.0],[114.301245510000058,-8.263663506999933,0.0],[114.30124731,-8.263719106999929,0.0],[114.301248864000058,-8.263729190999982,0.0],[114.30126688200005,-8.263807913999926,0.0],[114.301266682,-8.263813440999968,0.0],[114.301275032000035,-8.263861453999937,0.0],[114.301277109000011,-8.263865983999949,0.0],[114.301314619000095,-8.26391212599998,0.0],[114.301320208000107,-8.263912422999965,0.0],[114.301383737000037,-8.263920200999962,0.0],[114.301418287000047,-8.263924236999969,0.0],[114.301424182,-8.263972997999929,0.0],[114.301449503000072,-8.264010605999943,0.0],[114.301463954000042,-8.264012468999965,0.0],[114.301509347000092,-8.26402255499994,0.0],[114.301518144000056,-8.264024159999963,0.0],[114.301530128000081,-8.264027096999939,0.0],[114.301586203000056,-8.264032707999945,0.0],[114.301655752000102,-8.264038031999974,0.0],[114.301746526000102,-8.264066871999944,0.0],[114.301813951000099,-8.264075325999954,0.0],[114.301820607000082,-8.264077804999943,0.0],[114.301879057000065,-8.264103329999955,0.0],[114.301937642000098,-8.264142001999971,0.0],[114.301939941000114,-8.264140982999947,0.0],[114.301978055000063,-8.264140187999942,0.0],[114.302040868000063,-8.264133719999961,0.0],[114.302096956000014,-8.264143739999952,0.0],[114.302101201000028,-8.264147298999944,0.0],[114.302147129000105,-8.264159693999943,0.0],[114.302190935000112,-8.264148596999974,0.0],[114.302247269000077,-8.264129274999959,0.0],[114.302257312000052,-8.264127573999929,0.0],[114.302292206000061,-8.264114950999954,0.0],[114.302347594000025,-8.264112276999981,0.0],[114.302420794000113,-8.264150515999972,0.0],[114.30245039600004,-8.264179827999953,0.0],[114.302453415000059,-8.264186473999928,0.0],[114.302471120000064,-8.264255830999957,0.0],[114.302470547000098,-8.264266735999968,0.0],[114.302466952000032,-8.26431367899994,0.0],[114.302464066000084,-8.26432564199996,0.0],[114.302440790000105,-8.264402976999975,0.0],[114.302456299000028,-8.264474278999955,0.0],[114.302477847000091,-8.264521528999978,0.0],[114.30247887400003,-8.26452378099998,0.0],[114.302518006000014,-8.264560479999943,0.0],[114.302519034000056,-8.264562731999945,0.0],[114.302550426000039,-8.264594747999979,0.0],[114.30255248200001,-8.264599252999972,0.0],[114.302598280000097,-8.264662818999966,0.0],[114.302596743000095,-8.264671695999937,0.0],[114.302596522000044,-8.264726398999926,0.0],[114.302594982000073,-8.264735310999981,0.0],[114.302606637000054,-8.264803932999939,0.0],[114.302606385000104,-8.264809541999966,0.0],[114.302616004000015,-8.264873842999975,0.0],[114.302629763000027,-8.264922586999944,0.0],[114.302629264000075,-8.264933871999972,0.0],[114.302629014000104,-8.264939516999959,0.0],[114.302642556000023,-8.26499404499998,0.0],[114.302646713000058,-8.265003172999968,0.0],[114.302667266000071,-8.265054514999974,0.0],[114.302670145000093,-8.265067048999981,0.0],[114.302686326000071,-8.265115020999929,0.0],[114.302687127000013,-8.265123002999928,0.0],[114.302708295000116,-8.265162944999929,0.0],[114.302711467000108,-8.265169707999974,0.0],[114.30279005500006,-8.265258909999943,0.0],[114.302795719000073,-8.26525894699995,0.0],[114.302813353000033,-8.265272496999955,0.0],[114.302870124000037,-8.265305754999929,0.0],[114.302947731000017,-8.265344378999941,0.0],[114.302984759000083,-8.265366058999973,0.0],[114.303052209000043,-8.26540747599995,0.0],[114.303103035000049,-8.265465138999957,0.0],[114.303142726000033,-8.265528191999977,0.0],[114.303143754000075,-8.265530436999939,0.0],[114.303194018000113,-8.265621715999941,0.0],[114.303196083000103,-8.265626217999966,0.0],[114.303214672000081,-8.265691290999939,0.0],[114.303218811000079,-8.26570032199993,0.0],[114.303217517,-8.265703637999934,0.0],[114.303261492000047,-8.26579843199994,0.0],[114.303261267000039,-8.265804015999947,0.0],[114.303286329000116,-8.265863755999931,0.0],[114.303289490000111,-8.265870525999958,0.0],[114.303324267000107,-8.265945002999956,0.0],[114.303358637000088,-8.266000399999939,0.0],[114.303381822,-8.266050049999933,0.0],[114.303387092000094,-8.266061334999961,0.0],[114.303409845000033,-8.266091865999954,0.0],[114.303437202000055,-8.266120152999974,0.0],[114.303444776000106,-8.266130316999977,0.0],[114.303449189000048,-8.266133713999977,0.0],[114.303469989000064,-8.266154054999959,0.0],[114.303478803000075,-8.266160837999962,0.0],[114.303498455000067,-8.266179115999932,0.0],[114.30352860000005,-8.266201758999955,0.0],[114.30356018100008,-8.266246943999931,0.0],[114.303598886000032,-8.266289124999957,0.0],[114.303627205000112,-8.266333232999955,0.0],[114.303631587000041,-8.266336699999954,0.0],[114.303654883000036,-8.266369621999957,0.0],[114.303660284000102,-8.266375345999961,0.0],[114.303685649000045,-8.266412828999933,0.0],[114.303699208000012,-8.266436634999934,0.0],[114.303728723000063,-8.266483269999981,0.0],[114.303748773000052,-8.266515166999966,0.0],[114.303753928000106,-8.266526508999959,0.0],[114.30377192800006,-8.266576100999941,0.0],[114.303773948000071,-8.26658065099997,0.0],[114.303779193000082,-8.266611138999963,0.0],[114.303779932000111,-8.266619033999973,0.0],[114.303784843000017,-8.266680049999934,0.0],[114.303792692000115,-8.266704041999958,0.0],[114.303791133000118,-8.266713040999946,0.0],[114.303793166000105,-8.266717636999942,0.0],[114.303810469000041,-8.266756758999975,0.0],[114.303814547000115,-8.266765980999935,0.0],[114.303835427000081,-8.26681186999997,0.0],[114.3038385750001,-8.26681875099996,0.0],[114.303860640000039,-8.266841867999972,0.0],[114.303871936000064,-8.266847728999949,0.0],[114.30387771300002,-8.26684781199998,0.0],[114.30391677800003,-8.26685178699995,0.0],[114.303925940000113,-8.266853054999956,0.0],[114.30392934300005,-8.266854240999976,0.0],[114.303971909000097,-8.266853706999939,0.0],[114.303981277000048,-8.266849299999933,0.0],[114.303992735000065,-8.26684946499995,0.0],[114.304009903000065,-8.266849710999963,0.0],[114.304051976000096,-8.266854843999965,0.0],[114.304065473000037,-8.266859562999969,0.0],[114.304068846000064,-8.266860741999949,0.0],[114.304114953000067,-8.266874952999956,0.0],[114.304126093000036,-8.266880755999978,0.0],[114.304168851000099,-8.266888234999954,0.0],[114.304212118,-8.266909449999957,0.0],[114.304213164000089,-8.266911740999944,0.0],[114.304269013000066,-8.266960475999952,0.0],[114.30430697700001,-8.26700671499998,0.0]]}},
{"type":"Feature","properties":{"Name":"Sekunder","Kategori":"Saluran Irigasi Sekunder","DI":"Sukun II","KorSDA":"Kabat","Status":null,"DI_PERMEN":"Sukun II","ID_TANAH":null},"geometry":{"type":"LineString","coordinates":[[114.304440003000082,-8.267358187999946,0.0],[114.304543405000118,-8.267315022999981,0.0],[114.30455173900009,-8.267312882999931,0.0],[114.304757246,-8.267354446999946,0.0],[114.304765486000065,-8.267368645999966,0.0],[114.304774132000034,-8.267385493999939,0.0],[114.304850743000088,-8.267545176999931,0.0],[114.304852517000086,-8.267558551999969,0.0],[114.304854450000107,-8.267574712999931,0.0],[114.304937914000107,-8.26794168999993,0.0],[114.30493875600007,-8.267949880999936,0.0],[114.304963359000112,-8.268379292999953,0.0],[114.304882030000044,-8.268558392999978,0.0],[114.304880866000076,-8.26864375699995,0.0],[114.304885983000077,-8.268661115999976,0.0],[114.304887508000093,-8.268675722999944,0.0],[114.304934803000037,-8.269049702999951,0.0],[114.305010949,-8.269341336999958,0.0],[114.30498998500002,-8.26947073499997,0.0],[114.304949969000063,-8.26954081699995,0.0],[114.304950693000023,-8.269634118999932,0.0],[114.304958435000117,-8.269645207999929,0.0],[114.305036984000026,-8.269780512999944,0.0],[114.305040145000021,-8.269780486999935,0.0],[114.305150533000074,-8.269908733999955,0.0],[114.305154952000066,-8.269984751999971,0.0],[114.305018008000047,-8.270042272999945,0.0],[114.305006325000022,-8.270053430999951,0.0],[114.304996711000058,-8.270059475999972,0.0],[114.304876345000025,-8.270165529999929,0.0],[114.304775283000026,-8.270384810999929,0.0],[114.304710861000103,-8.270682321999971,0.0],[114.304704247000018,-8.270692127999951,0.0],[114.304702237000015,-8.270696993999934,0.0],[114.30461928200009,-8.27087651599993,0.0],[114.304615683000065,-8.270888291999938,0.0],[114.304614865000076,-8.270902450999927,0.0],[114.304611273000091,-8.270914192999953,0.0],[114.304502183000068,-8.271262754999952,0.0],[114.304484416000037,-8.271594394999966,0.0],[114.304544450000094,-8.271728587999974,0.0],[114.304646793000074,-8.271780016999969,0.0],[114.304735375000064,-8.271843694999973,0.0],[114.3047540660001,-8.271935815999939,0.0],[114.304819013000042,-8.272083437999981,0.0],[114.30481941100004,-8.272086767999951,0.0],[114.304854307000028,-8.272226546999946,0.0],[114.304780936000043,-8.272366383999952,0.0],[114.304747382000073,-8.27256528099997,0.0],[114.304753085000016,-8.272578987999964,0.0],[114.304745291000017,-8.272722340999962,0.0],[114.304914439000072,-8.273016996999957,0.0],[114.305145546000062,-8.273045494999963,0.0],[114.305148839000026,-8.273042140999962,0.0],[114.30536359700011,-8.272967515999937,0.0],[114.305542309000089,-8.272995526999978,0.0],[114.30555774100003,-8.273002117999965,0.0],[114.305561852000096,-8.273005457999943,0.0],[114.305719422000038,-8.273158572999932,0.0],[114.305723891000071,-8.273162156999945,0.0],[114.305939151000075,-8.273290643999928,0.0],[114.306306413000016,-8.273429649999969,0.0],[114.306589138000049,-8.273444174999952,0.0],[114.306750148000106,-8.273364467999954,0.0],[114.306753621000098,-8.273360835999938,0.0],[114.306968872000084,-8.273285230999932,0.0],[114.307242100000053,-8.273137571999939,0.0],[114.307364821000078,-8.272996921999948,0.0],[114.307366456000068,-8.27298280499997,0.0],[114.307374312000093,-8.272957819999931,0.0],[114.307527725000114,-8.272938628999952,0.0],[114.307540895000102,-8.27294147899994,0.0],[114.307667998000056,-8.273051553999949,0.0],[114.307678663000047,-8.273062145999972,0.0],[114.307918186000052,-8.273238927999955,0.0],[114.308178098000099,-8.273331844999973,0.0],[114.308541588000026,-8.273393040999963,0.0],[114.308732529000054,-8.273387612999954,0.0],[114.308846303000109,-8.27336061799997,0.0],[114.309022876000085,-8.273447451999971,0.0],[114.309031957000116,-8.273450786999945,0.0],[114.309315761000107,-8.273649478999971,0.0],[114.309402762000104,-8.273816014999966,0.0],[114.309465471000067,-8.273925684999938,0.0],[114.30967677600006,-8.274036310999975,0.0],[114.310005815000068,-8.27420316599995,0.0],[114.31015495500003,-8.274242184999935,0.0],[114.310511428000041,-8.274322341999948,0.0]]}},
{"type":"Feature","properties":{"Name":"Saluran Irigasi Sekunder","Kategori":"Saluran Irigasi Sekunder","DI":"Sumber Blimbing I","KorSDA":"Kabat","Status":null,"DI_PERMEN":"Sumber Blimbing I","ID_TANAH":null},"geometry":{"type":"LineString","coordinates":[[114.260198603000049,-8.183630215999926,0.0],[114.260164066000016,-8.18362179899998,0.0],[114.260109685000089,-8.183606739999959,0.0],[114.260055118000082,-8.183596693999959,0.0],[114.260020310000073,-8.183578067999974,0.0],[114.259972833,-8.183552299999974,0.0],[114.259930113000109,-8.183528710999951,0.0],[114.259894639000095,-8.183502046999934,0.0],[114.259868904000086,-8.183469512999977,0.0],[114.259848176000105,-8.183444517999931,0.0],[114.259821687000112,-8.183402256999955,0.0],[114.259790656000064,-8.183383314999958,0.0],[114.259754643000065,-8.183369782999932,0.0],[114.259738585000036,-8.183347296999955,0.0],[114.259722858000032,-8.183335151999927,0.0],[114.259693862000063,-8.183310645999939,0.0],[114.259669629000086,-8.183280499999967,0.0],[114.259637965000024,-8.183258565999949,0.0],[114.259605687000089,-8.183225958999969,0.0],[114.259570946000053,-8.183198661999938,0.0],[114.259547377000104,-8.183168925999951,0.0],[114.259510485000078,-8.183121577999941,0.0],[114.259451696000042,-8.183068524999953,0.0],[114.259411094000029,-8.183020582999973,0.0],[114.259367450000013,-8.182997349999937,0.0],[114.259301683000103,-8.18295924499995,0.0],[114.259248687000081,-8.182948721999935,0.0],[114.25918088700007,-8.182963773999973,0.0],[114.25912861900008,-8.182974757999943,0.0],[114.259058200000027,-8.182992506999938,0.0],[114.259008754000092,-8.182990920999941,0.0],[114.259005673000047,-8.18299101599996,0.0],[114.258965185000079,-8.182982927999944,0.0],[114.258909404000065,-8.182978419999927,0.0],[114.258826242000055,-8.182980991999955,0.0],[114.258796031000088,-8.182991261999973,0.0],[114.258749721000072,-8.182989582999937,0.0],[114.258700130000079,-8.182984893999958,0.0],[114.258629475000021,-8.182987079999975,0.0],[114.258576805000075,-8.182982486999947,0.0],[114.2584785680001,-8.182948224999961,0.0],[114.258435180000106,-8.18290908299997,0.0],[114.258392426000114,-8.182879186999969,0.0],[114.258348711000053,-8.182842600999948,0.0],[114.258285811000064,-8.182803214999979,0.0],[114.258278626000106,-8.182793824999976,0.0],[114.258237025000085,-8.182753362999961,0.0],[114.25818021200007,-8.182716773999971,0.0],[114.258126591000064,-8.182683122999947,0.0],[114.258092909000084,-8.182661608999979,0.0],[114.258060027000056,-8.182620355999973,0.0],[114.258022889000017,-8.182625039999948,0.0],[114.25796906700009,-8.182672756999978,0.0],[114.257915678000018,-8.182720089999975,0.0],[114.257873369000094,-8.18270550699998,0.0],[114.257840000000101,-8.182664584999941,0.0],[114.257834038000055,-8.182619095999939,0.0],[114.257822213000054,-8.182576811999979,0.0],[114.257803645000081,-8.182531238999957,0.0],[114.257787687000018,-8.182481942999971,0.0],[114.25776173600002,-8.182429361999937,0.0],[114.257724357000029,-8.182387084999959,0.0],[114.257649160000028,-8.18232579599993,0.0],[114.257609723000087,-8.182272657999931,0.0],[114.257587055000045,-8.18222835499995,0.0],[114.257580256000097,-8.182183061999979,0.0],[114.257571824000024,-8.182126882999967,0.0],[114.257568150000111,-8.182080738999957,0.0],[114.257566623000116,-8.182026966999956,0.0],[114.257568380000066,-8.181950757999971,0.0],[114.257558681000091,-8.181863098999941,0.0],[114.257557593000115,-8.181855754999958,0.0],[114.257535644000086,-8.181797315999972,0.0],[114.257515850000118,-8.18175344399998,0.0],[114.257491488000028,-8.181724507999945,0.0],[114.257441419000088,-8.181692130999977,0.0],[114.257394925000085,-8.181664127999966,0.0],[114.257335524000041,-8.18161786099995,0.0],[114.257305883000072,-8.181577755999967,0.0],[114.25724141,-8.181523553999966,0.0],[114.257186761000071,-8.181460965999975,0.0],[114.257107634000022,-8.18134859099996,0.0],[114.257079743000077,-8.181299169999932,0.0],[114.257055105000063,-8.181280529999981,0.0],[114.257003662000102,-8.181258822999951,0.0],[114.256996172000072,-8.181259101999956,0.0],[114.256968094000058,-8.181275835999941,0.0],[114.256931616000088,-8.181253688999959,0.0],[114.256904339000016,-8.181215355999939,0.0],[114.256890981000083,-8.181168339999942,0.0],[114.256872826000063,-8.181113265999954,0.0],[114.256847502000028,-8.181062138999948,0.0],[114.256825819000028,-8.181010528999934,0.0],[114.256835126000055,-8.18096154899996,0.0],[114.256848834000039,-8.180916183999955,0.0],[114.25683230300001,-8.180875718999971,0.0],[114.256803871000102,-8.180802276999941,0.0],[114.25680266400002,-8.180697682999948,0.0],[114.256768482000098,-8.18064035499998,0.0],[114.256729772000085,-8.180612337999946,0.0],[114.256697756000108,-8.180575532999967,0.0],[114.256666970000083,-8.180550962999973,0.0],[114.256635459000108,-8.180521943999963,0.0],[114.256602691000012,-8.180484220999972,0.0],[114.256607553000094,-8.180440397999973,0.0],[114.256592962000013,-8.180392232999964,0.0],[114.256598204000056,-8.180336652999927,0.0],[114.256594067000037,-8.180290752999952,0.0],[114.256589901000098,-8.180244537999954,0.0],[114.256581948000075,-8.18019475899996,0.0],[114.256591763000074,-8.180110350999939,0.0],[114.256590422000045,-8.180055978999974,0.0],[114.256586475000063,-8.180011558999979,0.0],[114.256590755000047,-8.179980445999945,0.0],[114.256588011000076,-8.179949382999951,0.0],[114.256584334000081,-8.17990774499998,0.0],[114.256552607000117,-8.179870138999945,0.0],[114.256544887000018,-8.179863333999947,0.0],[114.256507820000024,-8.17984678199997,0.0],[114.256488755000078,-8.179833217999942,0.0],[114.256472869000049,-8.179816003999974,0.0],[114.256428571000015,-8.179799636999974,0.0],[114.256424751000054,-8.179760689999966,0.0],[114.256411682000021,-8.179736193999929,0.0],[114.256374109000035,-8.179716134999978,0.0],[114.2563456150001,-8.179681285999948,0.0],[114.256313058000046,-8.17964281199994,0.0],[114.256295374000047,-8.179610835999938,0.0],[114.256266530000062,-8.179575536999948,0.0],[114.256230441000071,-8.179537186999937,0.0],[114.256191620000095,-8.179509578999955,0.0],[114.256155398000033,-8.179474351999943,0.0],[114.256136917000049,-8.179394237999929,0.0],[114.256129082000029,-8.179339755999933,0.0],[114.256127393000043,-8.179328010999939,0.0],[114.256112200000075,-8.17929406099995,0.0],[114.256082385000013,-8.179260634999935,0.0],[114.256082054000103,-8.179226209999968,0.0],[114.256072943000049,-8.179180306999967,0.0],[114.256104153000024,-8.179160088999936,0.0],[114.256152345000032,-8.179123791999928,0.0],[114.256145823000111,-8.179065427999944,0.0],[114.256141885000034,-8.179030187999956,0.0],[114.25611536100007,-8.178995440999927,0.0],[114.256077405000042,-8.17896086099995,0.0],[114.256043483000099,-8.178961854999955,0.0],[114.256007664000094,-8.178946991999965,0.0],[114.255963249000047,-8.178924365999933,0.0],[114.255910627000048,-8.17888783199993,0.0],[114.255878421000034,-8.178866134999964,0.0],[114.255834167000103,-8.178837226999974,0.0],[114.255828626000039,-8.17878985699997,0.0],[114.255823056000054,-8.178742228999965,0.0],[114.255785405000097,-8.178708522999955,0.0],[114.255748615000016,-8.178682733999949,0.0],[114.255699743000037,-8.178656548999982,0.0],[114.255637259000082,-8.178624778999961,0.0],[114.255556440000078,-8.178576435999958,0.0],[114.255439394000064,-8.178545975999953,0.0],[114.255422292000048,-8.178507436999951,0.0],[114.255398834000061,-8.17846241899997,0.0],[114.255383255000083,-8.178416764999952,0.0],[114.255367910000018,-8.178374780999945,0.0],[114.255332440000075,-8.17833368099997,0.0],[114.255303257000037,-8.178272379999953,0.0],[114.255328821000035,-8.178187909999963,0.0],[114.255317227000091,-8.178144716999952,0.0],[114.255280246000098,-8.178090657999974,0.0],[114.255248141000038,-8.178048131999958,0.0],[114.255241742000067,-8.177971580999952,0.0],[114.255236743000069,-8.177910844999928,0.0],[114.255290585000012,-8.177863031999948,0.0],[114.255379578000088,-8.17778431399995,0.0],[114.255412493000108,-8.17772469099998,0.0],[114.255424564,-8.177661718999957,0.0],[114.255434324000021,-8.177564933999975,0.0],[114.255486720000022,-8.177413935999937,0.0],[114.255533397000022,-8.177355829999954,0.0],[114.255544068000063,-8.177260607999926,0.0],[114.255532155000083,-8.177217717999952,0.0],[114.255490696000038,-8.177139432999979,0.0],[114.255449179000038,-8.177101372999971,0.0],[114.255380562000028,-8.177026560999934,0.0],[114.255330831000038,-8.176967782999952,0.0],[114.255257242000084,-8.176910581999948,0.0],[114.25520764800001,-8.176857394999956,0.0],[114.255173831000093,-8.176814855999964,0.0],[114.255140982000057,-8.176784105999957,0.0],[114.255169821000095,-8.176737007999975,0.0],[114.255198496000048,-8.176686733999929,0.0],[114.255177027000059,-8.176615366999954,0.0],[114.255150666000077,-8.176559027999929,0.0],[114.255130551000093,-8.176507719999961,0.0],[114.255123958000013,-8.176468240999952,0.0],[114.255155982000019,-8.176419329999931,0.0],[114.255144727000015,-8.176361318999966,0.0],[114.25511171900007,-8.176332900999967,0.0],[114.255068833000109,-8.176330186999962,0.0],[114.255026817000044,-8.176339313999961,0.0],[114.254995875000077,-8.176304000999949,0.0],[114.254995752000013,-8.17623826199997,0.0],[114.255007191000118,-8.176196612999945,0.0],[114.254967449000105,-8.176167782999926,0.0],[114.254957649000062,-8.176162133999981,0.0],[114.25487079800007,-8.176126904999933,0.0],[114.254811279000023,-8.176084274999937,0.0],[114.254785310000102,-8.176036318999934,0.0],[114.254696166000031,-8.175971523999976,0.0],[114.254579693000096,-8.175943544999939,0.0],[114.254506809000077,-8.175921338999956,0.0],[114.254452816000025,-8.175903833999939,0.0],[114.254417721000095,-8.17589103399996,0.0],[114.254374570000095,-8.175859952999929,0.0],[114.25433573600003,-8.175841126999956,0.0],[114.254290127000104,-8.175816534999967,0.0],[114.254243811000038,-8.175814171999946,0.0],[114.254213370000116,-8.175788255999976,0.0],[114.254164571000047,-8.175735287999942,0.0],[114.254172951000101,-8.175699529999974,0.0],[114.254168851000031,-8.175673447999941,0.0],[114.254142922000028,-8.175623252999969,0.0],[114.25414063300002,-8.17562133499996,0.0],[114.254108737000024,-8.17559650499993,0.0],[114.254069954000101,-8.175586918999954,0.0],[114.254040831000111,-8.175589229999957,0.0],[114.254001637000101,-8.175613401999954,0.0],[114.253999564000083,-8.175613565999981,0.0],[114.253946689000031,-8.175626142999931,0.0],[114.253903304,-8.175629600999969,0.0],[114.253895313000044,-8.175598671999978,0.0],[114.253892232000112,-8.175573567999947,0.0],[114.253853206000031,-8.175562051999975,0.0],[114.253826480000043,-8.175564474999931,0.0],[114.253809207000018,-8.175606344999949,0.0],[114.253792786000076,-8.175622580999971,0.0],[114.253739533000044,-8.175625225999966,0.0],[114.253601514000025,-8.175622845999953,0.0]]}},
{"type":"Feature","properties":{"Name":"Saluran Irigasi Tersier","Kategori":"Saluran Irigasi Tersier","DI":"Sumber Blimbing I","KorSDA":"Kabat","Status":null,"DI_PERMEN":"Sumber Blimbing I","ID_TANAH":null},"geometry":{"type":"LineString","coordinates":[[114.260238599000104,-8.183628167999927,0.0],[114.26025922000008,-8.183592462999968,0.0],[114.260280507000061,-8.183569543999965,0.0],[114.260333087000049,-8.18352985699994,0.0],[114.260373707000099,-8.183506458999943,0.0],[114.260407668000084,-8.183476706999954,0.0],[114.260422989000062,-8.18346023099997,0.0],[114.260425072000089,-8.183424760999969,0.0],[114.260408329000029,-8.183383454999955,0.0],[114.260372203000088,-8.183336175999955,0.0],[114.260349103000067,-8.183298248999961,0.0],[114.260319640000034,-8.183263679999925,0.0],[114.260306145000072,-8.183222376999936,0.0],[114.260302335,-8.183184069999982,0.0],[114.260308307000059,-8.183155144999944,0.0],[114.260333643000081,-8.183132178999927,0.0],[114.260362046000068,-8.183099539999944,0.0],[114.2604035600001,-8.18308258899998,0.0],[114.260461885000041,-8.183110051999961,0.0],[114.260504168000011,-8.183137902999931,0.0],[114.260562693000111,-8.183171822999952,0.0],[114.260608251,-8.183190113999956,0.0],[114.260660663000067,-8.183230711999954,0.0],[114.260683937000067,-8.183268712999961,0.0],[114.260733037000023,-8.183293459999959,0.0],[114.260788547000061,-8.183302160999972,0.0],[114.260860854000043,-8.183336292999968,0.0],[114.260910372000012,-8.183370794999973,0.0],[114.26094687200009,-8.18340550399995,0.0],[114.261058932000083,-8.183467932999974,0.0],[114.261108480000075,-8.183496089999949,0.0],[114.261183874000039,-8.183530086999951,0.0],[114.261220331000118,-8.183574229999977,0.0],[114.26125021900009,-8.183612097999969,0.0],[114.26127478300009,-8.183694917999958,0.0],[114.261292043000026,-8.18374257499994,0.0],[114.261316609,-8.183828356999982,0.0],[114.261316825000108,-8.183837924999978,0.0],[114.261350380000067,-8.183894691999967,0.0],[114.261393142000088,-8.183932107999965,0.0],[114.261399728000015,-8.183938350999938,0.0],[114.261438823000049,-8.183959922999975,0.0],[114.261487860000102,-8.184000499999968,0.0],[114.261491260000071,-8.184010003999958,0.0],[114.261524231000067,-8.184050880999962,0.0],[114.261557274000097,-8.184094959999982,0.0],[114.261590402000024,-8.18414219899995,0.0],[114.26160410500006,-8.184183287999929,0.0],[114.261604169000066,-8.184186462999946,0.0],[114.261608206,-8.184227677999957,0.0],[114.261605177000092,-8.184237247999931,0.0],[114.2616027790001,-8.184278523999978,0.0],[114.261626359000047,-8.184332039999958,0.0],[114.261688758000105,-8.184397692999937,0.0],[114.261738360000095,-8.184467051999945,0.0],[114.261816366000062,-8.184501214999955,0.0],[114.261904430000072,-8.18454806799997,0.0],[114.261917477000111,-8.184554308999964,0.0],[114.261959599000079,-8.184560155999975,0.0],[114.262011647,-8.184578536999936,0.0],[114.262093057000016,-8.184609264999949,0.0],[114.262135722000039,-8.184640611999953,0.0],[114.262197339000068,-8.184639940999944,0.0],[114.262265942000113,-8.184661572999971,0.0],[114.262318247000053,-8.184677006999948,0.0],[114.262324811000099,-8.18468013599994,0.0],[114.262367586000096,-8.18470528499995,0.0],[114.262443691000044,-8.184768537999958,0.0],[114.262529556000118,-8.184828494999977,0.0],[114.262602106000031,-8.184866280999927,0.0],[114.262654962000056,-8.18490096599993,0.0],[114.262704513000017,-8.18494190499996,0.0],[114.262747274000048,-8.184966919999965,0.0],[114.262809571000048,-8.184991649999972,0.0]]}},
{"type":"Feature","properties":{"Name":"Sekunder","Kategori":"Saluran Irigasi Sekunder","DI":"Sumber Dipo","KorSDA":"Kabat","Status":null,"DI_PERMEN":"Sbr. Dipo","ID_TANAH":null},"geometry":{"type":"LineString","coordinates":[[114.325020548000111,-8.268786144999979,0.0],[114.325138949,-8.268860320999977,0.0],[114.325212235000095,-8.268955494999943,0.0],[114.325312676000067,-8.269066792999979,0.0],[114.325433998000108,-8.26915688899993,0.0],[114.325470966000012,-8.269111185999975,0.0],[114.32552781000004,-8.269142716999966,0.0],[114.325530359000027,-8.269142690999956,0.0],[114.325682445000098,-8.26923557899994,0.0],[114.325689993000083,-8.269235512999956,0.0],[114.325727190000066,-8.269263423999973,0.0],[114.32586191900009,-8.269275837999942,0.0],[114.32597368100005,-8.269328234999932,0.0],[114.326019201,-8.269388966999941,0.0],[114.326020432000064,-8.269389942999965,0.0],[114.326131875000101,-8.269469517999937,0.0],[114.326133368000114,-8.269470253999941,0.0],[114.326177987000051,-8.269513297999936,0.0],[114.326277240000081,-8.26955143899994,0.0],[114.326512537000099,-8.269631176999951,0.0],[114.326673749000065,-8.269706178999968,0.0],[114.326694633000102,-8.269755627999928,0.0],[114.326695938000057,-8.269760449999978,0.0],[114.326698584000042,-8.269766537999942,0.0],[114.326714302000028,-8.269920123999952,0.0],[114.326770153000098,-8.270107029999963,0.0],[114.326789767000037,-8.270171699999935,0.0]]}},
{"type":"Feature","properties":{"Name":"Tersier","Kategori":"Saluran Irigasi Tersier","DI":"Sumber Dipo","KorSDA":"Kabat","Status":null,"DI_PERMEN":"Sbr. Dipo","ID_TANAH":null},"geometry":{"type":"MultiLineString","coordinates":[[[114.326784476000057,-8.270170916999973,0.0],[114.326786962000028,-8.270170379999968,0.0]],[[114.326786962000028,-8.270170379999968,0.0],[114.326845717000083,-8.270332050999968,0.0],[114.326928426000109,-8.270584948999954,0.0],[114.326932314000032,-8.270587662999958,0.0],[114.327065857000093,-8.270850860999928,0.0],[114.327134887000057,-8.270967132999942,0.0],[114.327138157000036,-8.270973324999943,0.0],[114.327182242000049,-8.271036294999931,0.0],[114.327194077000058,-8.271038249999947,0.0],[114.327200237000056,-8.271037453999952,0.0],[114.327315161000115,-8.271105362999947,0.0],[114.327461869000103,-8.27119416599993,0.0],[114.327547922,-8.271239143999935,0.0],[114.327636382000037,-8.271369320999952,0.0],[114.327640336000059,-8.271374323999964,0.0],[114.327633721000097,-8.271494680999979,0.0],[114.327628559000118,-8.271590105999962,0.0],[114.327626782000038,-8.27160116999994,0.0],[114.327596893000077,-8.271752567999954,0.0],[114.32766601000003,-8.271816026999943,0.0],[114.327676395000026,-8.271818030999952,0.0],[114.327684148000117,-8.271819525999945,0.0],[114.327770202000011,-8.271881748999931,0.0],[114.327771301000098,-8.271890612999925,0.0],[114.327898072000039,-8.272005134999972,0.0],[114.327906445000053,-8.272010583999929,0.0],[114.328046485000073,-8.272102590999964,0.0],[114.328186101000028,-8.272149526999954,0.0],[114.328192392,-8.272150601999954,0.0],[114.328219341000022,-8.272092296999972,0.0],[114.328275956000084,-8.272000039999966,0.0],[114.328349214000013,-8.27204465899996,0.0],[114.328354961000059,-8.27204837499994,0.0],[114.328388097000015,-8.272122628999966,0.0],[114.328610870000034,-8.272328370999958,0.0],[114.328776639000012,-8.272468277999963,0.0],[114.328780647000031,-8.272469455999953,0.0],[114.328938009000012,-8.27251382399993,0.0],[114.328954208000027,-8.27251672999995,0.0],[114.328972233000059,-8.272520172999975,0.0],[114.32912327400004,-8.272555171999954,0.0],[114.329426040000044,-8.272561835999966,0.0],[114.329633475000037,-8.27258145899998,0.0],[114.329764915000055,-8.272607187999938,0.0],[114.32993698000007,-8.272618130999945,0.0],[114.330151507000096,-8.27264738599996,0.0],[114.330630115000076,-8.272756121999976,0.0],[114.330662627000038,-8.272812289999933,0.0],[114.330709869000088,-8.272837521999975,0.0],[114.330717150000055,-8.272836140999971,0.0],[114.330788237000093,-8.272838569999976,0.0],[114.331125001000032,-8.272866688999954,0.0],[114.331303668000032,-8.272870153999975,0.0],[114.331409232000055,-8.272864337999977,0.0],[114.331420661000038,-8.272856725999929,0.0],[114.331535204000033,-8.272772609999947,0.0]],[[114.326786962000028,-8.270170379999968,0.0],[114.326935974000094,-8.270138211999949,0.0],[114.327122698000039,-8.270234058999961,0.0],[114.327134600000022,-8.270244726999977,0.0],[114.327145379000058,-8.270263309999962,0.0],[114.32715144000008,-8.270267243999967,0.0],[114.327348625000013,-8.270476451999969,0.0],[114.327356439000027,-8.27048277199998,0.0],[114.327701063000063,-8.270662074999962,0.0],[114.327704081000093,-8.270662546999972,0.0],[114.327823484000078,-8.270648226999981,0.0],[114.327832408000063,-8.270647156999928,0.0],[114.327951750000011,-8.270637213999976,0.0],[114.327963137000097,-8.270634238999946,0.0],[114.328230802,-8.270583184999964,0.0],[114.328237172000058,-8.270579183999928,0.0],[114.328344246000029,-8.270505546999971,0.0],[114.328592455000035,-8.270546755999931,0.0],[114.328601585000115,-8.270545554999956,0.0],[114.328751681000085,-8.270529261999968,0.0],[114.328759731000105,-8.270522358999926,0.0],[114.328770317000021,-8.270518619999962,0.0],[114.32892268,-8.270355718999951,0.0],[114.328930748000062,-8.270346776999929,0.0],[114.329010326000116,-8.270342202999927,0.0],[114.329196526000032,-8.270396675999962,0.0],[114.329200862000107,-8.270399660999942,0.0],[114.329284700000017,-8.270464294999954,0.0],[114.329288003000102,-8.270471291999968,0.0],[114.329292299000031,-8.27048487299993,0.0],[114.329341537,-8.270627842999943,0.0],[114.329344915000092,-8.270634556999937,0.0],[114.329575879000117,-8.270886535999978,0.0],[114.329765298000098,-8.270991815999935,0.0],[114.329781302000015,-8.270994188999964,0.0],[114.329945901000087,-8.271022968999944,0.0],[114.329954376000046,-8.271017658999938,0.0],[114.33005120700011,-8.270980866999935,0.0],[114.330056955000032,-8.270975398999951,0.0],[114.330293103000031,-8.270843247999949,0.0],[114.330461543000069,-8.270706018999931,0.0],[114.330472384000018,-8.270700536999925,0.0],[114.330482713000038,-8.270697492999943,0.0],[114.330659167000022,-8.270680641999945,0.0],[114.330665305000025,-8.270679481999935,0.0],[114.330819449000046,-8.270648220999931,0.0],[114.330830821000063,-8.27064607799997,0.0],[114.330838666000091,-8.270647799999949,0.0],[114.331045780000068,-8.270658209999965,0.0],[114.331052809000084,-8.270659817999956,0.0],[114.331366246000016,-8.270738649999942,0.0],[114.33160813500001,-8.270837230999973,0.0],[114.331875809000053,-8.270902626999941,0.0],[114.332193930000017,-8.270936770999981,0.0],[114.332526716000075,-8.270990815999937,0.0],[114.332811198000059,-8.271013580999977,0.0],[114.333225771000116,-8.27097527799998,0.0],[114.333339257000034,-8.270924199999968,0.0],[114.333345885000085,-8.270920363999949,0.0],[114.333456503000093,-8.270802597999932,0.0],[114.3334663280001,-8.27079469499995,0.0],[114.333522693000077,-8.27059653799995,0.0],[114.333529069000065,-8.270590623999965,0.0],[114.333555616000012,-8.270559699999978,0.0]],[[114.326786077000065,-8.270167945999958,0.0],[114.326786962000028,-8.270170379999968,0.0]]]}},
{"type":"Feature","properties":{"Name":"Saluran Irigasi Sekunder","Kategori":"Saluran Irigasi Sekunder","DI":"Sumber Kedawung","KorSDA":"Kabat","Status":null,"DI_PERMEN":"Sumber Kedawung","ID_TANAH":null},"geometry":{"type":"MultiLineString","coordinates":[[[114.353497116000085,-8.258123416999979,0.0],[114.35354148700003,-8.258145959999979,0.0],[114.353613670000072,-8.258164571999941,0.0],[114.353676004000022,-8.258194474999925,0.0],[114.35371646100009,-8.258216850999929,0.0],[114.353734635000023,-8.258272794999925,0.0],[114.353766971000027,-8.258342085999971,0.0],[114.353808115000106,-8.258388998999976,0.0],[114.353831253000067,-8.258428538999965,0.0],[114.353834248000112,-8.25848222999997,0.0],[114.353837619000046,-8.25854267699998,0.0],[114.353813199000115,-8.258599213999958,0.0],[114.353809753000064,-8.258658841999932,0.0],[114.353809955000088,-8.258662336999976,0.0],[114.353802707000114,-8.258714582999971,0.0],[114.35380331500005,-8.258724991999941,0.0],[114.353813962000117,-8.258790623999971,0.0],[114.353814361000104,-8.258797503999972,0.0],[114.353827137000053,-8.258842087999938,0.0],[114.353831121000098,-8.25885234499998,0.0],[114.353835100000083,-8.258862588999932,0.0],[114.353846435000037,-8.258883044999948,0.0],[114.353869585000098,-8.258933971999966,0.0],[114.35391887000003,-8.25897116699997,0.0],[114.353950780000105,-8.259001483999953,0.0],[114.35395415000005,-8.259001487999967,0.0],[114.354013191000035,-8.259038432999944,0.0],[114.354020077000087,-8.259041787999934,0.0],[114.354085026,-8.259065264999947,0.0],[114.354108841000084,-8.259071972999948,0.0],[114.35420002,-8.259082123999974,0.0],[114.35430435,-8.259082303999946,0.0],[114.354456498000104,-8.25910588499994,0.0],[114.354571564000025,-8.259132878999935,0.0],[114.354642569000021,-8.259156363999978,0.0],[114.354649297000037,-8.259156378999933,0.0],[114.354743695000025,-8.259196277999933,0.0],[114.354844458000116,-8.25922617699996,0.0],[114.354898068000011,-8.259246029999929,0.0],[114.3549081110001,-8.25924933899995,0.0],[114.355008113000054,-8.259301987999947,0.0],[114.355051138000022,-8.25933151199996,0.0],[114.355057710000096,-8.259338044999936,0.0],[114.355107280000084,-8.259364228999971,0.0],[114.35512381500007,-8.259370779999927,0.0],[114.355233104000035,-8.259397139999976,0.0],[114.355292729000098,-8.259407094999972,0.0],[114.355326985000033,-8.259387963999927,0.0],[114.355299184000046,-8.259352929999977,0.0],[114.355284026000049,-8.259320847999959,0.0],[114.35528376700006,-8.259317632999966,0.0],[114.355283819000078,-8.259278909999978,0.0],[114.355286208000052,-8.259269191999977,0.0],[114.355299245000083,-8.25923341999993,0.0],[114.355336786000066,-8.259184133999952,0.0],[114.355404913000029,-8.259157284999958,0.0],[114.355414478000057,-8.259157224999967,0.0],[114.355503835000036,-8.259156660999963,0.0],[114.3555072260001,-8.259159953999927,0.0],[114.355589354000017,-8.259202382999945,0.0],[114.355640981000079,-8.259215233999953,0.0]],[[114.352661881000017,-8.257927390999953,0.0],[114.352742006000085,-8.257920062999972,0.0],[114.352830035000011,-8.257923365999943,0.0],[114.352973481000049,-8.257959745999926,0.0],[114.353066635,-8.257983838999962,0.0],[114.353119631000027,-8.257996108999976,0.0],[114.353218925000078,-8.258020356999964,0.0],[114.353289716000063,-8.258053888999939,0.0],[114.353369774000043,-8.258081196999967,0.0],[114.353472515000021,-8.258119167999951,0.0],[114.353509447000079,-8.258080426999982,0.0],[114.353512226000021,-8.25807045199997,0.0],[114.353545767000014,-8.258021054999972,0.0],[114.353599406000058,-8.257975377999969,0.0],[114.353672096000082,-8.257995175999952,0.0],[114.353794146000041,-8.25803379499996,0.0],[114.353876655000022,-8.258080900999971,0.0],[114.353945400000043,-8.258103718999962,0.0],[114.353991038000117,-8.258092146999957,0.0],[114.354049882000027,-8.258077710999942,0.0],[114.35411561300009,-8.258029504999968,0.0],[114.354145365000022,-8.25801023899993,0.0],[114.354215537000073,-8.257937373999937,0.0],[114.354280061000054,-8.25785627199997,0.0],[114.354324631000054,-8.257805153999925,0.0],[114.354380535000018,-8.257721755999967,0.0],[114.354440103000115,-8.257655478999936,0.0],[114.354534333000061,-8.257506168999953,0.0],[114.354568577,-8.257426424999949,0.0],[114.354649576000043,-8.25732463199995,0.0],[114.354666902000076,-8.257253109999965,0.0],[114.354715747000114,-8.257261694999954,0.0],[114.35480140300001,-8.257305151999958,0.0],[114.354904760000068,-8.257341394999969,0.0],[114.355017410000073,-8.257389834999969,0.0],[114.355143245000022,-8.257442185999935,0.0],[114.355221836000055,-8.257437508999942,0.0],[114.355283263000047,-8.25742020399997,0.0],[114.355308600000058,-8.25734866099998,0.0],[114.355350362000081,-8.257251666999935,0.0],[114.355346664000081,-8.257189285999971,0.0],[114.35534950300007,-8.257119239999952,0.0],[114.355362318000061,-8.257044771999972,0.0],[114.355392146000099,-8.25701554099993,0.0],[114.355401918000098,-8.256943729999932,0.0],[114.355405247000022,-8.25693644699993,0.0],[114.355415147000031,-8.256871162999971,0.0],[114.355442034000021,-8.256801159999952,0.0],[114.35546915000009,-8.256759966999937,0.0],[114.355574481000076,-8.256775019999964,0.0],[114.355659426000102,-8.256798082999978,0.0],[114.355683160000012,-8.256808357999944,0.0]]]}},
{"type":"Feature","properties":{"Name":"Saluran Irigasi Sekunder","Kategori":"Saluran Irigasi Sekunder","DI":"Sumber Putuk","KorSDA":"Kabat","Status":null,"DI_PERMEN":"Putuk","ID_TANAH":null},"geometry":{"type":"MultiLineString","coordinates":[[[114.23573315100009,-8.175494244999982,0.0],[114.235738483000091,-8.175527777999946,0.0],[114.235721595000086,-8.175567859999944,0.0],[114.235709942000085,-8.175604198999963,0.0],[114.235699674000102,-8.175637676999941,0.0],[114.23570007,-8.175673046999975,0.0],[114.235699419000071,-8.175677586999939,0.0],[114.235689343000104,-8.175703802999976,0.0],[114.235684984000045,-8.175709075999976,0.0],[114.235665141000027,-8.175728438999954,0.0],[114.235649702000046,-8.175742487999969,0.0],[114.235635563000073,-8.175760540999931,0.0],[114.235631896000086,-8.175767757999949,0.0],[114.235616131000029,-8.175805242999957,0.0],[114.235614922000082,-8.175807619999944,0.0],[114.235612061000097,-8.175835721999931,0.0],[114.235628693000081,-8.17589800899998,0.0],[114.235651645000075,-8.175948244999972,0.0],[114.23566710700004,-8.175997833999929,0.0],[114.235692988000096,-8.176050061999945,0.0],[114.235721770000055,-8.176104194999937,0.0],[114.235722757000076,-8.176108821999946,0.0],[114.235730168000032,-8.176143552999974,0.0],[114.235732146000032,-8.176152822999939,0.0],[114.235741056000052,-8.176194580999947,0.0],[114.235746254000105,-8.17624210699995,0.0],[114.235752830000024,-8.176284539999926,0.0],[114.235766760000047,-8.176349873999925,0.0],[114.235769251000079,-8.176361558999929,0.0],[114.23578409400011,-8.176419538999937,0.0],[114.235786593000057,-8.176431255999944,0.0],[114.23578709200001,-8.176433599999939,0.0],[114.235795599000085,-8.176473484999974,0.0],[114.235797602000048,-8.176482878999934,0.0],[114.235808498000097,-8.176522313999953,0.0],[114.235810506,-8.17653172699994,0.0],[114.235834138000087,-8.176605347999953,0.0],[114.235848415000078,-8.176646510999944,0.0],[114.23584999600007,-8.176653552999937,0.0],[114.235862118000114,-8.176707561999933,0.0],[114.235877353000092,-8.176749142999938,0.0],[114.235865770000032,-8.176791567999942,0.0],[114.235867008000014,-8.17679646199997,0.0],[114.235863813000037,-8.17685198099997,0.0],[114.235864431000095,-8.176854410999965,0.0],[114.235876125000118,-8.176900451999927,0.0],[114.235877353000092,-8.176905283999929,0.0],[114.235903645,-8.17697026899998,0.0],[114.235907155000064,-8.176974465999933,0.0],[114.235936625000022,-8.177033030999951,0.0],[114.235937828000033,-8.177037793999943,0.0],[114.235968894000052,-8.177103071999966,0.0],[114.235970084000087,-8.177107797999952,0.0],[114.236005715000033,-8.177161834999936,0.0],[114.236008605000052,-8.177163632999964,0.0],[114.236034553000081,-8.177219205999961,0.0],[114.23604372200009,-8.17724650599996,0.0],[114.236101648000044,-8.177393435999932,0.0],[114.236120308000068,-8.177430646999937,0.0],[114.236149397000077,-8.177501012999926,0.0],[114.236166235000042,-8.177563199999952,0.0],[114.236169025000095,-8.177573505999931,0.0],[114.236197179000101,-8.177641882999978,0.0],[114.236199809000027,-8.177651904999948,0.0],[114.236226113000043,-8.177714256999934,0.0],[114.236227413000051,-8.177719223999929,0.0],[114.236281813,-8.177794649999953,0.0],[114.236282451000079,-8.177797108999926,0.0],[114.236331358000029,-8.177852353999981,0.0],[114.236437425000076,-8.177949245999969,0.0],[114.236520251000115,-8.178026669999952,0.0],[114.236622990000114,-8.178127944999972,0.0],[114.236694395000086,-8.178201805999947,0.0],[114.236741327000118,-8.178234635999956,0.0],[114.236795913000037,-8.178290079999954,0.0],[114.236843047000093,-8.178334932999974,0.0],[114.236846964000051,-8.178341307999972,0.0],[114.236917033000054,-8.178390302999958,0.0],[114.236983159000033,-8.17841108999994,0.0],[114.237044711000067,-8.178432881999981,0.0],[114.237050423000028,-8.178436382999962,0.0],[114.237053787000036,-8.178440440999964,0.0],[114.23709593600006,-8.178486215999953,0.0],[114.237148504000061,-8.178546266999945,0.0],[114.23718197200003,-8.178598468999951,0.0],[114.23721639300004,-8.178666814999929,0.0],[114.237240199000098,-8.178720593999969,0.0],[114.237256828000113,-8.178763942999979,0.0],[114.237266399000077,-8.178808640999932,0.0],[114.237263828000096,-8.178853425999932,0.0],[114.237257938000084,-8.178882510999927,0.0],[114.237275148000094,-8.178942015999951,0.0],[114.237291920000075,-8.178980238999941,0.0],[114.237296124000068,-8.178987115999973,0.0],[114.237336963000075,-8.179040126999951,0.0],[114.237391420000108,-8.17910782499996,0.0],[114.237396731000104,-8.17911959099996,0.0],[114.237434202000031,-8.179170266999961,0.0],[114.237449450000099,-8.179202898999961,0.0],[114.237336317000086,-8.179244141999959,0.0],[114.237289452000027,-8.179261005999933,0.0],[114.237288122000109,-8.179297572999928,0.0],[114.237312211000017,-8.179355758999975,0.0],[114.237313340000014,-8.179360546999931,0.0],[114.237347864000071,-8.179410404999942,0.0],[114.237415650000116,-8.17939694599994,0.0],[114.237471029000062,-8.179383893999955,0.0],[114.237516663000065,-8.179383243999951,0.0],[114.237531254000032,-8.179402526999979,0.0],[114.237540544000012,-8.179443158999959,0.0],[114.23754507600006,-8.179507318999981,0.0],[114.237546707000092,-8.179514444999938,0.0],[114.237550360000114,-8.179563523999946,0.0],[114.237550902000066,-8.179565890999982,0.0],[114.237559569000041,-8.179603694999969,0.0],[114.237559406000059,-8.179635986999926,0.0],[114.237552618000109,-8.179672207999943,0.0],[114.237553716000093,-8.179676932999939,0.0],[114.237550869000074,-8.179729576999932,0.0],[114.237549575000116,-8.179734801999928,0.0],[114.237548586000116,-8.179784213999937,0.0],[114.237543753000068,-8.179848795999931,0.0],[114.237567513000045,-8.179896845999963,0.0],[114.237616402000072,-8.179952563999962,0.0],[114.237671284000044,-8.18001607399998,0.0],[114.237702156000068,-8.180079037999974,0.0],[114.237705856000048,-8.180083556999932,0.0],[114.237750017000053,-8.180148224999925,0.0],[114.237756156000046,-8.18015214299993,0.0],[114.237803652000025,-8.18021011999997,0.0],[114.237859732000061,-8.180283893999956,0.0],[114.237900062000108,-8.180357787999981,0.0],[114.2379234120001,-8.18040354599998,0.0],[114.237935700000094,-8.18045686499994,0.0],[114.237951625000051,-8.180503911999949,0.0],[114.237966373000063,-8.18054594299997,0.0],[114.237967473000026,-8.180550728999947,0.0],[114.237978318000046,-8.180575868999938,0.0],[114.237979414000051,-8.18058063999996,0.0],[114.237982822000049,-8.180617479999967,0.0],[114.237985697000113,-8.180651854999951,0.0],[114.238020028000051,-8.180713556999933,0.0],[114.238055707000058,-8.180781809999928,0.0],[114.238113910000038,-8.180895275999944,0.0],[114.238122794000105,-8.180912593999949,0.0]],[[114.235736874000054,-8.175446187999967,0.0],[114.235720714000081,-8.175407288999963,0.0],[114.235716103000073,-8.175363992999962,0.0],[114.235712921000072,-8.175326173999963,0.0],[114.235709273000111,-8.175288723999927,0.0],[114.235715503000051,-8.175228963999928,0.0],[114.235698310000089,-8.175173719999975,0.0],[114.23568211700001,-8.175126477999981,0.0],[114.235642931000029,-8.175063544999944,0.0],[114.235622289000048,-8.17503628299994,0.0],[114.235598723000066,-8.175008514999945,0.0],[114.235570470000084,-8.174973738999938,0.0],[114.235552215000098,-8.174946266999939,0.0],[114.235525131000031,-8.174901588999944,0.0],[114.235488743000019,-8.174858619999952,0.0],[114.235462967000103,-8.174819530999969,0.0],[114.235456166000063,-8.174787789999925,0.0],[114.235423897000032,-8.17472937399998,0.0],[114.235387239000033,-8.174698644999978,0.0],[114.235355847000051,-8.174693238999964,0.0],[114.235315803000049,-8.174710218999962,0.0],[114.235255881000057,-8.174749769999949,0.0],[114.235216937000018,-8.174738670999943,0.0],[114.235174449000056,-8.174733757999945,0.0],[114.235135548000017,-8.174722672999962,0.0],[114.235107298000116,-8.174719409999966,0.0],[114.235070632000088,-8.17471517599995,0.0],[114.235060970000063,-8.174727200999939,0.0],[114.235027261000027,-8.174723296999957,0.0],[114.234977062000098,-8.174714209999934,0.0],[114.234932759000117,-8.174706785999945,0.0],[114.234883016000026,-8.174702875999969,0.0],[114.234839943000111,-8.174724604999938,0.0],[114.234834249000073,-8.174727277999978,0.0],[114.234825392000062,-8.174735932999965,0.0],[114.234792952000021,-8.17477050399998,0.0],[114.234779726000056,-8.174806235999938,0.0],[114.234779327000069,-8.174812306999968,0.0],[114.234753460000093,-8.17483743799994,0.0],[114.234719870000049,-8.174861637999982,0.0],[114.234711569000069,-8.174866904999931,0.0],[114.234667572000035,-8.174895768999932,0.0],[114.23461141700011,-8.174912526999947,0.0],[114.234578562000024,-8.174909286999934,0.0],[114.23451275900004,-8.174905287999934,0.0],[114.234377115000029,-8.17489521899995,0.0],[114.234319756000104,-8.174885910999933,0.0],[114.2342595450001,-8.174876139999981,0.0],[114.234205818000078,-8.174857219999978,0.0],[114.234157359000051,-8.174836554999956,0.0],[114.234044275000088,-8.17480470199996,0.0],[114.233988073000091,-8.174774713999966,0.0],[114.233953538000037,-8.174740762999932,0.0],[114.233928597000045,-8.174711062999961,0.0],[114.233914803000062,-8.174665577999974,0.0],[114.233904008000081,-8.174630898999965,0.0],[114.233889821000048,-8.174588232999952,0.0],[114.233876638000083,-8.174553422999963,0.0],[114.2338634030001,-8.174531189999925,0.0],[114.233836694000047,-8.174511664999955,0.0],[114.233767092000107,-8.174464938999961,0.0],[114.23372996,-8.174419333999936,0.0],[114.23368549700001,-8.174361215999966,0.0],[114.233670840000059,-8.174300470999981,0.0],[114.23363589600001,-8.174251302999949,0.0],[114.233606150000014,-8.174213895999969,0.0],[114.23356796600001,-8.174182407999979,0.0],[114.23351565400003,-8.174166781999929,0.0],[114.23349392800003,-8.174145131999978,0.0],[114.233441862000063,-8.174129258999926,0.0],[114.233362951000117,-8.174068620999947,0.0],[114.233331606000093,-8.174027129999956,0.0],[114.233313989000067,-8.173973792999959,0.0],[114.233252962000051,-8.173920601999953,0.0],[114.233250910000038,-8.173881198999936,0.0],[114.233209000000102,-8.173842304999937,0.0],[114.233149793000052,-8.173779407999973,0.0],[114.233082430000081,-8.173712086999956,0.0],[114.233031088000075,-8.173692564999953,0.0],[114.232997121000039,-8.173693542999956,0.0],[114.232942981000065,-8.173683984999968,0.0],[114.232852804000117,-8.173650499999951,0.0],[114.232805169000017,-8.17362800099994,0.0],[114.232771915000058,-8.173594012999956,0.0],[114.232717024000067,-8.173598236999965,0.0],[114.232642351000095,-8.173602567999978,0.0],[114.232590666000078,-8.173603933999971,0.0],[114.232537371000035,-8.173594351999952,0.0],[114.232464669000024,-8.173595624999962,0.0],[114.232385882000017,-8.173595797999951,0.0],[114.232321449000096,-8.173572956999976,0.0],[114.232288339000092,-8.17351952599995,0.0],[114.232280806000063,-8.173471006999932,0.0],[114.232297674000051,-8.173402421999981,0.0],[114.232311243000026,-8.173344548999978,0.0],[114.23232262700003,-8.173293792999971,0.0],[114.232340143000101,-8.173237767999979,0.0],[114.232362371000022,-8.173179805999951,0.0],[114.232373951000113,-8.173154470999975,0.0],[114.232403091000037,-8.17308294399993,0.0],[114.232419022000045,-8.173043326999959,0.0],[114.232400633000111,-8.172981327999935,0.0],[114.232378253000093,-8.172925426999939,0.0],[114.232359422000059,-8.172874336999939,0.0],[114.232373588000087,-8.172832179999943,0.0],[114.232379457000093,-8.172814713999969,0.0],[114.232375957000045,-8.172779567999953,0.0],[114.232391116000031,-8.172734652999964,0.0],[114.232406143000048,-8.172690127999942,0.0],[114.232445778000056,-8.172686971999951,0.0]]]}},
{"type":"Feature","properties":{"Name":null,"Kategori":"Saluran Irigasi Sekunder","DI":"Sumber Sur I","KorSDA":"Kabat","Status":null,"DI_PERMEN":"Sbr. Sur I","ID_TANAH":null},"geometry":{"type":"LineString","coordinates":[[114.351736907676809,-8.248206734962082,0.0],[114.351773313430272,-8.248226008596248,0.0],[114.351833275847525,-8.248257417481511,0.0],[114.351908228869206,-8.248304530809435,0.0],[114.351960581472781,-8.248330707111222,0.0],[114.351977312553799,-8.248341261012285,0.0],[114.35198623553265,-8.248353039344181,0.0],[114.352001939975139,-8.248363033080466,0.0],[114.352018001337001,-8.248367673029406,0.0],[114.352042271839196,-8.248371242220912,0.0],[114.352062616230796,-8.248368029948494,0.0],[114.352077963754255,-8.248367673029406,0.0],[114.352092954358568,-8.248366602271972,0.0],[114.352110443397009,-8.24836695919106,0.0],[114.352126147839613,-8.248370171463478,0.0],[114.352134713899318,-8.248374097574128,0.0],[114.352163386404527,-8.248385994879129,0.0],[114.352184801553449,-8.248396107588462,0.0],[114.352202052645794,-8.248404435701957,0.0],[114.352218708872783,-8.24841097921967,0.0],[114.352235959965242,-8.248421091929004,0.0],[114.352250831596393,-8.248426445716291,0.0],[114.352263323766692,-8.248437153290752,0.0],[114.352280574859037,-8.248443696808579,0.0],[114.352306748930118,-8.248456188978821,0.0],[114.352326379483316,-8.24846749141858,0.0],[114.352346604901982,-8.248478198993155,0.0],[114.352364450859568,-8.248491286028695,0.0],[114.352382891682169,-8.248500209007432,0.0],[114.352398953044144,-8.248507347390444,0.0],[114.352418583597341,-8.248518054965018,0.0],[114.352448326859985,-8.248534711192008,0.0],[114.352462603626009,-8.24854184957502,0.0],[114.352512358155536,-8.248563201271793,0.0],[114.352561850944511,-8.248585568205298,0.0],[114.352592783937581,-8.248601272647937,0.0],[114.352617054439847,-8.248612218168565,0.0],[114.352624668715066,-8.248628398503405,0.0],[114.352647035648516,-8.24865124132906,0.0],[114.352660836522347,-8.248665993987297,0.0],[114.352680823994802,-8.248685029675343,0.0],[114.352700811467258,-8.248705968932196,0.0],[114.352719847155299,-8.248719293913828,0.0],[114.352736979274596,-8.248734998356468,0.0],[114.352757442639245,-8.248754985828917,0.0],[114.352778857788294,-8.248774973301366,0.0],[114.352808363104771,-8.248791629528407,0.0],[114.352842151451057,-8.248807809863246,0.0],[114.352863566600107,-8.248815424138465,0.0],[114.352908776359214,-8.248823514305885,0.0],[114.352944468274302,-8.248826845551294,0.0],[114.352983967327006,-8.248837791071921,0.0],[114.353012520859068,-8.248847784808145,0.0],[114.353047260989754,-8.248863965142984,0.0],[114.353060110079184,-8.248871103526001,0.0],[114.353104724973051,-8.248891447917599,0.0],[114.353133968548875,-8.248910221864959,0.0],[114.353152052452515,-8.248921643277788,0.0],[114.353173943493772,-8.248932112906214,0.0],[114.353195834535029,-8.248940678965834,0.0],[114.353213918438669,-8.248947341456651,0.0],[114.353245327323947,-8.248942582534639,0.0],[114.353268170149605,-8.248950196809858,0.0],[114.353290061190862,-8.248956859300675,0.0],[114.353315759369721,-8.248961618222687,0.0],[114.353346216470598,-8.248971136066709,0.0],[114.353371914649458,-8.248977798557526,0.0],[114.353388094984297,-8.248986364617148,0.0],[114.353414744947571,-8.249004448520791,0.0],[114.353437587773215,-8.249023484208838,0.0],[114.353445202048434,-8.249038712759276,0.0],[114.353471852011708,-8.249053941309713,0.0],[114.353499453759369,-8.24905679666292,0.0],[114.353521344800626,-8.249053941309713,0.0],[114.353534669782263,-8.249044423465691,0.0],[114.35355656082352,-8.249034905621667,0.0],[114.353576548295962,-8.24902443599324,0.0],[114.353601294690421,-8.249022532424435,0.0],[114.353627944653695,-8.249022532424435,0.0],[114.353652691048154,-8.249030146699655,0.0],[114.353679341011414,-8.249043471681288,0.0],[114.353694569561853,-8.249051085956506,0.0],[114.35370789454349,-8.249063459153737,0.0],[114.353722171309528,-8.249083446626186,0.0],[114.353735496291151,-8.249096771607819,0.0],[114.353745014135171,-8.24911771086467,0.0],[114.353739303428767,-8.249143409043533,0.0],[114.35373454450675,-8.249164348300384,0.0],[114.353729785584733,-8.249181480419626,0.0],[114.353746917703987,-8.24919480540126,0.0],[114.353762146254425,-8.249197660754467,0.0],[114.353783085511267,-8.249196708970064,0.0],[114.353802121199323,-8.249193853616857,0.0],[114.353826867593781,-8.249178625066421,0.0],[114.353843999713021,-8.249171010791201,0.0],[114.353863987185491,-8.249154830456362,0.0],[114.353891588933166,-8.249133891199511,0.0],[114.353919190680827,-8.249131035846304,0.0],[114.3539439370753,-8.249133891199511,0.0],[114.353975345960578,-8.24914150547473,0.0],[114.354002947708238,-8.249146264396742,0.0],[114.354031501240314,-8.249156734025167,0.0],[114.354066717263194,-8.249164348300386,0.0],[114.35409622257967,-8.249169107222398,0.0],[114.354118113620927,-8.249172914360008,0.0],[114.354170461763047,-8.24918623934164,0.0],[114.354189497451102,-8.24918623934164,0.0],[114.354217099198763,-8.249189094694847,0.0],[114.354240893808822,-8.249195757185664,0.0],[114.35426468841888,-8.249195757185664,0.0],[114.354305377202152,-8.249206226814076,0.0],[114.354322033429199,-8.249223358933317,0.0],[114.35431441915398,-8.249250484788783,0.0],[114.354296811142532,-8.249294266871289,0.0],[114.354276347777869,-8.249340587045554,0.0],[114.354260881281334,-8.249381037882655,0.0],[114.354245414784799,-8.249425057911264,0.0],[114.35423351747977,-8.249457180634844,0.0],[114.354229948288264,-8.249488113627921,0.0],[114.354229948288264,-8.249520236351501,0.0],[114.354248983976305,-8.249545220692061,0.0],[114.354275158047372,-8.2495606871886,0.0],[114.354308470501451,-8.249578533146146,0.0],[114.354344162416538,-8.249595189373187,0.0],[114.354381044062137,-8.249602327756204,0.0],[114.354419115438233,-8.249607086678216,0.0],[114.354450048431303,-8.249607086678216,0.0],[114.354482171154885,-8.24961303533073,0.0],[114.354509534956449,-8.249629691557772,0.0],[114.354546416602048,-8.249641588862803,0.0],[114.354594005822165,-8.249672521855878,0.0],[114.354623749084737,-8.249679660238897,0.0],[114.354657061538816,-8.249695126735435,0.0],[114.354689184262398,-8.249707024040465,0.0],[114.354718927524971,-8.249715352153986,0.0],[114.354762947553581,-8.24973319811153,0.0],[114.35479982919918,-8.249742715955554,0.0],[114.354841469766782,-8.249758182452092,0.0],[114.354874782220861,-8.249773648948631,0.0],[114.354911425920349,-8.249788639552969,0.0],[114.354936172314808,-8.249802916319004,0.0],[114.354960918709267,-8.24980957880982,0.0],[114.354994231163346,-8.249829566282269,0.0],[114.355031350755041,-8.249842891263903,0.0],[114.355099879232014,-8.249875251933581,0.0],[114.355156986296151,-8.249900950112444,0.0],[114.355192202319031,-8.249918082231687,0.0],[114.355229321910727,-8.249935214350929,0.0],[114.355263586149206,-8.249945683979355,0.0],[114.35528928432808,-8.24997614108023,0.0],[114.355344487823416,-8.25000850174991,0.0],[114.355396835965536,-8.250034199928773,0.0],[114.355446328754454,-8.250058946323234,0.0],[114.35548535191495,-8.250084644502097,0.0],[114.355531037566266,-8.250108439112156,0.0],[114.35556625358916,-8.250127474800202,0.0],[114.355608132102859,-8.250144606919443,0.0],[114.355651914185373,-8.250173160451514,0.0],[114.35568217299793,-8.250188389001943,0.0],[114.355710726530006,-8.250203855498482,0.0],[114.35572857248755,-8.250216942534013,0.0],[114.355727382757038,-8.250237167952562,0.0],[114.355714295721512,-8.25027285986765,0.0],[114.355701208685986,-8.250314500435252,0.0],[114.355684552458939,-8.250354951272351,0.0],[114.355675034614919,-8.250382315073919,0.0],[114.35566313730989,-8.250409678875485,0.0],[114.355652429735358,-8.250439422138058,0.0],[114.355644101621834,-8.250464406478619,0.0],[114.355635773508325,-8.250485821627672,0.0],[114.355623876203296,-8.250508426507228,0.0],[114.355609599437258,-8.250545308152818,0.0],[114.355588184288209,-8.250584569259415,0.0],[114.35557628698318,-8.250619071443998,0.0],[114.3555520164809,-8.250666184771912,0.0],[114.355539643283663,-8.250700449010397,0.0],[114.355520607595622,-8.25075470072133,0.0],[114.355497764769964,-8.25079467566623,0.0],[114.355483488003927,-8.250842264886346,0.0],[114.355476825513108,-8.250873673771624,0.0],[114.355482536219526,-8.250895564812877,0.0],[114.355827399434546,-8.251020645146403,0.0],[114.355939234101811,-8.251080131671548,0.0],[114.356053448230099,-8.251137238735689,0.0],[114.3561222,-8.251191667,0.0],[114.356174979200929,-8.251223256251057,0.0],[114.356224471989847,-8.251242291939104,0.0],[114.3562834826228,-8.251267038333564,0.0],[114.356376757494218,-8.251282266884001,0.0],[114.356487164484889,-8.251291784728025,0.0],[114.356618510732417,-8.251320338260093,0.0],[114.356692749915794,-8.251339373948142,0.0],[114.356805060475267,-8.251356506067383,0.0],[114.356850746126582,-8.251373638186625,0.0],[114.356944020998014,-8.25140028814989,0.0],[114.357046813713467,-8.251434552388373,0.0],[114.357130570740864,-8.251461202351638,0.0],[114.357225749181097,-8.251497370158928,0.0],[114.357309506208509,-8.251535441535021,0.0],[114.357379938254283,-8.251577320048723,0.0],[114.357478923832119,-8.251628716406449,0.0],[114.357549355877893,-8.25167820919537,0.0],[114.357575,-8.251694444,0.0],[114.357635016474106,-8.251758159085165,0.0],[114.357696882460246,-8.251808782118069,0.0],[114.357815855510538,-8.251915857863331,0.0],[114.357911033950771,-8.252011036303564,0.0],[114.357994315085989,-8.252124060701341,0.0],[114.358107339483766,-8.252219239141574,0.0],[114.35825605579663,-8.252332263539353,0.0],[114.35833338827932,-8.252421493327072,0.0],[114.358386926151951,-8.252480979852217,0.0],[114.358446412677097,-8.252576158292451,0.0],[114.358488053244699,-8.252659439427655,0.0],[114.358494001897213,-8.25275461786789,0.0],[114.358529693812301,-8.252879539570696,0.0],[114.35860702629499,-8.252944974748356,0.0],[114.358720050692767,-8.253016358578531,0.0],[114.358809280480486,-8.253069896451162,0.0],[114.358886612963175,-8.253129382976308,0.0],[114.358975842750894,-8.253194818153968,0.0],[114.359053175233583,-8.253254304679116,0.0],[114.359142405021302,-8.253295945246718,0.0],[114.359186276333588,-8.25332821668661,0.0],[114.359164861184524,-8.253392462133768,0.0],[114.359122030886425,-8.253463845963942,0.0],[114.359113306196093,-8.253534833217284,0.0],[114.359190638678783,-8.253561007288347,0.0],[114.359266781430961,-8.253606217047459,0.0],[114.359336975530638,-8.253652616537071,0.0],[114.359370644903862,-8.253673912713079,0.0],[114.359397056921026,-8.25368604796421,0.0],[114.359422755099899,-8.253698897053642,0.0],[114.35945,-8.253702778,0.0],[114.359473437619286,-8.253716148145941,0.0],[114.359499611690353,-8.25372804545097,0.0],[114.359521026839403,-8.253737563294992,0.0],[114.359546011179972,-8.253751840061026,0.0],[114.359585272286566,-8.253766116827062,0.0],[114.359620964201653,-8.253792290898126,0.0],[114.359648328003217,-8.253802998472651,0.0],[114.35967807126579,-8.253819654699692,0.0],[114.359695917223334,-8.253830362274218,0.0],[114.359713763180878,-8.253842259579248,0.0],[114.359742316712939,-8.25386010553679,0.0],[114.359770870245015,-8.253874382302826,0.0],[114.359792285394064,-8.253887469338357,0.0],[114.359810131351608,-8.253901746104392,0.0],[114.35984225407519,-8.253918402331433,0.0],[114.359871997337763,-8.253935058558472,0.0],[114.359899361139327,-8.253948145594004,0.0],[114.359932673593406,-8.253968371012554,0.0],[114.359977883352514,-8.253989786161606,0.0],[114.360032610955656,-8.254018339693674,0.0],[114.360069492601241,-8.254034995920716,0.0],[114.36011589209086,-8.254057600800271,0.0],[114.360150394275436,-8.254073067296808,0.0],[114.360182516999018,-8.254093292715357,0.0],[114.360212260261591,-8.254107569481393,0.0],[114.360257470020699,-8.254130174360947,0.0],[114.360287213283272,-8.254144451126981,0.0],[114.360319336006853,-8.254152779240503,0.0],[114.360358597113446,-8.254178953311566,0.0],[114.360382629669601,-8.254185377856281,0.0],[114.360419749261283,-8.25420155819112,0.0],[114.360447351008958,-8.254217738525959,0.0],[114.360468290265814,-8.25423011172319,0.0],[114.360495892013475,-8.25423772599841,0.0],[114.360525397329951,-8.254253906333249,0.0],[114.360563468706047,-8.2542748455901,0.0],[114.360596781160126,-8.254296736631355,0.0],[114.360629141829804,-8.254314820534999,0.0],[114.360652936439863,-8.254330049085436,0.0],[114.360690056031558,-8.254343374067069,0.0],[114.360723368485637,-8.254360506186311,0.0],[114.3607333,-8.254380556,0.0]]}},
{"type":"Feature","properties":{"Name":"SEKUNDER SUR II","Kategori":"Saluran Irigasi Sekunder","DI":"Sumber Sur II","KorSDA":"Kabat","Status":null,"DI_PERMEN":"Sbr. Sur II","ID_TANAH":null},"geometry":{"type":"LineString","coordinates":[[114.355483492000189,-8.254003149999903,0.0],[114.355545260000099,-8.2540324819999,0.0],[114.355615034000039,-8.25404703199996,0.0],[114.355672820000223,-8.254086053999913,0.0],[114.355735400000185,-8.254129431999957,0.0],[114.355786811000144,-8.254145093999909,0.0],[114.355833647000054,-8.254161037999893,0.0],[114.35590427600016,-8.254190008999899,0.0],[114.35596083900009,-8.254215047999935,0.0],[114.356009018000123,-8.254254153999966,0.0],[114.356042072000037,-8.254270971999915,0.0],[114.356076289000043,-8.254306560999964,0.0],[114.356091694000042,-8.254333850999899,0.0],[114.356081321000147,-8.254386179999869,0.0],[114.356062516000065,-8.254448226999955,0.0],[114.356066966000071,-8.254517945999964,0.0],[114.35604795800009,-8.254574907999938,0.0],[114.356019406000087,-8.254623007999953,0.0],[114.355999634000227,-8.254665851999903,0.0],[114.355981172000156,-8.254727051999907,0.0],[114.355959843000051,-8.25481113799998,0.0],[114.355944765000231,-8.254853329999889,0.0],[114.355931211000097,-8.254914183999972,0.0],[114.355916373000014,-8.254956460999892,0.0],[114.355898116000162,-8.255012481999927,0.0],[114.355889084000182,-8.255072186999882,0.0],[114.355862148000028,-8.255128351999929,0.0],[114.355853884000226,-8.255196527999942,0.0],[114.355836565000118,-8.255260516999954,0.0],[114.355813956000134,-8.255311185999972,0.0],[114.355802497000013,-8.255392043999962,0.0],[114.355808487000104,-8.255471348999947,0.0],[114.355838937000158,-8.255469405999975,0.0],[114.355882798000152,-8.255471024999963,0.0],[114.355936358000122,-8.255485283999974,0.0],[114.355998957000111,-8.255503386999976,0.0],[114.35604334300001,-8.255509683999946,0.0],[114.356087740000021,-8.255516006999926,0.0],[114.35614032400008,-8.255513047999955,0.0],[114.356189113000028,-8.255519124999921,0.0],[114.356229129000099,-8.25552569599995,0.0],[114.35628229800011,-8.25553152699996,0.0],[114.356327213000213,-8.255546630999959,0.0],[114.356350427000052,-8.25556733499991,0.0],[114.35636510300003,-8.255592879999881,0.0],[114.356363259000204,-8.255636822999975,0.0],[114.3563262240001,-8.255678215999922,0.0],[114.356307262000087,-8.255727201999889,0.0],[114.356309344000124,-8.255761855999936,0.0],[114.356351773000142,-8.255810369999949,0.0],[114.356389385000057,-8.255822982999916,0.0],[114.356449632000135,-8.255845484999895,0.0],[114.356494683000051,-8.255861439999933,0.0],[114.356529441000134,-8.255892585999902,0.0],[114.356570847000171,-8.255912308999939,0.0],[114.356607980000149,-8.255921269999874,0.0],[114.356645764000064,-8.25594476699996,0.0],[114.356679151000208,-8.255953894999948,0.0],[114.356720889000144,-8.255988031999891,0.0],[114.356754446000195,-8.256004404999942,0.0],[114.356802917000209,-8.256030802999874,0.0],[114.356850856000165,-8.256046347999927,0.0],[114.356902878000028,-8.256075909999879,0.0],[114.3569510210001,-8.256101981999905,0.0],[114.356987955000022,-8.256121444999906,0.0],[114.357050467000022,-8.256150186999889,0.0],[114.357094545000109,-8.256172720999928,0.0],[114.357145989000173,-8.256205419999958,0.0],[114.357189772000083,-8.25622430899989,0.0],[114.357233554000118,-8.256250222999938,0.0],[114.357277216000057,-8.25627606799992,0.0],[114.357309886000053,-8.256295405999936,0.0],[114.357356843000161,-8.25631046299992,0.0],[114.357425281000133,-8.256341858999974,0.0],[114.35748269200019,-8.256370236999885,0.0],[114.357564942000067,-8.256390323999881,0.0],[114.35763261000011,-8.256428352999933,0.0],[114.357678721000184,-8.256464534999964,0.0],[114.357728639000015,-8.25649629499992,0.0],[114.357804648000183,-8.256541614999946,0.0],[114.357845101000066,-8.256550795999942,0.0],[114.357923371000084,-8.256588007999881,0.0],[114.358000687000185,-8.256617538999933,0.0],[114.358064044000116,-8.256662424999945,0.0],[114.358139959000141,-8.256680218999975,0.0],[114.358238313000129,-8.256733249999911,0.0],[114.358278175,-8.256756462999874,0.0],[114.358346541000174,-8.256792402999906,0.0],[114.358396629000026,-8.256818360999944,0.0],[114.35845697100001,-8.256840035999971,0.0],[114.358524309000131,-8.256878991999884,0.0],[114.358601630000067,-8.256910041999902,0.0],[114.358678505000057,-8.2569479309999,0.0],[114.358751243000029,-8.256986007999956,0.0],[114.358826962000194,-8.257016803999932,0.0],[114.358881448000147,-8.257051946999923,0.0],[114.358959617000096,-8.257085589999917,0.0],[114.359029664000104,-8.257139743999971,0.0],[114.359103556000036,-8.257166243999961,0.0],[114.359163628000033,-8.257189940999979,0.0],[114.359202896000056,-8.257221090999963,0.0],[114.359268154000119,-8.25726711599998,0.0],[114.359347205000176,-8.257298910999907,0.0],[114.35940961700021,-8.257321633999936,0.0],[114.359495678000144,-8.25737861999994,0.0],[114.359568752000087,-8.25741971899987,0.0],[114.359658720000084,-8.25745007699993,0.0],[114.359721609000076,-8.257479708999938,0.0],[114.359767348000219,-8.257506553999974,0.0],[114.359819897000193,-8.257532708999975,0.0],[114.359877889000018,-8.25756436599994,0.0],[114.359912116000146,-8.257580749999875,0.0],[114.359953792000169,-8.257602666999901,0.0],[114.360015362000127,-8.25763152299993,0.0],[114.360056582000198,-8.257661085999871,0.0],[114.360067336000157,-8.257693860999893,0.0],[114.360032702000126,-8.257734414999902,0.0],[114.359991,-8.257765268999947,0.0],[114.35996582100006,-8.257800476999932,0.0],[114.359943033000036,-8.257838738999908,0.0],[114.359922470000129,-8.257878096999889,0.0],[114.359930577000114,-8.257911719999981,0.0],[114.35996018700007,-8.257941931999937,0.0],[114.359979682000017,-8.257975711999961,0.0],[114.36002598000016,-8.258041308999964,0.0],[114.360091440000019,-8.258131323999976,0.0],[114.360152852000169,-8.258228503999931,0.0],[114.360197934000098,-8.258289046999948,0.0],[114.360234003000187,-8.258350812999936,0.0],[114.360287367000183,-8.258410115999936,0.0],[114.360317332000022,-8.258459677999952,0.0],[114.360342733000152,-8.258506638999904,0.0],[114.360371654000119,-8.258554426999979,0.0],[114.360404607000078,-8.258621415999926,0.0],[114.360415503000127,-8.258681508999928,0.0],[114.360446987000046,-8.258744601999979,0.0],[114.360491403000196,-8.258787160999873,0.0],[114.360538586000075,-8.258839436999949,0.0],[114.360596057000066,-8.258905593999884,0.0],[114.360638828000219,-8.258951180999929,0.0],[114.360697446000017,-8.258982598999978,0.0],[114.360745844,-8.259025961999896,0.0],[114.360772059000169,-8.25906255599989,0.0],[114.36081949000004,-8.259091736999949,0.0],[114.360851534000062,-8.259136254999873,0.0],[114.360889569000051,-8.259159988999897,0.0],[114.360929790000114,-8.259211661999927,0.0],[114.360970128000076,-8.259270887999946,0.0],[114.360971268000185,-8.259317564999947,0.0],[114.360943349000081,-8.259367889999965,0.0],[114.36094167300007,-8.259440051999889,0.0],[114.36092531700001,-8.259521936999931,0.0],[114.360922669000161,-8.259606365999957,0.0],[114.360906204000116,-8.259677265999869,0.0],[114.360885603000042,-8.259741942999881,0.0],[114.360871781000014,-8.259828567999875,0.0],[114.360861226000111,-8.25988993999988,0.0],[114.36084665400017,-8.259944059999953,0.0],[114.360837877000222,-8.260013548999893,0.0],[114.360846852,-8.260093809999887,0.0],[114.36083270600011,-8.260145435999902,0.0],[114.360868247000099,-8.260193823999884,0.0],[114.360904644000016,-8.260229209999977,0.0],[114.360968157000229,-8.260262560999934,0.0],[114.361047916000075,-8.260306740999908,0.0],[114.361116647000017,-8.26034203699993,0.0],[114.36116834500001,-8.260366113999964,0.0],[114.361241362000101,-8.260421390999909,0.0],[114.361321193000094,-8.260463842999968,0.0],[114.36136324000006,-8.260481864999917,0.0],[114.36140240400016,-8.260501202999933,0.0],[114.361437018000174,-8.260520668999959,0.0],[114.361496549000208,-8.260557400999971,0.0],[114.36155119600005,-8.260582589999899,0.0],[114.361612536000166,-8.260611770999958,0.0],[114.361661982000101,-8.260625217999973,0.0],[114.361702156000092,-8.260648196999909,0.0],[114.361761213000023,-8.260672198999941,0.0],[114.361806533000049,-8.260692219999953,0.0],[114.361851506000221,-8.260712088999981,0.0],[114.361889919000077,-8.260732139999959,0.0],[114.361934235000035,-8.260751704999961,0.0],[114.361980538000012,-8.260773167999957,0.0],[114.362014456000111,-8.260780006999937,0.0],[114.36205403200006,-8.260801558999901,0.0],[114.362102820000018,-8.260816041999874,0.0],[114.362141752000184,-8.260837293999941,0.0],[114.362167085000124,-8.260846482999909,0.0],[114.36220297400007,-8.26086135099996,0.0],[114.362226221000014,-8.260872632999963,0.0],[114.362279861000161,-8.260886383999946,0.0],[114.362316084000099,-8.260884455999928,0.0],[114.362368978000177,-8.260891972999957,0.0],[114.362201083612035,-8.261188303480026,0.0],[114.361982173199408,-8.262025873754055,0.0],[114.361782298474964,-8.262673087147675,0.0]]}},
{"type":"Feature","properties":{"Name":"Saluran Irigasi Sekunder","Kategori":"Saluran Irigasi Sekunder","DI":"Sumber Urip I","KorSDA":"Kabat","Status":null,"DI_PERMEN":"Sbr. Urip I","ID_TANAH":null},"geometry":{"type":"LineString","coordinates":[[114.277674272000013,-8.235123228999953,0.0],[114.277686,-8.235160883999981,0.0],[114.277692820000084,-8.235190296999974,0.0],[114.277687310000033,-8.235243929999967,0.0],[114.277685825000049,-8.23525041299996,0.0],[114.277671678000047,-8.235318074999952,0.0],[114.277681326000106,-8.235346722999964,0.0],[114.277708697000094,-8.235374630999956,0.0],[114.277741024000079,-8.23538328099994,0.0],[114.277743961000056,-8.235382693999952,0.0],[114.277793885000051,-8.235372708999932,0.0],[114.277796822000028,-8.235372121999944,0.0],[114.277823254000054,-8.235366834999979,0.0],[114.277862128000038,-8.235362127999963,0.0],[114.277885454000057,-8.235369727999966,0.0],[114.277906349000091,-8.235393127999941,0.0],[114.277924054000096,-8.235429351999926,0.0],[114.277938514000084,-8.235456553999938,0.0],[114.277972538000085,-8.235491780999951,0.0],[114.277996212000062,-8.235520117999954,0.0],[114.278020486000059,-8.235551373999954,0.0],[114.278033802000095,-8.235572814999955,0.0],[114.278045421000115,-8.235600664999936,0.0],[114.278070436,-8.235647134999965,0.0],[114.278087815000049,-8.235683190999964,0.0],[114.27809826400005,-8.235702361999927,0.0],[114.27811275900001,-8.235738947999948,0.0],[114.278120856000101,-8.23577376399993,0.0],[114.27812287800009,-8.235782460999928,0.0],[114.27812894300007,-8.235808535999979,0.0],[114.278140704000066,-8.235833420999938,0.0],[114.278151456000046,-8.235879677999947,0.0],[114.278172075000043,-8.23592989399998,0.0],[114.278176263000091,-8.235935083999948,0.0],[114.278193011000099,-8.235955837999938,0.0],[114.278235403000053,-8.235971412999959,0.0],[114.278289900000118,-8.235987578999925,0.0],[114.278336947000071,-8.235984150999968,0.0],[114.278405665000037,-8.235970337999959,0.0],[114.278435957000056,-8.23597031099996,0.0],[114.278446667000026,-8.235977228999957,0.0],[114.27847612700009,-8.235986432999937,0.0],[114.278509950000057,-8.236027930999967,0.0],[114.27855149800007,-8.236076837999974,0.0],[114.278584553000087,-8.236115326999936,0.0],[114.27862351300007,-8.236182619999965,0.0],[114.278630416000055,-8.236214222999934,0.0],[114.278631044,-8.236217094999972,0.0],[114.278638568000019,-8.236251539999955,0.0],[114.278639194000107,-8.236254408999969,0.0],[114.278659483000069,-8.236292297999967,0.0],[114.278697719000093,-8.236329622999961,0.0],[114.278739516000087,-8.236369190999937,0.0],[114.278798471000073,-8.236432187999981,0.0],[114.27887239800009,-8.236495193999929,0.0],[114.278943780000077,-8.236546768999972,0.0],[114.27899410200007,-8.23658456499993,0.0],[114.279030388000024,-8.236613177999971,0.0],[114.279066663000094,-8.236641782999925,0.0],[114.27910066100003,-8.236673750999955,0.0],[114.279121495000027,-8.236713988999952,0.0],[114.279142915000079,-8.236757001999933,0.0],[114.279160797000031,-8.236797691999925,0.0],[114.279183674000024,-8.236819732999948,0.0],[114.279222079000078,-8.236829951999937,0.0],[114.279262163000112,-8.236833971999943,0.0],[114.279302741000038,-8.236856086999978,0.0],[114.279315616000076,-8.236889277999978,0.0],[114.279341119000037,-8.236946973999977,0.0],[114.279359148000026,-8.236989386999937,0.0],[114.279372392000028,-8.237023554999951,0.0],[114.279388574000109,-8.237057106999941,0.0],[114.279400097,-8.237097761999962,0.0],[114.279410512000027,-8.237147843999935,0.0],[114.279414920000022,-8.237183781999931,0.0],[114.279419326000038,-8.237219702999937,0.0],[114.279415283000048,-8.237229731999946,0.0],[114.279413198000043,-8.237263884999948,0.0],[114.279409891000114,-8.237292139999965,0.0],[114.279404261000082,-8.237323911999965,0.0],[114.279406167000047,-8.237406159999978,0.0],[114.27942491400006,-8.237451316999966,0.0],[114.279438851,-8.237488242999973,0.0],[114.279451078000079,-8.237531592999972,0.0],[114.279465617000028,-8.237571397999943,0.0],[114.279466235000086,-8.237574323999979,0.0],[114.279479061000075,-8.237620534999962,0.0],[114.279479679000019,-8.237623457999973,0.0],[114.27949064400002,-8.237660864999953,0.0],[114.279500566000024,-8.237707563999948,0.0],[114.279513471000087,-8.237753608999981,0.0],[114.279525741000043,-8.237796694999929,0.0],[114.27953861900005,-8.237842643999954,0.0],[114.279554414000017,-8.237887971999953,0.0],[114.279560600000082,-8.237917000999971,0.0],[114.279569167000091,-8.237957682999934,0.0],[114.27957161400002,-8.237969300999964,0.0],[114.27957174800008,-8.237984382999969,0.0],[114.27957419400002,-8.237995994999949,0.0],[114.279573105000054,-8.23800526399998,0.0]]}},
{"type":"Feature","properties":{"Name":"Sekunder","Kategori":"Saluran Irigasi Sekunder","DI":"Sumber Waringin","KorSDA":"Kabat","Status":null,"DI_PERMEN":"Sbr. Waringin","ID_TANAH":null},"geometry":{"type":"LineString","coordinates":[[114.31463795500008,-8.26967475999993,0.0],[114.314717774000087,-8.269707549999964,0.0],[114.315017178000062,-8.269857115999969,0.0],[114.3152265760001,-8.269944141999929,0.0],[114.315372569000033,-8.270020786999964,0.0],[114.315573343000096,-8.27014427599994,0.0],[114.315703485000085,-8.270191867999927,0.0],[114.31571691900001,-8.270188922999978,0.0],[114.315724256000067,-8.270186138999975,0.0],[114.31586070700007,-8.270134365999979,0.0],[114.315866554000081,-8.270127948999971,0.0],[114.315873538,-8.270119023999939,0.0],[114.315883976,-8.270108824999966,0.0],[114.316023686000108,-8.270088990999966,0.0],[114.316174313000033,-8.270264296999926,0.0],[114.316181381000092,-8.270267862999958,0.0],[114.316188849000014,-8.270277853999971,0.0],[114.316424687000108,-8.270401126999957,0.0],[114.316948893000017,-8.270687411999972,0.0],[114.317503654,-8.270839652999939,0.0],[114.318164382000077,-8.27097231099998,0.0],[114.318965863000017,-8.271215435999977,0.0],[114.31907185700004,-8.271275798999966,0.0],[114.319388944000025,-8.271439975999954,0.0],[114.319429595000088,-8.271457081999927,0.0],[114.319815353000081,-8.27164726899997,0.0],[114.320033513000112,-8.271860352999965,0.0],[114.319811641000115,-8.272164911999937,0.0],[114.31994880100001,-8.272301784999968,0.0],[114.319966481000051,-8.272348287999932,0.0],[114.319908434000013,-8.27241388799996,0.0],[114.319832029000054,-8.272533077999981,0.0],[114.319723003000036,-8.272702678999963,0.0],[114.319688491000079,-8.272780026999953,0.0],[114.319642415000089,-8.272924724999939,0.0],[114.319654140000011,-8.272983195999927,0.0]]}},
{"type":"Feature","properties":{"Name":"Tersier","Kategori":"Saluran Irigasi Tersier","DI":"Sumber Waringin","KorSDA":"Kabat","Status":null,"DI_PERMEN":"Sbr. Waringin","ID_TANAH":null},"geometry":{"type":"LineString","coordinates":[[114.319669538000085,-8.272970610999948,0.0],[114.319649893000019,-8.273131028999956,0.0],[114.319646418000048,-8.273272087999942,0.0],[114.31967084900009,-8.273322809999968,0.0],[114.319774556000084,-8.273402436999959,0.0],[114.319960114000082,-8.27350557699998,0.0],[114.320142896000107,-8.273586542999965,0.0],[114.320336612,-8.273652881999965,0.0],[114.320415619000073,-8.273662410999975,0.0],[114.320527902000094,-8.273672522999959,0.0],[114.320618301000081,-8.273691514999939,0.0],[114.320820401000105,-8.273770264999939,0.0],[114.320977307000021,-8.273830290999967,0.0],[114.321028064000075,-8.273838515999955,0.0],[114.321050009000032,-8.273848961999931,0.0]]}},
{"type":"Feature","properties":{"Name":"Saluran Sekunder","Kategori":"Saluran Irigasi Sekunder","DI":"Suti","KorSDA":"Kabat","Status":null,"DI_PERMEN":"Suti","ID_TANAH":null},"geometry":{"type":"LineString","coordinates":[[114.289853474000097,-8.193590486999938,0.0],[114.289872557000081,-8.193603765999967,0.0],[114.289893841000094,-8.193618113999946,0.0],[114.289909782000109,-8.193637997999929,0.0],[114.289920252000115,-8.193652536999934,0.0],[114.289932529000112,-8.193682853999974,0.0],[114.289941510000062,-8.193708885999968,0.0],[114.28994499800001,-8.193729554999948,0.0],[114.289952900000117,-8.193763295999929,0.0],[114.289956277000101,-8.193778556999973,0.0],[114.289958661000014,-8.193806963999975,0.0],[114.289958382,-8.193843639999955,0.0],[114.289960252000014,-8.193875952999974,0.0],[114.28995945500003,-8.193916556999966,0.0],[114.289951043000087,-8.193961660999946,0.0],[114.289943545000028,-8.193982600999959,0.0],[114.289926205000029,-8.194001406999973,0.0],[114.289893622000022,-8.194023591999951,0.0],[114.289874633000068,-8.194037440999978,0.0],[114.289857313000084,-8.19405622599993,0.0],[114.289861095000106,-8.194074257999944,0.0],[114.28986061,-8.194094463999932,0.0],[114.289863911000111,-8.19410970399997,0.0],[114.289862879000111,-8.194128302999957,0.0],[114.289868374000093,-8.194150093999951,0.0],[114.289872229000025,-8.194167001999972,0.0],[114.289877716000092,-8.194183350999936,0.0],[114.289882109000018,-8.194196438999938,0.0],[114.289889234000043,-8.194212239999956,0.0],[114.289894734000086,-8.194228624999937,0.0],[114.289900238000087,-8.194245021999961,0.0],[114.2898991940001,-8.194258217999959,0.0],[114.28990964400009,-8.194283922999944,0.0],[114.289912422000043,-8.194297641999981,0.0],[114.289923953000084,-8.194315673999938,0.0],[114.289942624000105,-8.194338609999932,0.0],[114.289960214000075,-8.194358281999939,0.0],[114.289976214000035,-8.194384074999959,0.0],[114.289996028000019,-8.194399364999981,0.0],[114.290011464000031,-8.194412500999931,0.0],[114.290035773000113,-8.194429991999925,0.0],[114.290057034000029,-8.194448540999929,0.0],[114.290076964000036,-8.194469473999959,0.0],[114.290090212000109,-8.19448162499998,0.0],[114.290112854000085,-8.194499871999938,0.0],[114.290126266000016,-8.194523164999964,0.0],[114.290138054000067,-8.194547046999958,0.0],[114.290143163000039,-8.194562056999928,0.0],[114.290159401000096,-8.194588218999968,0.0],[114.290177758000027,-8.194604400999935,0.0],[114.290194495000037,-8.194621163999955,0.0],[114.290216280000095,-8.194641876999981,0.0],[114.290235880000068,-8.194661503999953,0.0],[114.290254300000015,-8.194672210999954,0.0],[114.290274984,-8.194684065999979,0.0],[114.290306198000053,-8.194688712999948,0.0],[114.290355413000043,-8.194696841999928,0.0],[114.290387991000102,-8.194704901999955,0.0],[114.29041853800004,-8.194723106999959,0.0],[114.290437902,-8.19474127899997,0.0],[114.290453329000115,-8.194758945999979,0.0],[114.290473367000118,-8.194784746999972,0.0],[114.290492356000073,-8.194812875999958,0.0],[114.290506710000045,-8.194830283999977,0.0],[114.290515759000073,-8.194851674999938,0.0],[114.290527060000045,-8.194874211999945,0.0],[114.290542905000052,-8.194904695999981,0.0],[114.290555482000059,-8.194942081999955,0.0],[114.290565792000052,-8.194972734999965,0.0],[114.290580011000088,-8.194998310999949,0.0],[114.290603827000041,-8.195024502999956,0.0],[114.29061114000001,-8.195023925999976,0.0],[114.290630312000076,-8.195025052999938,0.0],[114.290662995000048,-8.195015873999978,0.0],[114.290700272000095,-8.195003226999972,0.0],[114.290753696000024,-8.194998539999972,0.0],[114.29079270200009,-8.195006422999938,0.0]]}},
{"type":"Feature","properties":{"Name":"Saluran Tersier","Kategori":"Saluran Irigasi Tersier","DI":"Suti","KorSDA":"Kabat","Status":null,"DI_PERMEN":"Suti","ID_TANAH":null},"geometry":{"type":"LineString","coordinates":[[114.290734689000033,-8.195045948999905,0.0],[114.290759690000073,-8.195062964999977,0.0],[114.290783522000083,-8.195095341999888,0.0],[114.290809426000123,-8.195119347999935,0.0],[114.290839781000045,-8.19514537799995,0.0],[114.290867508000133,-8.195164876999968,0.0],[114.290890085000115,-8.195180647999962,0.0],[114.290929333,-8.195215968999946,0.0],[114.290951671000016,-8.195240743999932,0.0],[114.290978598000038,-8.195272810999938,0.0],[114.291004561000136,-8.195297852999943,0.0],[114.291028011000094,-8.19531650499988,0.0],[114.29104822100021,-8.195336224999949,0.0],[114.291070958000091,-8.195353212999919,0.0],[114.29108709400009,-8.19538130299992,0.0],[114.291094841000017,-8.195401587999925,0.0],[114.291209819564074,-8.195689862056383,0.0],[114.291162230344071,-8.195904013546965,0.0],[114.29100756537855,-8.196147908299963,0.0],[114.291114641123841,-8.196302573265427,0.0],[114.291209819564074,-8.196451289578306,0.0],[114.291977195738582,-8.196933130431887,0.0],[114.292619650210099,-8.197218665752644,0.0],[114.293047953191262,-8.197456611853227,0.0],[114.293309693901733,-8.197623174123635,0.0],[114.29335728312185,-8.198099066324801,0.0],[114.293571434612431,-8.198408396255559,0.0],[114.294309067524182,-8.198741520796375,0.0],[114.294332862134411,-8.198979466897015,0.0],[114.294356656744412,-8.199193618387483,0.0],[114.294761165115347,-8.199598126758474,0.0],[114.295189468096396,-8.199883662079174,0.0],[114.295617771077559,-8.200264375840163,0.0],[114.296284020159078,-8.200502321940746,0.0],[114.296759912360244,-8.200787857261389,0.0],[114.296688528530012,-8.201120981802205,0.0],[114.296640939310009,-8.201644463223545,0.0],[114.296759912360244,-8.202072766204537,0.0],[114.297925848253158,-8.202524863795702,0.0],[114.298568302724675,-8.202643836845994,0.0],[114.299305935636539,-8.202810399116345,0.0],[114.300162541598752,-8.203095934437101,0.0],[114.300400487699221,-8.203452853587919,0.0],[114.300757406850039,-8.203785978128792,0.0],[114.301066736780967,-8.204261870329958,0.0],[114.301423655931671,-8.204499816430484,0.0],[114.30168539664237,-8.205237449342292,0.0],[114.302304056503885,-8.205784725373746,0.0],[114.30275615409505,-8.206022671474329,0.0],[114.303279635516333,-8.206189233744681,0.0],[114.303517581617029,-8.206474769065437,0.0],[114.3037793223275,-8.206807893606253,0.0],[114.304659722899714,-8.207164812757128,0.0]]}},
{"type":"Feature","properties":{"Name":"Saluran Irigasi Sekunder","Kategori":"Saluran Irigasi Sekunder","DI":"Talang Gantung","KorSDA":"Kabat","Status":null,"DI_PERMEN":"Talang Gantung","ID_TANAH":null},"geometry":{"type":"LineString","coordinates":[[114.259080130000029,-8.199915712999939,0.0],[114.259101453000085,-8.199975645999928,0.0],[114.259164775000045,-8.200055745999975,0.0],[114.259284886000046,-8.200186669999937,0.0],[114.259379837000097,-8.200258253999948,0.0],[114.259380553000028,-8.200261798999975,0.0],[114.259500218000085,-8.200359240999944,0.0],[114.259502262000069,-8.200360460999946,0.0],[114.259606138000095,-8.200483706999933,0.0],[114.259616328000106,-8.200489810999954,0.0],[114.259717777000105,-8.200576526999953,0.0],[114.259830789000034,-8.200654677999978,0.0],[114.259922945000085,-8.200654327999928,0.0],[114.259930362000091,-8.200652846999958,0.0],[114.260095165000052,-8.200645734999966,0.0],[114.260096969000074,-8.200643669999977,0.0],[114.260213358000101,-8.200683107999964,0.0],[114.260279905000061,-8.200732867999932,0.0],[114.260369837000098,-8.200822786999936,0.0],[114.260377207000033,-8.200833412999941,0.0],[114.260386251000114,-8.200841903999958,0.0],[114.260395291,-8.20085039099996,0.0],[114.260505973000022,-8.200922369999944,0.0],[114.26051639700006,-8.200925435999977,0.0],[114.260530798000104,-8.200927723999939,0.0],[114.260631697,-8.20095149499997,0.0],[114.260633836000011,-8.200952817999962,0.0],[114.260760969000103,-8.200924051999948,0.0],[114.260867690000055,-8.200895289999949,0.0],[114.261009426000101,-8.200890485999935,0.0],[114.261016356000027,-8.200891003999971,0.0],[114.261127852000072,-8.20094155399994,0.0],[114.261310841000068,-8.201004438999973,0.0],[114.261413445000017,-8.201076045999969,0.0],[114.261420072000078,-8.201080235999939,0.0],[114.261510548000047,-8.20117668499995,0.0],[114.261552985000094,-8.20131472099996,0.0],[114.261583827000095,-8.201550337999947,0.0],[114.261603484000034,-8.201711066999962,0.0],[114.261663480000038,-8.201800038999977,0.0],[114.261756975000026,-8.201918741999975,0.0],[114.261832383000069,-8.201970771999981,0.0],[114.261955010000065,-8.201960706999955,0.0],[114.262128118000078,-8.201948494999954,0.0],[114.262253503000011,-8.201939311999979,0.0],[114.262377561000108,-8.201950041999964,0.0],[114.262497145000111,-8.201991347999979,0.0],[114.262510587000065,-8.201999851999972,0.0],[114.262521789000061,-8.202006937999954,0.0],[114.262532788000044,-8.202010262999977,0.0],[114.262718246000077,-8.202090875999943,0.0],[114.262725002000025,-8.20209516999995,0.0],[114.262886762000107,-8.202169433999927,0.0],[114.262976446000039,-8.202229804999945,0.0],[114.263099085000022,-8.202362366999978,0.0],[114.263101434000077,-8.202363669999954,0.0],[114.26314186400009,-8.202439755999933,0.0],[114.26315045900003,-8.202560935999941,0.0],[114.26315299800001,-8.202575942999943,0.0],[114.263153631000023,-8.202579685999979,0.0],[114.263136417000055,-8.202680826999938,0.0],[114.263127472000065,-8.202758709999955,0.0],[114.263132032000044,-8.202761301999942,0.0],[114.26317076700002,-8.20282588799995,0.0],[114.263158203000103,-8.202929602999973,0.0],[114.263172882000049,-8.20304832599993,0.0],[114.26326980500005,-8.203157579999981,0.0],[114.263274170000045,-8.203160166999965,0.0],[114.263394230000017,-8.203272474999949,0.0],[114.263401167000097,-8.203285359999938,0.0],[114.263407825000058,-8.203289022999968,0.0],[114.263416713000083,-8.203293914999961,0.0],[114.263473157000021,-8.203361504999975,0.0],[114.263488786000039,-8.203420431999973,0.0],[114.263485948000039,-8.203516755999942,0.0],[114.263488088000031,-8.203524186999971,0.0],[114.263544915000011,-8.203630436999958,0.0],[114.263557537000111,-8.203637740999966,0.0],[114.26357017700002,-8.20364505699996,0.0],[114.263614136000115,-8.203726302999939,0.0],[114.263710906000028,-8.203814579999971,0.0],[114.263715414000103,-8.203817244999925,0.0],[114.263728946000015,-8.203825244999962,0.0],[114.263734770000042,-8.203825225999935,0.0],[114.263864629000068,-8.20389500899995,0.0],[114.263866911000036,-8.203896356999962,0.0],[114.263991580000038,-8.203983990999973,0.0],[114.264061471000105,-8.204075123999928,0.0],[114.264096935000111,-8.204177942999934,0.0],[114.264183498000079,-8.204282932999945,0.0],[114.26432387300008,-8.204386842999952,0.0],[114.264330957000084,-8.204391147999957,0.0],[114.264389064000056,-8.204448704999947,0.0],[114.264395011000033,-8.204459697999937,0.0],[114.264398591000031,-8.20446923399993,0.0],[114.264450754000109,-8.204577148999931,0.0],[114.264456538000104,-8.20458782399993,0.0],[114.264465188000031,-8.204603787999929,0.0],[114.264484972000105,-8.204669387999957,0.0],[114.264536430000021,-8.204776295999977,0.0],[114.264542910000046,-8.204785412999968,0.0],[114.26454883200006,-8.204791565999926,0.0],[114.264584692000085,-8.204860676999942,0.0],[114.264590373000033,-8.20486692999998,0.0],[114.264669695000066,-8.204925356999979,0.0],[114.26475089500002,-8.204967911999972,0.0],[114.264756174000013,-8.204971178999926,0.0],[114.264820266000015,-8.205016112999942,0.0],[114.264826211000013,-8.205025044999957,0.0],[114.264832467000019,-8.205036770999925,0.0],[114.2648401350001,-8.205046739999943,0.0],[114.264848101000098,-8.205059479999932,0.0],[114.264880565000112,-8.205118209999966,0.0],[114.264885197000012,-8.205131260999963,0.0],[114.264886931000092,-8.205132335999963,0.0],[114.264923125000109,-8.205268924999928,0.0],[114.264971944000081,-8.205323268999962,0.0],[114.264989331000038,-8.205342010999971,0.0],[114.264995825000028,-8.205354124999928,0.0],[114.265062860000057,-8.205424282999957,0.0],[114.265128320000031,-8.205473509999933,0.0],[114.265132326000071,-8.205478497999934,0.0],[114.265204876000098,-8.20554496099993,0.0],[114.265280786000062,-8.205606752999927,0.0],[114.265418046000036,-8.205674186999943,0.0],[114.265561347000016,-8.205743797999958,0.0],[114.265568548000033,-8.20574526799993,0.0],[114.265677004000054,-8.205794467999965,0.0],[114.265680744000065,-8.205796705999944,0.0],[114.265795303000118,-8.205865255999981,0.0],[114.265875004,-8.20592129299996,0.0],[114.26587698600008,-8.205925254999954,0.0],[114.265945980000083,-8.206048800999952,0.0],[114.265984384000035,-8.206204369999966,0.0],[114.265996408000092,-8.206326704999981,0.0],[114.265999584000042,-8.206427229999974,0.0],[114.265991191000012,-8.206533328999967,0.0],[114.265891885000087,-8.206652510999959,0.0],[114.265888629000074,-8.206653132999975,0.0],[114.265841247000026,-8.20668666499995,0.0],[114.265797803000055,-8.20678368199998,0.0],[114.26572451800007,-8.206910384999958,0.0],[114.265723798000067,-8.206917932999943,0.0],[114.265721062000011,-8.206999933999953,0.0],[114.265719625000088,-8.207001626999954,0.0],[114.265735858000085,-8.207024357999956,0.0]]}},
{"type":"Feature","properties":{"Name":"Saluran Irigasi Tersier","Kategori":"Saluran Irigasi Tersier","DI":"Talang Gantung","KorSDA":"Kabat","Status":null,"DI_PERMEN":"Talang Gantung","ID_TANAH":null},"geometry":{"type":"MultiLineString","coordinates":[[[114.265715253000053,-8.207019413999888,0.0],[114.265670552000188,-8.207190312999955,0.0],[114.265660476000107,-8.207268305999889,0.0],[114.265614878000065,-8.207339819999959,0.0],[114.265400074000013,-8.207311924999942,0.0]],[[114.265725531000044,-8.207015997999974,0.0],[114.265745545000073,-8.207275710999966,0.0],[114.265906022000195,-8.20745457299995,0.0],[114.266312277233169,-8.207907518530817,0.0],[114.266797687278427,-8.208221607383678,0.0],[114.26728309732357,-8.208592803300519,0.0],[114.267725677070644,-8.209178150707999,0.0],[114.267839891198946,-8.209649283987119,0.0],[114.267468695282105,-8.209920542541852,0.0],[114.267325927621641,-8.210063310202202,0.0],[114.267682846772573,-8.210491613183194,0.0],[114.268339578010341,-8.210762871737927,0.0],[114.268482345670577,-8.210934192930267,0.0],[114.268211087116015,-8.211291112081199,0.0],[114.267768507368942,-8.211562370635875,0.0],[114.26756863264427,-8.211890736254645,0.0],[114.267454418516081,-8.212133441277217,0.0],[114.26775898952485,-8.212652163776454,0.0],[114.267949346405317,-8.213109020289608,0.0],[114.268482345670463,-8.213775269371297,0.0],[114.268786916679232,-8.214213090196324,0.0],[114.268977273559699,-8.21470801808556,0.0],[114.269338951632562,-8.215088731846436,0.0],[114.269795808145773,-8.215564624047659,0.0],[114.27044302153945,-8.215774016616194,0.0],[114.27069048548401,-8.216192801753152,0.0],[114.270918913740616,-8.216402194321688,0.0],[114.271661305574298,-8.216611586890224,0.0],[114.272308518967975,-8.216706765330457,0.0],[114.272536947224467,-8.216954229275075,0.0],[114.272708268416977,-8.217715656796884,0.0],[114.272251411903767,-8.218134441933955,0.0],[114.27208009071137,-8.218305763126409,0.0],[114.271965876583067,-8.218762619639449,0.0],[114.272194304839672,-8.21946694009722,0.0],[114.272403697408208,-8.219942832298329,0.0],[114.272365626032069,-8.220209331931017,0.0],[114.272194304839672,-8.220475831563704,0.0],[114.27208009071137,-8.221008830828964,0.0],[114.272479840160372,-8.221465687342118,0.0],[114.272917660985513,-8.221675079910653,0.0],[114.273736195571587,-8.222189043487845,0.0],[114.27383137401182,-8.222741078441231,0.0],[114.274193052084684,-8.22304564945,0.0],[114.274821229790064,-8.223483470275028,0.0],[114.275163872174971,-8.224111647980635,0.0],[114.27546844318374,-8.22453043311765,0.0],[114.275868192632743,-8.224949218254665,0.0],[114.276115656577417,-8.225482217519982,0.0],[114.276096620889348,-8.225977145409217,0.0],[114.276001442449115,-8.226567251738629,0.0],[114.275868192632743,-8.226947965499505,0.0],[114.275639764376137,-8.22746192907681,0.0],[114.276001442449115,-8.228394677791073,0.0],[114.276172763641512,-8.228699248799842,0.0],[114.276344084833795,-8.22892767705639,0.0],[114.276562229140609,-8.22935601392328,0.0],[114.277120245393007,-8.229118075221038,0.0],[114.277263917728078,-8.229142579724339,0.0],[114.277622489322198,-8.229488257075616,0.0],[114.277984753235614,-8.229880786104445,0.0],[114.278359795024016,-8.230170922710499,0.0],[114.27913839798191,-8.230800994874244,0.0],[114.280053892399451,-8.231433886040747,0.0],[114.2810108577562,-8.232031758978394,0.0],[114.281277592226729,-8.232191662517153,0.0]]]}},
{"type":"Feature","properties":{"Name":"Saluran Irigasi Tersier","Kategori":"Saluran Irigasi Tersier","DI":"Talun Jeruk","KorSDA":"Kabat","Status":null,"DI_PERMEN":"Talunjeruk","ID_TANAH":null},"geometry":{"type":"MultiLineString","coordinates":[[[114.319529886000055,-8.221622055999944,0.0],[114.319815832000018,-8.221688255999936,0.0]],[[114.319291556000053,-8.211649070999954,0.0],[114.319459295000115,-8.211663860999977,0.0],[114.319594427000084,-8.211852432999933,0.0],[114.319618830000081,-8.212195960999964,0.0],[114.319580136000013,-8.212613039999951,0.0],[114.319575664000013,-8.212841985999944,0.0]]]}},
{"type":"Feature","properties":{"Name":"Saluran Irigasi Sekunder","Kategori":"Saluran Irigasi Sekunder","DI":"Talun Jeruk","KorSDA":"Kabat","Status":null,"DI_PERMEN":"Talunjeruk","ID_TANAH":null},"geometry":{"type":"MultiLineString","coordinates":[[[114.320513175000087,-8.216765049999879,0.0],[114.320476798000186,-8.216991109999924,0.0],[114.320437027000025,-8.217338917999939,0.0],[114.320378788000085,-8.217609571999958,0.0],[114.32030636200011,-8.217909464999877,0.0],[114.320237892000137,-8.218427818999885,0.0],[114.3201704290002,-8.218895754999892,0.0],[114.32002239700023,-8.21949094699994,0.0],[114.31987567300007,-8.220185132999973,0.0],[114.319694245000051,-8.221030872999961,0.0],[114.319620481000129,-8.221206257999938,0.0],[114.319600028000082,-8.221304718999875,0.0],[114.319604657000127,-8.221361016999936,0.0],[114.319577552000055,-8.221476553999878,0.0],[114.319560269000135,-8.221563542999888,0.0],[114.319516081000188,-8.221640175999937,0.0]],[[114.319250750000037,-8.211620469999957,0.0],[114.319257522000044,-8.211931601999936,0.0],[114.319278666000173,-8.212299535999875,0.0],[114.319345558,-8.212688045999869,0.0],[114.319427142000222,-8.213020643999869,0.0],[114.319307006000031,-8.213244517999954,0.0],[114.319254473000228,-8.213410030999967,0.0],[114.319177640000021,-8.21366047399988,0.0],[114.319139539000162,-8.213804617999926,0.0],[114.319079173000091,-8.213980357999958,0.0],[114.319049416000212,-8.213999170999955,0.0],[114.319047933000206,-8.21399940699996,0.0],[114.319041417000221,-8.214041904999931,0.0],[114.3190856880002,-8.21412916099996,0.0],[114.319154319000063,-8.214267829999869,0.0],[114.31911008100019,-8.214395957999898,0.0],[114.31904033,-8.214426189999926,0.0],[114.319068099000106,-8.21452635299994,0.0],[114.319088499000031,-8.214674567999964,0.0],[114.319123029000025,-8.21482463399991,0.0],[114.319142955000075,-8.21491833999994,0.0],[114.319095273000016,-8.214931453999952,0.0],[114.31908778900015,-8.214934768999967,0.0],[114.319008513000085,-8.214925586999925,0.0],[114.319000904000177,-8.214926098999968,0.0],[114.318948794000107,-8.21494178699993,0.0],[114.31891581800005,-8.21497451099998,0.0],[114.318895202000135,-8.214980044999891,0.0],[114.318841771000052,-8.215026934999969,0.0],[114.318842888000177,-8.215074459999926,0.0],[114.31887637400007,-8.215124344999936,0.0],[114.31896486100004,-8.215205770999944,0.0],[114.319003820000034,-8.215261512999916,0.0],[114.318983720000119,-8.21535570899988,0.0],[114.318977891000031,-8.215360813999951,0.0],[114.318975163,-8.215364078999869,0.0],[114.318959422000034,-8.215498853999918,0.0],[114.318930288000161,-8.215552049999872,0.0],[114.318927354000039,-8.215553586999931,0.0],[114.318844157000058,-8.215593418999958,0.0],[114.318839652000065,-8.215593576999936,0.0],[114.318830687000172,-8.215593890999969,0.0],[114.318761538000217,-8.215621517999978,0.0],[114.31872279300012,-8.215663409999877,0.0],[114.318716285000164,-8.215777855999931,0.0],[114.318716105000135,-8.215938615999903,0.0],[114.318794138000044,-8.216067491999979,0.0],[114.318911416000219,-8.216047845999981,0.0],[114.318914410000048,-8.216045921999978,0.0],[114.31907384800013,-8.216012637999881,0.0],[114.31927221,-8.215990491999946,0.0],[114.31940013700023,-8.215988393999965,0.0],[114.319470191000164,-8.215993693999906,0.0],[114.319472025000096,-8.215993387999902,0.0],[114.31951994900021,-8.216073465999955,0.0],[114.319521783000141,-8.216081181999868,0.0],[114.319523984000057,-8.216090443999917,0.0],[114.319560508000222,-8.216153124999892,0.0],[114.319567058000075,-8.2161556289999,0.0],[114.319701562000205,-8.216174630999888,0.0],[114.319764054000188,-8.216218270999946,0.0],[114.319844290000106,-8.216230802999917,0.0],[114.319926014000089,-8.216312871999946,0.0],[114.31998193600009,-8.216379135999944,0.0],[114.320059270000115,-8.216369763999978,0.0],[114.32013229800009,-8.216384262999895,0.0],[114.320218646000171,-8.216404989999944,0.0],[114.320304618000023,-8.216406538999877,0.0],[114.320409329000199,-8.216459842999939,0.0],[114.32046925900022,-8.216496591999885,0.0],[114.32049892200007,-8.216529830999889,0.0],[114.320501726000089,-8.216576974999953,0.0],[114.320515577000151,-8.216724670999952,0.0],[114.320516637000196,-8.216729401999885,0.0],[114.320515395000143,-8.216766464999921,0.0]],[[114.314272186000039,-8.20316797299995,0.0],[114.314278912000077,-8.203205724999918,0.0],[114.31429605400001,-8.203240974999915,0.0],[114.314319028000114,-8.203286884999898,0.0],[114.314324545000204,-8.203338136999889,0.0],[114.31432423800004,-8.203341497999872,0.0],[114.314327641000091,-8.203382502999887,0.0],[114.314327548000165,-8.203426616999934,0.0],[114.314347958000099,-8.20346905599996,0.0],[114.314365256000087,-8.203507824999974,0.0],[114.314375108000036,-8.203512055999965,0.0],[114.314403595000158,-8.203538217999892,0.0],[114.314418853,-8.203559857999949,0.0],[114.314439240000183,-8.203602258999979,0.0],[114.31445907900013,-8.203651366999964,0.0],[114.314462183000046,-8.203655019999871,0.0],[114.314492659000052,-8.203694911999889,0.0],[114.314523995000172,-8.203734439999891,0.0],[114.314571777000197,-8.203777030999959,0.0],[114.314602597000089,-8.203801957999872,0.0],[114.314657854000188,-8.203827265999962,0.0],[114.314730387000168,-8.203870449999954,0.0],[114.314813852000043,-8.203906896999968,0.0],[114.314876806000143,-8.203939583999897,0.0],[114.314929269000118,-8.203965113999971,0.0],[114.314936329000034,-8.20396523099987,0.0],[114.31498537400023,-8.203987226999914,0.0],[114.31504881800015,-8.204002436999872,0.0],[114.315098466000222,-8.204003283999953,0.0],[114.315159247000111,-8.20398307399995,0.0],[114.315226862000145,-8.203984205999973,0.0],[114.31530514300016,-8.203996161999953,0.0],[114.315343841000185,-8.204032336999944,0.0],[114.315347240000165,-8.204043052999964,0.0],[114.315354286000229,-8.20405027399994,0.0],[114.315378685000042,-8.20409329599994,0.0],[114.315414227000133,-8.204111698999952,0.0],[114.315434920000143,-8.204161915999919,0.0],[114.315426255000034,-8.204254262999939,0.0],[114.315421576000062,-8.204321806999928,0.0],[114.315421519000211,-8.204325367999957,0.0],[114.315445764000174,-8.204379440999958,0.0],[114.315466853000203,-8.204408531999889,0.0],[114.315545516000043,-8.204442485999948,0.0],[114.315642073000163,-8.20449822799992,0.0],[114.315656356000204,-8.204509279999968,0.0],[114.315670645000182,-8.204520337999895,0.0],[114.315760697000201,-8.204562294999903,0.0],[114.315767962000109,-8.204562497999916,0.0],[114.315895088000048,-8.20459496899997,0.0],[114.315949684000088,-8.204618249999953,0.0],[114.315964251000082,-8.20462591699993,0.0],[114.316030005000016,-8.204653229999963,0.0],[114.316085405000194,-8.204687857999886,0.0],[114.31612777600003,-8.204745602999878,0.0],[114.316127241000117,-8.204785433999973,0.0],[114.316116133000037,-8.204803452999954,0.0],[114.316105145000051,-8.204814247999877,0.0],[114.316083018000086,-8.204846632999931,0.0],[114.316079361000106,-8.204850223999927,0.0],[114.316035192000072,-8.204914871999961,0.0],[114.31603513600021,-8.204918471999974,0.0],[114.316005352000047,-8.204986665999968,0.0],[114.316005239000106,-8.204993859999945,0.0],[114.316018855000038,-8.205040747999874,0.0],[114.316022388000079,-8.205044376999922,0.0],[114.316049879000161,-8.205123857999922,0.0],[114.316074095000204,-8.20518538999994,0.0],[114.31613333100006,-8.205316075999917,0.0],[114.316168330000096,-8.205388888999892,0.0],[114.316200211000137,-8.20544362499993,0.0],[114.316221590000055,-8.205476489999967,0.0],[114.316250098000069,-8.205520312999965,0.0],[114.316257178000114,-8.205534873999909,0.0],[114.316278655000019,-8.205560535999894,0.0],[114.316321820000098,-8.205597465999972,0.0],[114.316354292000028,-8.205619777999914,0.0],[114.316375901000129,-8.205638263999958,0.0],[114.316386735000151,-8.205645707999963,0.0],[114.31641195200018,-8.205667889999916,0.0],[114.316437290000067,-8.205682873999933,0.0],[114.316437018000101,-8.205700890999879,0.0],[114.316450803000066,-8.205755241999952,0.0],[114.316450638000106,-8.205766037999922,0.0],[114.316450419000034,-8.205780428999901,0.0],[114.316435012000056,-8.20583398399998,0.0],[114.316434850000064,-8.20584476099998,0.0],[114.316436866000231,-8.20588117799997,0.0],[114.316463800000179,-8.205923519999942,0.0],[114.316501219000202,-8.205946681999876,0.0],[114.31650359300022,-8.205949013999884,0.0],[114.316517546000227,-8.205955924999955,0.0],[114.316547908000189,-8.205974431999948,0.0],[114.316555013000198,-8.205981417999908,0.0],[114.316590482000151,-8.206016291999958,0.0],[114.316597485000102,-8.206020911999872,0.0],[114.316616204000184,-8.206034790999979,0.0],[114.3166232760002,-8.206041746999915,0.0],[114.31664461600019,-8.206067258999894,0.0],[114.316661418000194,-8.206095072999915,0.0],[114.316678160000151,-8.206120523999971,0.0],[114.316678376000141,-8.206127481999943,0.0],[114.316678736000199,-8.206139061999977,0.0],[114.316684065000231,-8.206164441999874,0.0],[114.316687249000097,-8.206194327999924,0.0],[114.316687949000197,-8.206217230999869,0.0],[114.316688158000034,-8.206224085999906,0.0],[114.316686319000041,-8.206237778999878,0.0],[114.316681122000205,-8.206287716999952,0.0],[114.316681276000054,-8.206292238999879,0.0],[114.316682729000036,-8.206335023999941,0.0],[114.316710673000102,-8.206366422999963,0.0],[114.316722023000125,-8.20637091899988,0.0],[114.316728887000181,-8.206375401999935,0.0],[114.316737924000108,-8.206377658999941,0.0],[114.316769716000067,-8.206391134999876,0.0],[114.316776452000113,-8.206391157999974,0.0],[114.316787796000199,-8.206395652999902,0.0],[114.316828328000156,-8.206398023999952,0.0],[114.316839588000221,-8.206398064999917,0.0],[114.316848558000061,-8.206395865999923,0.0],[114.316886687000078,-8.206389285999933,0.0],[114.316895653000074,-8.206387072999917,0.0],[114.316911397000013,-8.20638487399998,0.0],[114.316940745000124,-8.206382705999886,0.0],[114.316956603000222,-8.206382745999974,0.0],[114.316961139000227,-8.206382756999915,0.0],[114.317002091000063,-8.206387365999944,0.0],[114.317006647000085,-8.206387377999931,0.0],[114.317015765000065,-8.20638740399994,0.0],[114.317045476000203,-8.206391997999958,0.0],[114.317059208000046,-8.206392038999979,0.0],[114.317091317000177,-8.20640342899992,0.0],[114.317148810000162,-8.206417199999919,0.0],[114.317190197000173,-8.206442219999929,0.0],[114.317215389000125,-8.20646260999996,0.0],[114.317235952000146,-8.206478431999926,0.0],[114.317240429000208,-8.206487412999934,0.0],[114.317258272000231,-8.206523198999889,0.0],[114.317271752000011,-8.206541047999963,0.0],[114.317278522000038,-8.206547743999977,0.0],[114.317328592000081,-8.206572484999981,0.0],[114.31738088800023,-8.20659720999987,0.0],[114.317412661000049,-8.206612909999933,0.0],[114.317419580000205,-8.206612984999936,0.0],[114.317428497000151,-8.206621848999873,0.0],[114.317439789000218,-8.206628541999976,0.0],[114.317471496000053,-8.206644207999943,0.0],[114.317491816000143,-8.2066553599999,0.0],[114.317498613000112,-8.206697013999872,0.0],[114.317506303000187,-8.206728477999889,0.0],[114.31751128000019,-8.206742924999958,0.0],[114.317511420000187,-8.206750156999931,0.0],[114.317511981000166,-8.206778981999889,0.0],[114.317512192000208,-8.206790912999907,0.0],[114.317512559000193,-8.206816932999971,0.0],[114.317517354000074,-8.206826347999936,0.0],[114.317524759000094,-8.206854593999935,0.0],[114.31752482700017,-8.206859293999969,0.0],[114.317541605000088,-8.206896717999882,0.0],[114.317546307000157,-8.206901373999926,0.0],[114.317558087000066,-8.206917644999919,0.0],[114.3175931520002,-8.206952349999881,0.0],[114.317597799000168,-8.206954651999979,0.0],[114.317616422000128,-8.206968488999962,0.0],[114.317662877000203,-8.206991493999908,0.0],[114.317669847000047,-8.206996098999923,0.0],[114.317676812000173,-8.206998394999971,0.0],[114.317720960000088,-8.207009869999922,0.0],[114.317732591000095,-8.207012163999934,0.0],[114.317772122000065,-8.20703058499987,0.0],[114.317781439000214,-8.207032885999979,0.0],[114.317786055000056,-8.207039796999936,0.0],[114.317806922000045,-8.207055905999937,0.0],[114.317818456000168,-8.207069693999927,0.0],[114.317839199000218,-8.207092633999935,0.0],[114.317843781000079,-8.207099502999881,0.0],[114.31786427100019,-8.207136028999969,0.0],[114.317891539000129,-8.207174668999869,0.0],[114.317895971000098,-8.207185971999934,0.0],[114.317906991000086,-8.207215254999937,0.0],[114.317906947000097,-8.207217495999942,0.0],[114.31794049400014,-8.207269033999978,0.0],[114.317984666000029,-8.207342223999888,0.0],[114.317991368000094,-8.207348862999879,0.0],[114.318017779000229,-8.207386240999881,0.0],[114.318017575000226,-8.20739276099988,0.0],[114.318040663000147,-8.207455674999949,0.0],[114.318073292000122,-8.2075033509999,0.0],[114.318092242000034,-8.207534215999885,0.0],[114.318134763000103,-8.207606496999915,0.0],[114.318167520000088,-8.207650477999891,0.0],[114.318204771000069,-8.207708009999976,0.0],[114.318250984000088,-8.20777198199994,0.0],[114.318306146000054,-8.207831061999912,0.0],[114.318308397000123,-8.20784009599987,0.0],[114.318388342000048,-8.207928150999976,0.0],[114.318480949000218,-8.208035361999976,0.0],[114.318516418000172,-8.208088250999879,0.0],[114.318546798000057,-8.208121381999945,0.0],[114.318610154000112,-8.208174397999926,0.0],[114.318666322000013,-8.208217033999972,0.0],[114.318669642000032,-8.208220322999978,0.0],[114.318735170000195,-8.208249496999883,0.0],[114.318741731000046,-8.208252746999904,0.0],[114.318813890000115,-8.20828849499992,0.0],[114.318866546000208,-8.208327725999879,0.0],[114.318923101000223,-8.208432610999978,0.0],[114.318956317000129,-8.208507555999915,0.0],[114.319012155000109,-8.208611027999893,0.0],[114.319057821000115,-8.208704043999944,0.0],[114.319115993000196,-8.208802703999936,0.0],[114.319167259000096,-8.208916237999915,0.0],[114.319205386000021,-8.209003834999976,0.0],[114.319239948000018,-8.209112363999964,0.0],[114.319280535000075,-8.209219979999887,0.0],[114.319280512000205,-8.209223026999894,0.0],[114.319283402000224,-8.209259558999975,0.0],[114.319291559000135,-8.209316752999939,0.0],[114.319262718000118,-8.209374949999926,0.0],[114.319264248000081,-8.209432471999889,0.0],[114.319264664000116,-8.209448124999881,0.0],[114.319266739000227,-8.209526169999947,0.0],[114.319288291000021,-8.209592899999961,0.0],[114.319293527000127,-8.209603119999883,0.0],[114.319334843000092,-8.209659121999948,0.0],[114.319341064000014,-8.209720494999942,0.0],[114.319343221000167,-8.209827601999905,0.0],[114.319338433000098,-8.209837821999884,0.0],[114.31935068100006,-8.209939344999952,0.0],[114.31935267200015,-8.210030278999909,0.0],[114.31933951100018,-8.21011076699989,0.0],[114.319340963000059,-8.210175849999871,0.0],[114.319342737000056,-8.210265454999899,0.0],[114.319349137000017,-8.210349613999938,0.0],[114.319345558,-8.210428530999877,0.0],[114.319321858000194,-8.210482594999917,0.0],[114.319308247000095,-8.21055605499987,0.0],[114.319304751000118,-8.21066338199995,0.0],[114.319281398000044,-8.210741092999911,0.0],[114.319272646000059,-8.210813764999898,0.0],[114.319272712000043,-8.210818605999918,0.0],[114.319263720000208,-8.210871739999959,0.0],[114.319235733000141,-8.210929389999933,0.0],[114.319235869000067,-8.21093419399989,0.0],[114.31921788000011,-8.210982007999974,0.0],[114.319213879000017,-8.211010667999915,0.0],[114.319212251000067,-8.211120155999936,0.0],[114.319203186000209,-8.21113902899998,0.0],[114.319185808000157,-8.211200303999874,0.0],[114.31917850800005,-8.211275519999901,0.0],[114.319186130000162,-8.211369242999922,0.0],[114.319186413000125,-8.211378578999927,0.0],[114.319202671000198,-8.211443993999978,0.0],[114.31921452500012,-8.211522976999959,0.0],[114.319220423000047,-8.21155792899998,0.0],[114.319226881000077,-8.211599802999899,0.0],[114.319247937000227,-8.211627261999979,0.0]],[[114.319815832000018,-8.221688255999936,0.0],[114.320558826864044,-8.221976628828656,0.0],[114.321543923720469,-8.222247887383276,0.0],[114.322029333765727,-8.222533422704032,0.0],[114.322543297343032,-8.223033109515256,0.0],[114.322586127641102,-8.223290091303795,0.0],[114.322429083214615,-8.223632733688646,0.0],[114.323414180071154,-8.223932545775369,0.0],[114.324256509267229,-8.224260911394254,0.0],[114.324799026376468,-8.224260911394254,0.0],[114.325327266720024,-8.224303741692381,0.0],[114.326069658553592,-8.224646384077175,0.0],[114.326583622131011,-8.224746321439454,0.0],[114.327083308942065,-8.224917642631794,0.0],[114.327368844262764,-8.225088963824248,0.0],[114.327468781625157,-8.224774874971445,0.0],[114.328311110821119,-8.224874812333667,0.0],[114.328225450224977,-8.225246008250679,0.0],[114.328782244100353,-8.225431606209099,0.0],[114.329324761209591,-8.225645757699681,0.0],[114.330738161047066,-8.226102614212778,0.0],[114.3320230699901,-8.226373872767397,0.0],[114.332165837650564,-8.226516640427747,0.0],[114.332237221480796,-8.22695922017482,0.0],[114.332165837650564,-8.227159094899321,0.0],[114.333079550676871,-8.227473183752124,0.0],[114.333964710171017,-8.227730165540777,0.0],[114.335834966521475,-8.22820129881984,0.0],[114.336348930098779,-8.228258405884048,0.0],[114.337648115808065,-8.228658155332994,0.0]]]}},
{"type":"Feature","properties":{"Name":"SALURAN SEKUNDER TAMAN KEPUNDUNG","Kategori":"Saluran Irigasi Sekunder","DI":"Taman Kepundung","KorSDA":"Kabat","Status":null,"DI_PERMEN":"Taman Kepundung","ID_TANAH":null},"geometry":{"type":"LineString","coordinates":[[114.246983288000024,-8.180674998999962,0.0],[114.246983664000027,-8.180704430999981,0.0],[114.247002441000063,-8.180732703999979,0.0],[114.247025460000032,-8.180748137999956,0.0],[114.247067159000039,-8.180787044999931,0.0],[114.247095687000069,-8.18080966399998,0.0],[114.247117034000098,-8.180835504999948,0.0],[114.247145409000041,-8.180853224999964,0.0],[114.24717415900011,-8.180876025999964,0.0],[114.247207810000077,-8.180895942999939,0.0],[114.247214625000083,-8.180925824999974,0.0],[114.247223945000087,-8.180955549999965,0.0],[114.247245292000116,-8.180979221999962,0.0],[114.247263967000094,-8.181003165999925,0.0],[114.247290301000021,-8.181029123999963,0.0],[114.247314792000111,-8.18106561299993,0.0],[114.247333962000084,-8.18109495899995,0.0],[114.247342883000101,-8.181120044999943,0.0],[114.247362158000101,-8.181149570999935,0.0],[114.247376029000066,-8.181171831999961,0.0],[114.247380284000087,-8.181202665999933,0.0],[114.247404467000024,-8.181226898999967,0.0],[114.247433808000096,-8.181250851999948,0.0],[114.247464014000116,-8.181271691999939,0.0],[114.247493401000042,-8.181299828999954,0.0],[114.247514386000034,-8.181310795999934,0.0],[114.247533116000113,-8.181317026999977,0.0],[114.247560287000056,-8.181332927999961,0.0],[114.247625486000061,-8.181343734999928,0.0],[114.247647187000098,-8.181347332999962,0.0],[114.247664994000047,-8.181369440999958,0.0],[114.247687897000105,-8.181388548999962,0.0],[114.247698130000117,-8.18141640999994,0.0],[114.247699985000054,-8.181439699999942,0.0],[114.247676096000077,-8.181475396999929,0.0],[114.24765729,-8.18150813699998,0.0],[114.24764317100005,-8.181532716999925,0.0],[114.247639904000039,-8.18155907199997,0.0],[114.247633765000046,-8.18158305399993,0.0],[114.247627828000077,-8.18160964499998,0.0],[114.247613887000057,-8.181636892999961,0.0],[114.247601780000082,-8.181653555999958,0.0],[114.24758535,-8.181683661999955,0.0],[114.247579597000026,-8.181712920999928,0.0],[114.247581862000061,-8.181741532999979,0.0],[114.247596664000071,-8.181758633999948,0.0],[114.247607149000032,-8.181789176999928,0.0],[114.24761989000001,-8.181814289999977,0.0],[114.247622158000013,-8.181842902999961,0.0],[114.247613328000057,-8.181867231999945,0.0],[114.247591340000099,-8.18189532699995,0.0],[114.247577969000076,-8.181930578999982,0.0],[114.247572613000102,-8.181967871999973,0.0],[114.247571730000118,-8.181994324999948,0.0],[114.247568045000094,-8.182018383999946,0.0],[114.247572587000036,-8.182047100999966,0.0],[114.247579064000092,-8.18206510899995,0.0],[114.247591525000075,-8.182087743999944,0.0],[114.247603366000021,-8.18210253999996,0.0],[114.247611134000067,-8.182162167999934,0.0],[114.247616217000086,-8.182190568999943,0.0],[114.247625485000071,-8.182236953999961,0.0],[114.247638042000062,-8.182290913999964,0.0],[114.247657347000086,-8.18233126299998,0.0],[114.247690431000024,-8.18237838899995,0.0],[114.247718339000016,-8.182403452999949,0.0],[114.247747018000041,-8.182430002999979,0.0],[114.247775697000066,-8.182456553999941,0.0],[114.247816817000057,-8.182482000999926,0.0],[114.247847328000034,-8.182513563999976,0.0],[114.2478625870001,-8.182549132999952,0.0],[114.247879240000088,-8.182605825999929,0.0],[114.247891609000021,-8.182676352999977,0.0],[114.247893651000027,-8.182708063999939,0.0],[114.247891898000034,-8.182721489999949,0.0],[114.247894626000061,-8.182763886999965,0.0],[114.247895138000104,-8.182771847999959,0.0],[114.247887598000034,-8.182817779999937,0.0],[114.247876924000025,-8.182855984999946,0.0],[114.247863793000079,-8.182897085999969,0.0],[114.247857812,-8.182927006999932,0.0],[114.247857388000057,-8.182961961999979,0.0],[114.247859750000089,-8.18299948899994,0.0],[114.247869811000101,-8.183033893999948,0.0],[114.247873965000053,-8.183057943999927,0.0],[114.247872120000011,-8.183112211999969,0.0],[114.247852296000019,-8.183132420999925,0.0],[114.247820993,-8.183137060999968,0.0],[114.24777864400005,-8.183131552999953,0.0],[114.247730432000026,-8.183112945999937,0.0],[114.247691455000108,-8.183115384999951,0.0],[114.24764755700005,-8.183120821999978,0.0],[114.247601800000098,-8.183137113999976,0.0],[114.247556443,-8.183158720999927,0.0],[114.247511041000053,-8.183177605999958,0.0],[114.247475985000051,-8.183195830999978,0.0],[114.247425247000024,-8.183206926999958,0.0],[114.247374925000031,-8.183223325999961,0.0],[114.247353460000113,-8.18325404999996,0.0],[114.24735208300001,-8.183278253999958,0.0],[114.247363037000014,-8.183327134999956,0.0],[114.247385312,-8.183359855999981,0.0],[114.247415512000089,-8.183394753999949,0.0],[114.247455573000025,-8.183418393999943,0.0],[114.247487592000084,-8.18343471299994,0.0],[114.247541579000085,-8.183457358999931,0.0],[114.247581739000111,-8.183467737999933,0.0],[114.247618064000108,-8.183491703999948,0.0],[114.247661430000107,-8.183533811999951,0.0],[114.247696265000059,-8.18356859499994,0.0],[114.24772952,-8.183614132999935,0.0],[114.2477546880001,-8.183657564999976,0.0],[114.247786087,-8.18371119699998,0.0],[114.247802403000037,-8.183744588999957,0.0],[114.247828059000085,-8.183793273999981,0.0],[114.247842749000029,-8.183845982999969,0.0],[114.247854947000064,-8.183869645999948,0.0],[114.247861202000081,-8.183917777999966,0.0],[114.247853861000067,-8.183958373999928,0.0],[114.247848917000056,-8.183996183999966,0.0],[114.247851353000101,-8.184028380999962,0.0],[114.247871255000064,-8.184080681999944,0.0],[114.247893400000066,-8.184140523999929,0.0],[114.247901235000086,-8.184150753999972,0.0],[114.247925324000107,-8.184188734999964,0.0],[114.247949747,-8.18423043699994,0.0],[114.247984559000088,-8.184267730999977,0.0],[114.248015941000062,-8.184305437999967,0.0],[114.248081814000102,-8.184355171999925,0.0],[114.248121070000025,-8.184388775999935,0.0],[114.248164322000093,-8.184425800999975,0.0],[114.24822568400009,-8.184457791999932,0.0],[114.248281106000036,-8.184501237999939,0.0],[114.248343258000091,-8.184536854999976,0.0],[114.248396993000028,-8.184602519999942,0.0],[114.248444873000039,-8.18465084199994,0.0],[114.248475069000051,-8.184708038999929,0.0],[114.248489599000095,-8.184799817999931,0.0],[114.248507521000079,-8.184883698999954,0.0],[114.248520927000072,-8.184956728999964,0.0],[114.248534337000024,-8.185029781999958,0.0],[114.248542256000064,-8.185081012999945,0.0],[114.248546195000017,-8.185128766999981,0.0],[114.248559283000077,-8.185198269999944,0.0],[114.248579720000066,-8.185267547999956,0.0],[114.24858271700009,-8.185304433999931,0.0],[114.248563592000096,-8.185342412999944,0.0],[114.248554246000026,-8.185409486999959,0.0],[114.248555053000018,-8.185464959999933,0.0],[114.248551919000079,-8.185526,0.0],[114.248537876000114,-8.185567745999947,0.0],[114.248534624000058,-8.185613430999979,0.0],[114.248529099000052,-8.185661821999929,0.0],[114.248528938000049,-8.185712058999968,0.0],[114.248525468000025,-8.185754541999927,0.0],[114.248526812000023,-8.185793743999966,0.0],[114.248529134000023,-8.185817048999979,0.0],[114.248519860000101,-8.185851901999968,0.0],[114.248514368000087,-8.185873271999981,0.0],[114.248477684000022,-8.18588729499993,0.0],[114.248441417000095,-8.185903827999937,0.0],[114.248390362,-8.185921754999981,0.0],[114.248337934,-8.185947446999933,0.0],[114.248286116000031,-8.185975505999977,0.0],[114.248246318000042,-8.18599717799998,0.0],[114.248228425000093,-8.186014144999945,0.0],[114.248199245000023,-8.186039732999973,0.0],[114.248164766000059,-8.186060658999963,0.0],[114.248122781,-8.186084488999938,0.0],[114.248087824000095,-8.186109930999976,0.0],[114.248045751000063,-8.18613841399997,0.0],[114.24803165700007,-8.186147068999958,0.0],[114.247997448000092,-8.186154879999947,0.0],[114.247965200000067,-8.18615753499995,0.0],[114.24792801600006,-8.186160596999969,0.0],[114.247891417,-8.186168595999959,0.0],[114.247857524000096,-8.18619879299996,0.0],[114.247868977000053,-8.186230213999977,0.0],[114.24789704300008,-8.186255241999959,0.0],[114.247994161000065,-8.186348761999966,0.0],[114.248068922000016,-8.186426146999963,0.0],[114.248113661000048,-8.186476372999948,0.0],[114.248136983000109,-8.186511134999932,0.0],[114.248155467000061,-8.18654620999996,0.0],[114.248180869000066,-8.18660009499996,0.0],[114.248227809000014,-8.186649806999981,0.0],[114.248276465000117,-8.186718145999976,0.0],[114.248306788000036,-8.186760561999961,0.0],[114.248326697000039,-8.186784670999941,0.0],[114.248350380000034,-8.186820915999931,0.0],[114.248373998000034,-8.186857061999945,0.0],[114.248394498000039,-8.186893183999928,0.0],[114.248414941000078,-8.186929203999966,0.0],[114.248429757000054,-8.186974333999956,0.0],[114.248410402000104,-8.187008000999981,0.0],[114.2483756150001,-8.187035872999957,0.0],[114.24832962500011,-8.187075856999968,0.0],[114.248271658000021,-8.187112903999946,0.0],[114.248220203000074,-8.187152585999968,0.0],[114.248161256000117,-8.187203945999954,0.0],[114.248131310000076,-8.187239745999932,0.0],[114.248100009000041,-8.187254928999948,0.0],[114.24807988200007,-8.187261116999935,0.0],[114.248071432000074,-8.187304995999966,0.0],[114.248048871000037,-8.187354658999936,0.0],[114.248046398000042,-8.187360478999949,0.0],[114.248047022000037,-8.187406630999931,0.0],[114.248059476000094,-8.187455297999975,0.0],[114.248081754000054,-8.18748080599994,0.0],[114.248112288000016,-8.187500481999962,0.0],[114.2481509160001,-8.187511505999964,0.0],[114.248188270000014,-8.187545367999974,0.0],[114.248201125000037,-8.187574075999976,0.0],[114.2482234470001,-8.187610992999964,0.0],[114.248255003000054,-8.187643954999942,0.0],[114.248282995000068,-8.187673539999935,0.0],[114.248307969000052,-8.187706550999962,0.0],[114.248326478000081,-8.187739698999962,0.0],[114.248363779000101,-8.18781230999997,0.0],[114.248381065000103,-8.187875079999969,0.0],[114.248399963000111,-8.18791749199994,0.0],[114.248427996000032,-8.187956073999942,0.0],[114.248436800000036,-8.187991884999974,0.0],[114.248437479000017,-8.188001682999925,0.0],[114.248441748,-8.188020920999975,0.0],[114.248443327000018,-8.188049776999947,0.0],[114.248440933000097,-8.188062721999927,0.0],[114.248442684000111,-8.188094654999929,0.0],[114.248445127000082,-8.188139206999949,0.0],[114.248447560000045,-8.18818357899994,0.0],[114.248468762000016,-8.188233330999935,0.0],[114.2484889750001,-8.188267160999942,0.0],[114.248524627000052,-8.188303454999925,0.0],[114.24857638900005,-8.188354792999974,0.0],[114.248624215000063,-8.18838750599997,0.0],[114.24868575000005,-8.188450965999948,0.0],[114.248727899000073,-8.188496311999927,0.0],[114.248759875000019,-8.188520204999975,0.0],[114.248786231000054,-8.188559754999972,0.0],[114.248806228000035,-8.188596325999981,0.0],[114.2488378380001,-8.188675751999938,0.0],[114.248874923000017,-8.188736071999926,0.0],[114.248909520000097,-8.188842629999954,0.0],[114.248923120000086,-8.188864233999936,0.0],[114.248940401000027,-8.188897629999929,0.0],[114.248956750000048,-8.188925779999977,0.0],[114.248977575000026,-8.188961670999959,0.0],[114.248989646000041,-8.188994903999969,0.0],[114.248994444,-8.189001387999951,0.0],[114.249014533000036,-8.189035952999973,0.0],[114.249014785000099,-8.189038143999937,0.0],[114.249036344000046,-8.189069985999936,0.0],[114.249065069000039,-8.189096828999936,0.0],[114.24909526700003,-8.18912120899995,0.0],[114.249138527000014,-8.18914058799993,0.0],[114.249163549000059,-8.189156401999981,0.0],[114.249184530000093,-8.189172291999967,0.0],[114.249209619000112,-8.189192069999933,0.0],[114.249234073000025,-8.189205547999961,0.0],[114.249267850000024,-8.189214479999976,0.0],[114.249302522000107,-8.189222902999973,0.0],[114.249344855000118,-8.189228740999965,0.0],[114.249379187000045,-8.189241213999935,0.0],[114.249412464000102,-8.189261855999973,0.0],[114.249464903000103,-8.189307356999961,0.0],[114.249500504000025,-8.189345003999961,0.0],[114.249540846000059,-8.189385613999946,0.0],[114.249564854000027,-8.189416840999968,0.0],[114.249588981000102,-8.189455061999979,0.0],[114.249615608000113,-8.189455619999933,0.0],[114.249661244000094,-8.18943279299998,0.0],[114.249703819000047,-8.189400296999963,0.0],[114.249754045000032,-8.189368797999975,0.0],[114.249798302000045,-8.189341041999967,0.0],[114.249818926000103,-8.189320137999971,0.0],[114.249860862000105,-8.189277631999971,0.0]]}},
{"type":"Feature","properties":{"Name":"TERSIER 1 PA 2 TAMAN KEPUNDUNG KA","Kategori":"Saluran Irigasi Tersier","DI":"Taman Kepundung","KorSDA":"Kabat","Status":null,"DI_PERMEN":"Taman Kepundung","ID_TANAH":null},"geometry":{"type":"LineString","coordinates":[[114.248892972000021,-8.188830405999965,0.0],[114.248891839000066,-8.188844819999929,0.0],[114.248879306000049,-8.188853755999958,0.0],[114.248868773000027,-8.188864570999954,0.0],[114.248856788000012,-8.18888149199995,0.0],[114.248838787000068,-8.188888626999926,0.0],[114.248822799000095,-8.18889762699996,0.0],[114.248805048,-8.18890670199994,0.0],[114.248783591,-8.188913973999945,0.0],[114.248769898000091,-8.188926721999962,0.0],[114.248766127000067,-8.18895208999993,0.0],[114.24876168600008,-8.188967594999951,0.0],[114.248751990000073,-8.188985223999964,0.0],[114.248742088000085,-8.18899900599996,0.0],[114.248737599000037,-8.189012436999974,0.0],[114.248735172000011,-8.189029453999979,0.0],[114.248734794000029,-8.18905000999996,0.0],[114.248734291,-8.189068609999936,0.0],[114.248732654000037,-8.18909638599996,0.0],[114.248728754000012,-8.189116765999927,0.0],[114.248720370000115,-8.189148161999981,0.0],[114.248708031000092,-8.189172285999973,0.0],[114.248695244000032,-8.189190725999936,0.0],[114.248679075000041,-8.189214170999946,0.0],[114.248668120000048,-8.189235580999934,0.0],[114.248653360000048,-8.18925183999994,0.0],[114.248633276000078,-8.189266523999947,0.0],[114.24861300200007,-8.189277713999957,0.0],[114.248590897000099,-8.189287223999941,0.0],[114.248563849000107,-8.189300364999951,0.0],[114.24852546000011,-8.189324244999966,0.0],[114.248487501000113,-8.189351443999954,0.0],[114.248441202000095,-8.189380545999938,0.0],[114.248403619000101,-8.189407484999947,0.0]]}},
{"type":"Feature","properties":{"Name":"TERSIER 1 PA 4 TAMAN KEPUNDUNG","Kategori":"Saluran Irigasi Tersier","DI":"Taman Kepundung","KorSDA":"Kabat","Status":null,"DI_PERMEN":"Taman Kepundung","ID_TANAH":null},"geometry":{"type":"LineString","coordinates":[[114.249869597000043,-8.189278674999969,0.0],[114.249910248000106,-8.189315528999941,0.0],[114.249951444000089,-8.189358565999953,0.0],[114.249992935000023,-8.189404722999939,0.0],[114.250051127,-8.189462001999971,0.0],[114.250089593000098,-8.189508519999947,0.0],[114.250152076000063,-8.189578025999936,0.0],[114.250203561000035,-8.189626833999966,0.0],[114.250207292000027,-8.189632793999976,0.0],[114.250245534000101,-8.189670423999928,0.0],[114.250342788000012,-8.189766059999954,0.0],[114.250378824000109,-8.189813423999965,0.0],[114.250437668000018,-8.189830990999951,0.0],[114.250486066,-8.189836872999933,0.0],[114.250571885000113,-8.189831436999953,0.0],[114.250637394000023,-8.189788287999932,0.0],[114.250684866000029,-8.189757899999961,0.0],[114.250737805000085,-8.18974594499997,0.0],[114.25074835800001,-8.189733708999938,0.0],[114.250802121000106,-8.189683755999965,0.0],[114.250841859000047,-8.189650079999979,0.0],[114.250882593000028,-8.189627663999943,0.0],[114.250938631000054,-8.18960005799994,0.0],[114.251002014000051,-8.189564111999971,0.0],[114.251058811,-8.189593611999953,0.0],[114.251114366000024,-8.18965374499993,0.0],[114.251160574000096,-8.189691818999961,0.0],[114.251206859000035,-8.189729955999951,0.0],[114.251266839000095,-8.18978997399995,0.0],[114.251343552000094,-8.189860271999976,0.0],[114.251419864000013,-8.189938366999968,0.0],[114.251497200000017,-8.19003924499998,0.0],[114.251677763000089,-8.189929400999972,0.0],[114.2517297280001,-8.189986718999933,0.0],[114.251788650000094,-8.190028240999936,0.0],[114.251848462000112,-8.190081278999969,0.0],[114.2519064170001,-8.190176518999976,0.0],[114.252038667000079,-8.190369617999977,0.0],[114.252079636000076,-8.190443203999962,0.0],[114.252132570000072,-8.190515984999934,0.0],[114.252204773000017,-8.190637121999941,0.0],[114.252254246,-8.190717802999927,0.0],[114.252263177000032,-8.19075107599997,0.0],[114.252282642000068,-8.190799657999946,0.0],[114.252278555000089,-8.190850111999964,0.0],[114.252291314000104,-8.190914576999944,0.0],[114.252322261000018,-8.190958339999952,0.0],[114.252367469000092,-8.19105927399994,0.0],[114.252417955000055,-8.191121701999975,0.0]]}},
{"type":"Feature","properties":{"Name":"SEKUNDER WARU","Kategori":"Saluran Irigasi Sekunder","DI":"Waru","KorSDA":"Kabat","Status":null,"DI_PERMEN":"Waru","ID_TANAH":null},"geometry":{"type":"LineString","coordinates":[[114.295992928000146,-8.225380635999898,0.0],[114.296041060000221,-8.225390264999874,0.0],[114.296066895000195,-8.225401506999958,0.0],[114.296080498000151,-8.225415487999953,0.0],[114.296093838000161,-8.225435606999895,0.0],[114.296102582000117,-8.225469529999884,0.0],[114.296114744000079,-8.225509569999929,0.0],[114.296118713000169,-8.22555041499993,0.0],[114.296118735000164,-8.225590598999872,0.0],[114.296118274000037,-8.225640440999882,0.0],[114.296112261000189,-8.225683392999883,0.0],[114.296112166000057,-8.225685357999964,0.0],[114.296106853000083,-8.225714338999978,0.0],[114.296101284000088,-8.225749028999928,0.0],[114.296099796000135,-8.225780079999936,0.0],[114.296097853000219,-8.225820611999893,0.0],[114.296096014000113,-8.225858982999966,0.0],[114.296096101000103,-8.225897337999925,0.0],[114.296094278000055,-8.225935260999961,0.0],[114.296098453000127,-8.225967949999927,0.0],[114.296109398000226,-8.226020036999955,0.0],[114.296115497000073,-8.226065656999936,0.0],[114.296115372000145,-8.226069370999937,0.0],[114.296142018000069,-8.226120543999912,0.0],[114.296166688000199,-8.226154577999978,0.0],[114.296191650000083,-8.226177532999941,0.0],[114.296218906000036,-8.226191559999961,0.0],[114.296249962000161,-8.226204178999922,0.0],[114.296287503000144,-8.226215624999895,0.0],[114.296324145000085,-8.22621779799988,0.0],[114.296361829000034,-8.226203672999873,0.0],[114.296400314000152,-8.226178638999954,0.0],[114.296431214000222,-8.226152689999935,0.0],[114.296457527000143,-8.22613721599987,0.0],[114.296513502000039,-8.226113976999898,0.0],[114.296581830000036,-8.22610508199989,0.0],[114.296625861000052,-8.226108243999875,0.0],[114.296633478000217,-8.226109110999971,0.0],[114.296637285000088,-8.226109543999883,0.0],[114.296746416000133,-8.226132378999921,0.0],[114.296827358000087,-8.226180813999918,0.0],[114.296860883000136,-8.226199100999963,0.0],[114.296905655000046,-8.226230972999929,0.0],[114.296932822000144,-8.22625049699991,0.0],[114.296969164000075,-8.226289887999883,0.0],[114.297011618000056,-8.22633446999987,0.0],[114.297041189000083,-8.226381004999894,0.0],[114.297049120000111,-8.226438307999899,0.0],[114.297045281000123,-8.226487683999949,0.0],[114.297047916000224,-8.226585039999975,0.0],[114.297046277000163,-8.226631962999875,0.0],[114.297045973000195,-8.226635840999904,0.0],[114.297051313000225,-8.226697006999927,0.0],[114.297051161000013,-8.226698932999909,0.0],[114.297057445000064,-8.226754233999941,0.0],[114.29705917800004,-8.226758326999914,0.0],[114.29706833900002,-8.226800031999915,0.0],[114.29708483200011,-8.226850010999954,0.0],[114.297098808000214,-8.226904994999927,0.0],[114.29711785500001,-8.226969497999903,0.0],[114.297129603000144,-8.227023218999932,0.0],[114.297136386000034,-8.227088870999921,0.0],[114.297142150000013,-8.227140967999958,0.0],[114.297141423000085,-8.227175589999888,0.0],[114.297141049000061,-8.227204651999898,0.0],[114.297138754000116,-8.227231625999934,0.0],[114.297136922000163,-8.227253146999942,0.0],[114.29716115500014,-8.227311729999883,0.0],[114.297178069000097,-8.227342264999947,0.0],[114.297219607000102,-8.227376091999872,0.0],[114.297231371000066,-8.227387064999903,0.0],[114.297272811000084,-8.227424221999968,0.0],[114.297300768000014,-8.227478145999896,0.0],[114.297316696000053,-8.227523939999969,0.0],[114.297332373000017,-8.227572595999902,0.0],[114.297358873000121,-8.227644017999921,0.0],[114.297370422000085,-8.227706854999894,0.0],[114.29737393500011,-8.227750012999934,0.0],[114.297385378000058,-8.227812205999896,0.0],[114.297403855000084,-8.227856883999891,0.0],[114.297412339000061,-8.227915061999909,0.0],[114.297439612000176,-8.227960423999946,0.0],[114.297475483000198,-8.228009644999929,0.0],[114.297478071000228,-8.228015909999897,0.0],[114.297507800000062,-8.228064076999885,0.0],[114.297552386,-8.228114115999915,0.0],[114.297585350000077,-8.228156581999883,0.0],[114.297626354000158,-8.228208619999918,0.0],[114.297652919000143,-8.228252777999955,0.0],[114.297655451000082,-8.228258910999955,0.0],[114.297664360000113,-8.228300615999899,0.0],[114.297670512000082,-8.228338902999894,0.0],[114.297673226000143,-8.228342120999969,0.0],[114.297673729000053,-8.228376659999981,0.0],[114.297660109000162,-8.228403607999894,0.0],[114.297642840000094,-8.228441433999933,0.0],[114.297631445000093,-8.228479838999931,0.0],[114.297629523000069,-8.228507924999917,0.0],[114.297635475000106,-8.228548125999964,0.0],[114.29765291700005,-8.228589520999947,0.0],[114.297655403000135,-8.228595416999951,0.0],[114.297664540000142,-8.228630026999895,0.0],[114.297670187000108,-8.228672415999938,0.0],[114.297691990000089,-8.228730298999949,0.0],[114.297686227000213,-8.228770894999911,0.0],[114.297685632000025,-8.228779052999869,0.0],[114.297671876000209,-8.228810299999907,0.0],[114.297651704000145,-8.228851599999928,0.0],[114.297627942000076,-8.228905863999898,0.0],[114.29759363800008,-8.22895326999992,0.0],[114.297572582000157,-8.229015242999878,0.0],[114.297552362000033,-8.229066260999957,0.0],[114.297541608000074,-8.229102166999894,0.0],[114.297536612000158,-8.22913591899993,0.0],[114.297534683000094,-8.229195165999954,0.0],[114.297553047000179,-8.229244569999935,0.0],[114.297579073000065,-8.229294700999901,0.0],[114.297608541000159,-8.229356681999889,0.0],[114.297634406000043,-8.229402438999955,0.0],[114.297680572000218,-8.229443419999882,0.0],[114.29773049500011,-8.229476957999907,0.0],[114.29776471200023,-8.229504432999875,0.0],[114.297826925000095,-8.229516627999885,0.0],[114.297890042000063,-8.229506168999933,0.0],[114.297971884000162,-8.229509662999931,0.0],[114.298029909000206,-8.229517518999955,0.0],[114.298122880000165,-8.229522548999967,0.0],[114.298191160000101,-8.229546910999943,0.0],[114.298198377000062,-8.229555429999891,0.0],[114.298241776000054,-8.229598703999955,0.0],[114.298245339000118,-8.22960291499993,0.0],[114.298269244000039,-8.229647143999955,0.0],[114.298272792000148,-8.229651335999961,0.0],[114.298292552000021,-8.229698559999918,0.0],[114.298311978000015,-8.229749254999945,0.0],[114.298342653000191,-8.229797319999932,0.0],[114.298379713000031,-8.229856848999873,0.0],[114.298412060000146,-8.229875322999931,0.0],[114.298421079000036,-8.229905654999925,0.0],[114.298432193000053,-8.229958016999888,0.0],[114.298435360000099,-8.229965664999952,0.0],[114.298446690000105,-8.230014191999942,0.0],[114.298446179000052,-8.230021388999944,0.0],[114.298457869000117,-8.230066225999906,0.0],[114.298473711000156,-8.230104178999909,0.0],[114.298488060000182,-8.230159702999913,0.0],[114.298491450000142,-8.230163674999972,0.0],[114.298510364000094,-8.23020514399991,0.0],[114.298542127000132,-8.230269270999884,0.0],[114.298581587000058,-8.230326910999963,0.0],[114.298619277000171,-8.230359459999931,0.0],[114.298650491000217,-8.230380637999872,0.0],[114.298700674000202,-8.23039341499998,0.0],[114.298711243000071,-8.230398137999941,0.0],[114.298756715000081,-8.23042085499992,0.0],[114.298790576000215,-8.230449187999966,0.0],[114.298861012000089,-8.230474618999949,0.0],[114.298925772000189,-8.230481937999912,0.0],[114.298989782000149,-8.230496143999915,0.0],[114.29905779000012,-8.23050369799995,0.0],[114.299132871000211,-8.230511972999921,0.0],[114.299150753000049,-8.230513943999881,0.0],[114.299161844000196,-8.230511679999893,0.0],[114.29923636400008,-8.230491965999931,0.0],[114.299315409000201,-8.230465679999895,0.0],[114.299396248000221,-8.230425434999972,0.0],[114.299404225000217,-8.230419276999896,0.0],[114.299447366000209,-8.230360548999897,0.0],[114.299479462000136,-8.230303864999939,0.0],[114.299553610000089,-8.230233685999906,0.0],[114.299651933000177,-8.230180035999979,0.0],[114.299709516,-8.230161169999917,0.0],[114.299788544000194,-8.230148383999961,0.0],[114.299862239000163,-8.230149354999924,0.0],[114.299971464,-8.230161439999961,0.0],[114.300077057000181,-8.230173122999929,0.0],[114.300162027000056,-8.230200480999883,0.0],[114.300207383000043,-8.230219849999912,0.0],[114.300284431000023,-8.230249877999881,0.0],[114.300340586000175,-8.230270410999935,0.0],[114.300428873000101,-8.230298061999974,0.0],[114.300502544000096,-8.230324076999921,0.0],[114.300573037000163,-8.230346152999971,0.0],[114.300651264000066,-8.230365509999956,0.0],[114.300718561000053,-8.230383649999965,0.0],[114.300776595000116,-8.230390073999956,0.0],[114.300823644000161,-8.23039532699994,0.0],[114.300896758000022,-8.230396516999974,0.0],[114.300914738000074,-8.230398567999941,0.0],[114.300957280000034,-8.230406989999949,0.0],[114.300997990000042,-8.23042590599988,0.0],[114.301026137000122,-8.230411270999923,0.0],[114.301100466000207,-8.230365908999886,0.0],[114.301164111000048,-8.230344049999871,0.0],[114.301238303000105,-8.230326846999958,0.0],[114.301325042000144,-8.230303703999937,0.0],[114.301396315000034,-8.230304123999872,0.0],[114.301458948000118,-8.23031084299987,0.0],[114.301540757000112,-8.230285907999871,0.0],[114.301645764000114,-8.230264450999869,0.0],[114.30170618700015,-8.230241664999937,0.0],[114.30175368800019,-8.230195365999919,0.0],[114.301817706000179,-8.23014597699995,0.0],[114.301877458000149,-8.230081992999942,0.0],[114.301933467000026,-8.23001222399995,0.0],[114.301977844000135,-8.229953909999949,0.0],[114.3020393500002,-8.229887781999878,0.0],[114.302088761000164,-8.229819455999916,0.0],[114.302151757000047,-8.229765970999949,0.0],[114.302237204000107,-8.22975698099998,0.0],[114.302310109000132,-8.229755922999971,0.0],[114.302417616000071,-8.229758802999925,0.0],[114.302426227000183,-8.229759788999957,0.0],[114.30250844800014,-8.229755418999957,0.0],[114.302595298000028,-8.229751689999887,0.0],[114.302699021000194,-8.229783186999953,0.0],[114.302780724000058,-8.229821602999891,0.0],[114.30285738900011,-8.229883506999954,0.0],[114.30288143000007,-8.229947651999964,0.0],[114.302892686000177,-8.230000365999956,0.0],[114.302920832000154,-8.230059501999961,0.0],[114.303033597000194,-8.230088385999977,0.0],[114.303112978000058,-8.230121365999935,0.0],[114.303258357000118,-8.230135003999976,0.0],[114.303446708000138,-8.230126414999972,0.0],[114.303543566000144,-8.230122492999953,0.0],[114.303643601000203,-8.230091305999906,0.0],[114.303737403000127,-8.23006484299998,0.0],[114.303851360000067,-8.230052290999879,0.0],[114.303974963000087,-8.230041321999977,0.0],[114.304058777000023,-8.230041500999903,0.0],[114.304123602000232,-8.230011426999965,0.0],[114.304182310000101,-8.229936104999979,0.0],[114.304238044000044,-8.229837983999914,0.0],[114.304352338000058,-8.229669330999911,0.0],[114.30440533,-8.229598159999966,0.0],[114.304480602000012,-8.229529825999919,0.0],[114.304566025000099,-8.229468300999883,0.0],[114.304652414000088,-8.229401137999957,0.0],[114.304748829000118,-8.229346407999913,0.0],[114.304849598000033,-8.229303393999942,0.0],[114.304949179,-8.229271405999953,0.0],[114.305052402000115,-8.229256762999967,0.0],[114.305168965000121,-8.229272085999924,0.0],[114.305351886000039,-8.229268266999952,0.0],[114.305508426000188,-8.229283170999963,0.0],[114.305613423000068,-8.229287767999949,0.0],[114.305685783000058,-8.229296993999924,0.0],[114.305786842000089,-8.229304200999934,0.0],[114.305898759000229,-8.229318633999924,0.0],[114.30598640900007,-8.229353252999886,0.0],[114.306059934000018,-8.229408829999954,0.0],[114.306122742000071,-8.229502845999889,0.0],[114.306159471000115,-8.229576214999952,0.0],[114.306201837000117,-8.22965028699997,0.0],[114.306221479000101,-8.229721196999947,0.0],[114.306255783000097,-8.229811032999919,0.0],[114.306278121000219,-8.229859429999919,0.0],[114.306304619000116,-8.229919708999944,0.0],[114.306373308000161,-8.230008292999969,0.0],[114.30641031100015,-8.230075574999944,0.0],[114.306443135000222,-8.230130938999935,0.0],[114.306503632000158,-8.23019566499994,0.0],[114.306567442000073,-8.230266325999935,0.0],[114.306629206000025,-8.230314166999904,0.0],[114.306666883000048,-8.23033051099992,0.0],[114.306726377000018,-8.23039508599993,0.0],[114.306760975000202,-8.230433706999918,0.0],[114.306834893000087,-8.230477601999894,0.0],[114.306882337000047,-8.230506632999948,0.0],[114.306946013000015,-8.230543496999871,0.0],[114.307010477000063,-8.230574801999978,0.0],[114.3070757280002,-8.23060054299998,0.0],[114.307165569000063,-8.230618132999894,0.0],[114.307213735,-8.230633267999906,0.0],[114.307300834000216,-8.230638787999908,0.0],[114.30738133400007,-8.230652273999965,0.0],[114.307453818000226,-8.230662030999895,0.0],[114.307523626000147,-8.230671637999876,0.0],[114.307592490000161,-8.230689987999881,0.0],[114.307642336000185,-8.230720479999945,0.0],[114.307686590000117,-8.230747202999908,0.0],[114.307729517000212,-8.23078547199998,0.0],[114.307770389000211,-8.23084090499998,0.0],[114.307817818000103,-8.230861984999933,0.0],[114.307880585000134,-8.230876389999878,0.0],[114.307903481000039,-8.230879331999915,0.0],[114.307934972000226,-8.230883373999916,0.0],[114.307973078000032,-8.230905811999889,0.0],[114.308006513,-8.230942088999882,0.0],[114.308028079000223,-8.231002714999931,0.0],[114.308048517000088,-8.231048659999942,0.0],[114.308071782000184,-8.231094903999917,0.0],[114.308085001000109,-8.231128254999931,0.0],[114.308099981000169,-8.231170395999868,0.0],[114.308139555000025,-8.231224323999982,0.0],[114.308176560000106,-8.231274957999972,0.0],[114.308210644000155,-8.231325114999947,0.0],[114.308255784000153,-8.231356749999918,0.0],[114.308304837000037,-8.231380351999917,0.0],[114.308374756000035,-8.231420924999895,0.0],[114.30845103300021,-8.231456631999947,0.0],[114.308527384000058,-8.231512160999898,0.0],[114.308580707000147,-8.231544791999909,0.0],[114.308626259000107,-8.231570630999954,0.0],[114.308695723000028,-8.231610943999897,0.0],[114.308729820000053,-8.231635228999949,0.0],[114.308765495000102,-8.231648435999887,0.0],[114.308812912,-8.231660387999909,0.0],[114.308855472,-8.231666056999927,0.0],[114.308913829000176,-8.23168228399993,0.0],[114.309004355000184,-8.231677428999888,0.0],[114.309052792000216,-8.231664120999937,0.0],[114.309127085000227,-8.231634421999956,0.0],[114.309189291000052,-8.231608685999959,0.0],[114.309250545000054,-8.23157137599992,0.0],[114.309316154000157,-8.231525964999889,0.0],[114.309366904000058,-8.23148407399998,0.0],[114.309434101000193,-8.231449949999899,0.0],[114.309506280000051,-8.231404827999881,0.0],[114.309562859000039,-8.231383457999925,0.0],[114.30962146100012,-8.231368084999872,0.0],[114.30969845900006,-8.231349307999949,0.0],[114.309774113000117,-8.23133900199997,0.0],[114.309898272000169,-8.231288950999897,0.0],[114.309947133000037,-8.231276693999973,0.0],[114.310055590000047,-8.231226143999947,0.0],[114.31016033700007,-8.23117861299994,0.0],[114.310217305000151,-8.231131563999952,0.0],[114.310302753000087,-8.231084503999966,0.0],[114.310380245000147,-8.23103996899988,0.0],[114.310472754000102,-8.23097317099996,0.0],[114.310549851000133,-8.230903533999879,0.0],[114.310596960000225,-8.230849354999918,0.0],[114.310682036000117,-8.230788170999972,0.0],[114.310751735000167,-8.230719735999969,0.0],[114.310826973000189,-8.230676505999952,0.0],[114.310909332000165,-8.230613198999947,0.0],[114.310982483000089,-8.23056072299994,0.0],[114.311069447000136,-8.23050141799996,0.0],[114.31118223600015,-8.230441190999898,0.0],[114.311261592000164,-8.230384097999888,0.0],[114.311372873000209,-8.23031390899996,0.0],[114.311438406000207,-8.230270496999935,0.0],[114.311506556000154,-8.230240325999887,0.0],[114.311575670000025,-8.230205698999896,0.0],[114.311660403000019,-8.230155232999891,0.0],[114.311730291000117,-8.230120249999914,0.0],[114.311766710000029,-8.230080681999937,0.0],[114.311827270000094,-8.230053082999973,0.0],[114.31186051200018,-8.230008257999884,0.0],[114.31192649400009,-8.229976556999929,0.0],[114.311974961000146,-8.229946883999958,0.0],[114.312044496000112,-8.229910936999943,0.0],[114.312113379000039,-8.229884323999954,0.0],[114.312189534000026,-8.229863814999931,0.0],[114.312242936000189,-8.229835372999901,0.0],[114.312287648000165,-8.229813890999878,0.0],[114.312350140000149,-8.229775813999936,0.0],[114.312410885000077,-8.229753440999957,0.0],[114.312453282000206,-8.229752917999917,0.0],[114.312527040000077,-8.229756027999883,0.0],[114.312597218000178,-8.229745381999976,0.0],[114.312634284000069,-8.229722938999942,0.0],[114.312674586000185,-8.229695517999971,0.0],[114.312727755000083,-8.229672195999967,0.0],[114.31277044400008,-8.229647672999931,0.0],[114.312834825000209,-8.229620220999948,0.0],[114.312876715000129,-8.229603559999873,0.0],[114.312920077000172,-8.229573718999916,0.0],[114.312961101000155,-8.229540941999971,0.0],[114.313002137000012,-8.229508154999905,0.0],[114.313029377000134,-8.229479180999931,0.0],[114.31306806200007,-8.229443467999886,0.0],[114.313102693000019,-8.229420627999957,0.0],[114.31315300000017,-8.229402105999952,0.0],[114.313173283000083,-8.229388324999945,0.0],[114.313248210000211,-8.229379362999907,0.0],[114.31330087300023,-8.229364304999933,0.0],[114.313362315000177,-8.229337875999931,0.0],[114.313415973000133,-8.229310588999908,0.0],[114.313461039000117,-8.229298800999914,0.0],[114.313518101000227,-8.229292330999897,0.0],[114.313578722000216,-8.229294380999875,0.0],[114.313623010000128,-8.229298864999919,0.0],[114.313675383000145,-8.229304164999974,0.0],[114.31374795000022,-8.229311507999967,0.0],[114.313792325,-8.22931599899988,0.0],[114.313845682000078,-8.229309119999868,0.0],[114.31389970500004,-8.229294096999979,0.0],[114.313959705000229,-8.229255001999945,0.0],[114.313993982000056,-8.229233776999934,0.0],[114.31404702500015,-8.229234996999935,0.0],[114.314075972000182,-8.22928315799993,0.0],[114.3141149060001,-8.229307623999944,0.0],[114.314150584000117,-8.229323656999895,0.0],[114.314207287000045,-8.229333692999944,0.0],[114.314284014000123,-8.229349922999972,0.0],[114.314332901000171,-8.229355035999959,0.0],[114.31439950500021,-8.229345587999944,0.0],[114.314468804000171,-8.229352834999929,0.0],[114.314529957000104,-8.229359230999933,0.0],[114.314607053000145,-8.229371398999945,0.0],[114.314687698000171,-8.22943313199994,0.0],[114.314735601000052,-8.229491306999932,0.0],[114.314782755000124,-8.229512439999894,0.0],[114.314852138000219,-8.229515330999959,0.0],[114.314917527000034,-8.229517787999896,0.0],[114.315006999000161,-8.229526721999946,0.0],[114.315064267000139,-8.229569137999874,0.0],[114.315114868000137,-8.229635276999943,0.0],[114.315165204000209,-8.229664738999872,0.0],[114.315220043000181,-8.22969059299993,0.0],[114.315296137000132,-8.22971055499994,0.0],[114.315349136000123,-8.229715982999949,0.0],[114.315407613000048,-8.229709758999888,0.0],[114.31546886600006,-8.229716027999871,0.0],[114.315547843000104,-8.229748486999881,0.0],[114.315625424000132,-8.229792988999918,0.0],[114.315722482000069,-8.229847590999952,0.0],[114.315825576000066,-8.22988655499995,0.0],[114.315912301000139,-8.229923852999946,0.0],[114.316012382000167,-8.229954412999973,0.0],[114.316160845000013,-8.229998080999962,0.0],[114.316259420000165,-8.230036783999935,0.0],[114.31635330000006,-8.230082963999962,0.0],[114.31642984500013,-8.230103052999937,0.0],[114.316491564000103,-8.23010946699992,0.0],[114.316582712000013,-8.230114888999935,0.0],[114.316695418000108,-8.230086034999943,0.0],[114.316789666000091,-8.23007142299997,0.0],[114.316873293000071,-8.230043462999959,0.0],[114.317000473000121,-8.229999702999976,0.0],[114.317298677740496,-8.230358487788521,0.0],[114.317541382763125,-8.230586916045013,0.0],[114.317798364551663,-8.230886728131736,0.0],[114.317812641317687,-8.231200816984597,0.0],[114.317941132211899,-8.231543459369391,0.0],[114.318141006936571,-8.232043146180615,0.0],[114.318326604894878,-8.232271574437164,0.0],[114.318483649321252,-8.232614216822071,0.0],[114.318697800811833,-8.233071073335111,0.0],[114.318940505834348,-8.233370885421834,0.0],[114.319183210856977,-8.233585036912416,0.0],[114.319383085581421,-8.233742081338846,0.0],[114.319568683539956,-8.233884848999196,0.0],[114.319797111796561,-8.234013339893409,0.0],[114.320154030947492,-8.234170384319839,0.0],[114.320496673332173,-8.234441642874515,0.0],[114.320753655120939,-8.234798562025333,0.0],[114.320882146015265,-8.235112650878136,0.0],[114.321024913675501,-8.23541246296486,0.0],[114.321024913675501,-8.235783658881815,0.0],[114.321181958101874,-8.23604064067041,0.0],[114.321353279294271,-8.236211961862864,0.0],[114.321838689339643,-8.236583157779705,0.0],[114.322138501426252,-8.236711648674088,0.0],[114.322509697343094,-8.236925800164556,0.0],[114.323820780357323,-8.237410020479274,0.0],[114.324391850998836,-8.237676520111961,0.0],[114.325933741730523,-8.238476019009852,0.0],[114.327799239159049,-8.239808517173174,0.0],[114.32823705998419,-8.240246337998258,0.0],[114.32878909493752,-8.240760301575449,0.0],[114.329379201266988,-8.241274265152754,0.0],[114.330311949981251,-8.24201665698655,0.0],[114.330749770806278,-8.24237833505947,0.0],[114.331035306127092,-8.242511584875786,0.0],[114.331834805025096,-8.242816155884555,0.0],[114.332558161170709,-8.243082655517128,0.0],[114.333433802820878,-8.243368190837884,0.0],[114.334119087590693,-8.243634690470572,0.0],[114.33493762217654,-8.243748904598817,0.0],[114.335622906946242,-8.243882154415189,0.0],[114.336346263092082,-8.243939261479227,0.0],[114.337126726301904,-8.24403443991946,0.0],[114.337507440062836,-8.244072511295656,0.0],[114.337735868319442,-8.244262868176122,0.0],[114.337888153823769,-8.244453225056532,0.0],[114.338078510704236,-8.24468165331308,0.0],[114.338820902538146,-8.244967188633836,0.0],[114.33971557987627,-8.245271759642492,0.0],[114.339582330060125,-8.245823794595879,0.0],[114.339468115931822,-8.246185472668799,0.0],[114.340134365013341,-8.246585222117801,0.0],[114.340762542718835,-8.247042078630898,0.0],[114.341162292167951,-8.247365685327679,0.0],[114.342304433450636,-8.247822541840833,0.0],[114.343065860972501,-8.248241326977848,0.0],[114.34365596730197,-8.247651220648322,0.0],[114.343941502622783,-8.247917720281009,0.0],[114.34413185950325,-8.248050970097324,0.0],[114.344531608952252,-8.247765434776625,0.0],[114.344626787392485,-8.247708327712473,0.0],[114.346625534637383,-8.248450719546327,0.0]]}},
{"type":"Feature","properties":{"Name":"TERSIER PA GAYAM","Kategori":"Saluran Irigasi Tersier","DI":"Waru","KorSDA":"Kabat","Status":null,"DI_PERMEN":"Waru","ID_TANAH":null},"geometry":{"type":"LineString","coordinates":[[114.30927036300011,-8.231635288999939,0.0],[114.309282919000111,-8.231672425999932,0.0],[114.309302786000103,-8.23171094099996,0.0],[114.309321536000084,-8.231742204999932,0.0],[114.309346201000039,-8.231782143999965,0.0],[114.309375418000059,-8.23182135199994,0.0],[114.309395271000085,-8.231861601999981,0.0],[114.30943582000009,-8.231915605999973,0.0],[114.309470988000044,-8.231948849999981,0.0],[114.309496836000108,-8.231983161999949,0.0],[114.309521381000081,-8.23202478099995,0.0],[114.309541920000015,-8.232071479999945,0.0],[114.309558789000107,-8.232109048999973,0.0],[114.309581925000089,-8.23217571899994,0.0],[114.309597563000011,-8.232256397999947,0.0],[114.309606095000049,-8.232319092999944,0.0],[114.309623451000107,-8.232396051999956,0.0],[114.309631540000055,-8.23245564399997,0.0],[114.309649988000047,-8.232557931999963,0.0],[114.309663565000051,-8.232657407999966,0.0],[114.309674952000023,-8.23274083299998,0.0],[114.309689671000115,-8.23279936299997,0.0]]}},
{"type":"Feature","properties":{"Name":"TERSIER PA WISTO","Kategori":"Saluran Irigasi Tersier","DI":"Waru","KorSDA":"Kabat","Status":null,"DI_PERMEN":"Waru","ID_TANAH":null},"geometry":{"type":"LineString","coordinates":[[114.309798243000046,-8.231356861999927,0.0],[114.309808742000087,-8.231402198999945,0.0],[114.309821455000019,-8.231457104999947,0.0],[114.30986000300004,-8.231506730999968,0.0],[114.309900194000079,-8.231549159999929,0.0],[114.309959107000054,-8.231598070999951,0.0],[114.310009462000039,-8.231638596999971,0.0],[114.31006620900007,-8.23170758599997,0.0],[114.31014015400001,-8.231779365999955,0.0],[114.310181490000105,-8.231827393999936,0.0],[114.310182954000084,-8.231833698999935,0.0],[114.310213523000016,-8.231893445999958,0.0],[114.310258434000048,-8.231943531999946,0.0],[114.31027158400002,-8.231957267999974,0.0],[114.310311980000051,-8.231988415999979,0.0],[114.310336021000012,-8.232006440999953,0.0],[114.310390326000061,-8.232041151999965,0.0],[114.310434577000024,-8.232090604999939,0.0],[114.310493335000046,-8.232146587999978,0.0],[114.310550698000043,-8.232212100999959,0.0],[114.310603267000033,-8.232271786999945,0.0],[114.310644184000012,-8.232323936999933,0.0],[114.310652441000116,-8.232331791999968,0.0],[114.31069018900007,-8.232400009999935,0.0],[114.310730650000096,-8.232451692999973,0.0],[114.310772244000077,-8.232509155999935,0.0],[114.310804957000073,-8.232544430999951,0.0],[114.310842108000088,-8.232603122999933,0.0],[114.310924160000013,-8.232694776999949,0.0],[114.311005414000078,-8.232785809999939,0.0],[114.31109131200003,-8.232856934999973,0.0],[114.311104197000077,-8.232872915999963,0.0],[114.311159445000044,-8.232931540999971,0.0],[114.311218567000083,-8.233007689999965,0.0],[114.311315915000023,-8.233112390999963,0.0],[114.311437718000093,-8.233225298999969,0.0],[114.311540981,-8.233318538999981,0.0],[114.311623137000083,-8.233379319999926,0.0],[114.311693947000094,-8.233473710999931,0.0],[114.311802546000081,-8.233596073999934,0.0]]}},
{"type":"Feature","properties":{"Name":"TERSIER PA SIBA","Kategori":"Saluran Irigasi Tersier","DI":"Waru","KorSDA":"Kabat","Status":null,"DI_PERMEN":"Waru","ID_TANAH":null},"geometry":{"type":"LineString","coordinates":[[114.31180990200005,-8.230087760999936,0.0],[114.311833868,-8.230076938999957,0.0],[114.311849728000084,-8.230055556999957,0.0],[114.311879170000111,-8.230041597999957,0.0],[114.311907880000035,-8.23003386399995,0.0],[114.311940512000092,-8.230045658999927,0.0],[114.311977468,-8.230058654999937,0.0],[114.312017205000075,-8.230075198999941,0.0],[114.312055838000106,-8.230085893999956,0.0],[114.312083971000106,-8.230094606999955,0.0],[114.312120617,-8.230105711999954,0.0],[114.312179939000089,-8.230128709999974,0.0],[114.312205015000018,-8.230142177999937,0.0],[114.312212081000098,-8.230146925999975,0.0],[114.312230541000076,-8.230157625999936,0.0],[114.312240344000088,-8.230135273999963,0.0],[114.312250323000058,-8.230102668999962,0.0],[114.312265127000046,-8.230052744999966,0.0],[114.312279943000021,-8.230002781999929,0.0],[114.312296694000111,-8.229962622999949,0.0],[114.312310664000051,-8.22992912999996,0.0],[114.31231751100006,-8.229901143999939,0.0],[114.312328699000091,-8.22987431699994,0.0],[114.312360022,-8.22985568799993,0.0],[114.312402820000102,-8.229853175999949,0.0],[114.312446109,-8.22985263399994,0.0],[114.312484350000091,-8.229846961999954,0.0],[114.312515019000102,-8.229855173999965,0.0],[114.312538280000012,-8.229836064999972,0.0],[114.312546483,-8.22979320099995,0.0],[114.312565776000042,-8.229774850999945,0.0]]}},
{"type":"Feature","properties":{"Name":"Saluran Sekunder Kancil I","Kategori":"Saluran Irigasi Sekunder","DI":"Kancil I","KorSDA":"Kabat","Status":null,"DI_PERMEN":"Kancil I","ID_TANAH":null},"geometry":{"type":"LineString","coordinates":[[114.232419074000063,-8.188928200999953,0.0],[114.232442971000069,-8.18903745199998,0.0],[114.232458737000115,-8.189161321999961,0.0],[114.232470878000072,-8.189214328999981,0.0],[114.23246237,-8.189284269999973,0.0],[114.232470121,-8.189330464999955,0.0],[114.232518431000017,-8.189384670999971,0.0],[114.232554363000077,-8.189404307999951,0.0],[114.232657671000084,-8.189414123999939,0.0],[114.232728387000066,-8.189417926999965,0.0],[114.23279396800001,-8.189409722999926,0.0],[114.232848028000035,-8.189439093999965,0.0],[114.232894118000104,-8.189496511999948,0.0],[114.232943887000033,-8.189539854999964,0.0],[114.233102183000028,-8.189523313999928,0.0],[114.233214720000092,-8.18950308899997,0.0],[114.233277927000017,-8.189538548999963,0.0],[114.233374433000108,-8.189557659999934,0.0],[114.233488682000029,-8.189557100999934,0.0],[114.233526103000031,-8.189570712999966,0.0],[114.233618492,-8.189638996999975,0.0],[114.233659734000071,-8.189684683999928,0.0],[114.233659465000073,-8.189732011999979,0.0],[114.233762237000064,-8.189850544999956,0.0],[114.233856448000097,-8.189958410999964,0.0],[114.233930389000079,-8.190026086999978,0.0]]}},
{"type":"Feature","properties":{"Name":"Saluran Sekunder Kancil II","Kategori":"Saluran Irigasi Sekunder","DI":"Kancil II","KorSDA":"Kabat","Status":null,"DI_PERMEN":"Kancil II","ID_TANAH":null},"geometry":{"type":"LineString","coordinates":[[114.236189244000229,-8.186615926999878,0.0],[114.236294192000173,-8.186724036999919,0.0],[114.236387607000211,-8.186813282999879,0.0],[114.236434656000029,-8.186917634999872,0.0],[114.236522992000118,-8.187001988999953,0.0],[114.236703082000076,-8.18710621699995,0.0],[114.236835414000211,-8.187179361999881,0.0],[114.237002629000131,-8.187172553999915,0.0],[114.237085817000207,-8.18715293899993,0.0],[114.237263694000148,-8.187148667999907,0.0],[114.237346836000029,-8.187148931999957,0.0],[114.237427953000065,-8.187194612999974,0.0],[114.237531080000053,-8.187285791999955,0.0],[114.237586224000097,-8.187351916999944,0.0],[114.23759239900005,-8.18741371699997,0.0],[114.23759034200009,-8.187485036999931,0.0],[114.237643658000138,-8.187557053999967,0.0],[114.237674448,-8.187593313999912,0.0],[114.237706881000122,-8.187636591999876,0.0],[114.23770997500003,-8.187713959999883,0.0],[114.238467985777675,-8.188051012998812,0.0],[114.239353145272048,-8.188422208915767,0.0],[114.239667234124681,-8.189050386621318,0.0],[114.239852832083216,-8.189535796666462,0.0],[114.240109813871754,-8.189892715817393,0.0],[114.240409625958591,-8.190249634968268,0.0],[114.240780821875433,-8.190763598545459,0.0],[114.241180571324435,-8.191049133866215,0.0],[114.241837302561976,-8.191420329783057,0.0],[114.24249403379963,-8.191834355998139,0.0],[114.243193595335356,-8.192291212511293,0.0],[114.243564791252197,-8.192548194299832,0.0],[114.243836049806873,-8.192919390216787,0.0],[114.243978817467337,-8.193333416431813,0.0],[114.244093031595639,-8.193618951752512,0.0],[114.244521334576575,-8.194004424435434,0.0],[114.244692655769086,-8.194218575926016,0.0],[114.244878253727393,-8.194632602140928,0.0],[114.245006744621946,-8.194989521291802,0.0],[114.244992467855695,-8.195560591933315,0.0],[114.245120958750022,-8.195946064616237,0.0],[114.245263726410485,-8.19623159993688,0.0],[114.245463601134929,-8.196474304959452,0.0],[114.245563538497095,-8.196759840280151,0.0],[114.245806243519723,-8.197031098834884,0.0],[114.246034671776329,-8.197273803857456,0.0],[114.246191716202702,-8.197487955348038,0.0],[114.246163162670769,-8.19790198156295,0.0],[114.246091778840537,-8.198130409819555,0.0],[114.245891904116093,-8.198444498672359,0.0],[114.245863350583932,-8.198772864291129,0.0],[114.245991841478144,-8.199001292547678,0.0],[114.246248823266797,-8.19927255110241,0.0],[114.246877000972404,-8.199429595528784,0.0],[114.247048322164915,-8.199600916721124,0.0],[114.247205366591174,-8.199800791445625,0.0],[114.247448071613917,-8.200143433830476,0.0],[114.247590839274153,-8.200343308554977,0.0],[114.247676499870295,-8.200571736811582,0.0],[114.247733606934617,-8.200685950939885,0.0],[114.247804990764621,-8.200900102430353,0.0],[114.247876374594853,-8.201071423622807,0.0],[114.248061972553387,-8.201257021581227,0.0],[114.2481904634476,-8.201385512475497,0.0],[114.24850455230046,-8.20151400336988,0.0],[114.249061346175836,-8.201785261924499,0.0],[114.249703800647353,-8.201970859883033,0.0],[114.250132103628516,-8.202113627543383,0.0]]}},
{"type":"Feature","properties":{"Name":"Saluran Sekunder Kedawung I","Kategori":"Saluran Irigasi Sekunder","DI":"Kedawung I","KorSDA":"Kabat","Status":null,"DI_PERMEN":"Kedawung I","ID_TANAH":null},"geometry":{"type":"LineString","coordinates":[[114.240353747000086,-8.200605551999956,0.0],[114.240269961000081,-8.200685453999938,0.0],[114.240220063000038,-8.200809764999974,0.0],[114.240250579000076,-8.200863149999975,0.0],[114.240222507000112,-8.200943347999953,0.0],[114.240162195000039,-8.201032014999953,0.0],[114.240126859000043,-8.20109376299996,0.0],[114.240081085000043,-8.201176941999961,0.0],[114.24001179600009,-8.201270443999931,0.0],[114.239976054000067,-8.201292743999943,0.0],[114.239962645000105,-8.20133151899995,0.0],[114.239994943000056,-8.201363520999962,0.0],[114.239943355000037,-8.20144690199993,0.0],[114.239941135000095,-8.201505893999979,0.0],[114.239970993000043,-8.201570325999967,0.0]]}},
{"type":"Feature","properties":{"Name":"Saluran Sekunder Kedawung II","Kategori":"Saluran Irigasi Sekunder","DI":"Kedawung II","KorSDA":"Kabat","Status":null,"DI_PERMEN":"Kedawung II","ID_TANAH":null},"geometry":{"type":"LineString","coordinates":[[114.263426787000071,-8.223993702999962,0.0],[114.263495224000053,-8.224025912999934,0.0],[114.263516480000021,-8.224079632999974,0.0],[114.263533846000087,-8.224123640999949,0.0],[114.263537536000058,-8.22417792899995,0.0],[114.263551712000094,-8.224240320999968,0.0],[114.263579411000023,-8.224299779999967,0.0],[114.263627974000087,-8.22434805499995,0.0],[114.263704943000107,-8.224403947999974,0.0],[114.263756726000111,-8.224420426999927,0.0],[114.263804123000114,-8.224405093999962,0.0],[114.263850883000032,-8.224399084999959,0.0],[114.263922381000043,-8.224396136999928,0.0],[114.26396025400004,-8.224393464999935,0.0],[114.264011445000051,-8.22436404299998,0.0],[114.26404299,-8.224361709999926,0.0],[114.264102627000057,-8.224329158999979,0.0],[114.264160878000098,-8.224303481999925,0.0],[114.264218883000012,-8.224297179999951,0.0]]}},
{"type":"Feature","properties":{"Name":"Saluran Sekunder Makruman","Kategori":"Saluran Irigasi Sekunder","DI":"Makruman","KorSDA":"Kabat","Status":null,"DI_PERMEN":"Makruman","ID_TANAH":null},"geometry":{"type":"LineString","coordinates":[[114.253999466000096,-8.181575295999949,0.0],[114.25416498200002,-8.181655207999938,0.0],[114.254346896000015,-8.181710368999973,0.0],[114.254403007000064,-8.181732814999975,0.0],[114.254457733000095,-8.181775429999959,0.0],[114.254526364000071,-8.181808257999933,0.0],[114.254593758000055,-8.181833758999971,0.0],[114.254675012,-8.181854419999979,0.0],[114.254738065000083,-8.181885791999946,0.0],[114.254766621000044,-8.181905752999967,0.0],[114.254773102000058,-8.181956887999945,0.0],[114.254706734000024,-8.182206659999963,0.0],[114.254715557000054,-8.182242120999945,0.0],[114.254747099000042,-8.182278708999945,0.0],[114.25475812500008,-8.182340730999954,0.0],[114.25472142600006,-8.182513524999933,0.0],[114.254684923000013,-8.182553937999955,0.0],[114.254668633000051,-8.182606900999929,0.0],[114.254713089,-8.182652552999969,0.0],[114.254781764000086,-8.182702694999932,0.0],[114.254872554000031,-8.182749571999977,0.0],[114.254930253000111,-8.182761142999937,0.0],[114.254971493000085,-8.182782410999948,0.0],[114.254981494000049,-8.182799642999953,0.0],[114.254925492000098,-8.182929951999938,0.0],[114.254930272000024,-8.182940752999968,0.0],[114.255014951000021,-8.183005627999933,0.0],[114.255156515000067,-8.183121470999936,0.0],[114.255248141000038,-8.183207034999953,0.0],[114.255356700000107,-8.18330694399998,0.0],[114.255398023000112,-8.183345337999981,0.0],[114.255447317000062,-8.183374854999954,0.0],[114.2554588590001,-8.183410998999932,0.0],[114.255418030000101,-8.183494369999949,0.0]]}},
{"type":"Feature","properties":{"Name":"Saluran Sekunder Mego Arum","Kategori":"Saluran Irigasi Sekunder","DI":"Mego Arum","KorSDA":"Kabat","Status":null,"DI_PERMEN":"Mega Arum","ID_TANAH":null},"geometry":{"type":"LineString","coordinates":[[114.23325107900007,-8.187690800999974,0.0],[114.233342095000012,-8.187829929999964,0.0],[114.233451735000017,-8.187966202999974,0.0],[114.233541770000102,-8.18802266299997,0.0],[114.23364197,-8.188131700999975,0.0]]}},
{"type":"Feature","properties":{"Name":"Saluran Sekunder Min I","Kategori":"Saluran Irigasi Sekunder","DI":"Min I","KorSDA":"Kabat","Status":null,"DI_PERMEN":"Min I","ID_TANAH":null},"geometry":{"type":"LineString","coordinates":[[114.251551308000103,-8.17584508799996,0.0],[114.25159034100011,-8.175930738999966,0.0],[114.251609612000038,-8.176010987999973,0.0],[114.251614854000081,-8.176086393999981,0.0],[114.251595941,-8.176154461999943,0.0],[114.251605710000035,-8.176243987999953,0.0],[114.251646275000098,-8.176285104999977,0.0],[114.251693179000085,-8.176311001999977,0.0],[114.251734861000045,-8.176332634999937,0.0],[114.251790127000049,-8.176379610999959,0.0],[114.251835157000073,-8.176426919999926,0.0],[114.251892657000099,-8.17648005999996,0.0],[114.251952591000077,-8.176509986999974,0.0],[114.252023726000061,-8.176535047999948,0.0],[114.252090910000106,-8.17657559099996,0.0],[114.25214440000002,-8.176611519999938,0.0],[114.252201890000038,-8.176652741999931,0.0],[114.252267357000051,-8.176677870999981,0.0],[114.252366914000049,-8.176849014999959,0.0],[114.252390719,-8.17690747599994,0.0],[114.252447470000106,-8.176949312999966,0.0],[114.252485940000042,-8.176974406999932,0.0],[114.252553878000072,-8.176950721999958,0.0],[114.25262732200008,-8.176924991999954,0.0],[114.252685076000034,-8.176897126999961,0.0],[114.252717167000014,-8.176912691999974,0.0],[114.252753160000111,-8.176964132999956,0.0],[114.252773964000085,-8.17701791099995,0.0],[114.252794028000039,-8.177046512999937,0.0],[114.252818474000037,-8.177052563999951,0.0],[114.252854630000115,-8.177044175999981,0.0],[114.252912137000067,-8.177019356999949,0.0],[114.252956938000011,-8.177016078999941,0.0],[114.252986103000012,-8.177023722999934,0.0],[114.253063577000034,-8.177030712999965,0.0],[114.253098294000097,-8.177136472999962,0.0],[114.25310942100009,-8.177207218999968,0.0],[114.253133038000101,-8.17729451699995,0.0],[114.25315906600008,-8.177383275999944,0.0],[114.253181590000054,-8.177534403999971,0.0],[114.253235656000015,-8.177742475999935,0.0],[114.253285138000024,-8.177861593999978,0.0],[114.253372023000111,-8.178076112999975,0.0],[114.253471366000099,-8.178308752999953,0.0],[114.253482112000029,-8.178442057999973,0.0],[114.253483877,-8.178485817999956,0.0]]}},
{"type":"Feature","properties":{"Name":"Saluran Sekunder Min II","Kategori":"Saluran Irigasi Sekunder","DI":"Min II","KorSDA":"Kabat","Status":null,"DI_PERMEN":"Min II","ID_TANAH":null},"geometry":{"type":"LineString","coordinates":[[114.251249062000056,-8.176528555999937,0.0],[114.25128901100004,-8.17657769799996,0.0],[114.251373182000066,-8.176596183999948,0.0],[114.251441718000024,-8.176631184999962,0.0],[114.251511785000048,-8.176677384999948,0.0],[114.251543058000038,-8.176710069999956,0.0],[114.251564918000099,-8.176756238999928,0.0],[114.251604701000019,-8.176786096999933,0.0],[114.251629336000065,-8.176814261999937,0.0],[114.251666033000106,-8.17685737499994,0.0],[114.251700094000057,-8.176912024999979,0.0],[114.251715151000099,-8.176971746999925,0.0],[114.251746807000018,-8.177003075999949,0.0],[114.2517722340001,-8.177033060999975,0.0],[114.251788370000099,-8.177098679999972,0.0],[114.251783962000104,-8.177158541999972,0.0],[114.25178982400007,-8.177221604999943,0.0],[114.251763874000062,-8.177256407999948,0.0],[114.251760260000083,-8.177349599999957,0.0],[114.251719052000112,-8.177411288999963,0.0],[114.251670469000032,-8.177472555999941,0.0],[114.251668591000112,-8.177514969999947,0.0],[114.251896029000022,-8.17769175899997,0.0],[114.251940892000107,-8.177752246999944,0.0],[114.251991002000068,-8.177859274999946,0.0],[114.252053118000049,-8.177935432999959,0.0],[114.252123366000092,-8.177978092999979,0.0],[114.252163185000086,-8.177988581999955,0.0],[114.252225888000112,-8.177978782999958,0.0],[114.252283666000039,-8.177964463999956,0.0],[114.252330135000079,-8.177942351999945,0.0],[114.252397982000048,-8.177933398999926,0.0],[114.252464795000037,-8.177953087999981,0.0],[114.252529220000042,-8.178000710999981,0.0],[114.252534746000038,-8.178059107999957,0.0],[114.252516238000112,-8.178113060999976,0.0],[114.252514410000117,-8.178163373999951,0.0],[114.252596913000048,-8.178289793999966,0.0],[114.252653164000094,-8.178319909999971,0.0],[114.252699162000113,-8.178371544999948,0.0],[114.252760925000075,-8.178447030999962,0.0],[114.252791315000081,-8.178510586999948,0.0],[114.253115966000109,-8.178838001999964,0.0],[114.253199148000022,-8.178900032999934,0.0]]}},
{"type":"Feature","properties":{"Name":"Saluran Tersier Min II","Kategori":"Saluran Irigasi Tersier","DI":"Min II","KorSDA":"Kabat","Status":null,"DI_PERMEN":"Min II","ID_TANAH":null},"geometry":{"type":"LineString","coordinates":[[114.253201936000096,-8.178901374999953,0.0],[114.253269170000067,-8.17896013099994,0.0],[114.253353500000117,-8.17901511499997,0.0],[114.253390279000087,-8.179065092999963,0.0],[114.253427490000036,-8.179110476999938,0.0],[114.253476996000018,-8.179172632999951,0.0]]}},
{"type":"Feature","properties":{"Name":"Saluran Sekunder Panggang I","Kategori":"Saluran Irigasi Sekunder","DI":"Panggang I","KorSDA":"Kabat","Status":null,"DI_PERMEN":"Panggang I","ID_TANAH":null},"geometry":{"type":"LineString","coordinates":[[114.26433247600005,-8.175619539999957,0.0],[114.264324994000049,-8.175775629999976,0.0],[114.264337704000013,-8.175936215999968,0.0],[114.264396955000052,-8.176076703999968,0.0],[114.264417839000089,-8.176192669999978,0.0],[114.264464216000079,-8.176302391999968,0.0],[114.264481389000025,-8.176437147999934,0.0],[114.264494708000029,-8.176575243999935,0.0],[114.264505640000039,-8.176791493999929,0.0],[114.264469570000074,-8.176989884999955,0.0],[114.264391428000067,-8.177100158999963,0.0],[114.264414140000099,-8.177280690999964,0.0],[114.264461631000017,-8.177356127999929,0.0],[114.26452676200006,-8.177441286999965,0.0],[114.264703939000015,-8.177543128999957,0.0],[114.264916232000019,-8.177627172999962,0.0],[114.264997427000026,-8.177684333999935,0.0],[114.265031041000043,-8.177863637999963,0.0],[114.26503642900002,-8.178129817999945,0.0],[114.265047147000018,-8.178289396999958,0.0],[114.265049468000029,-8.178446974999929,0.0],[114.2650251230001,-8.178666239999927,0.0],[114.264994892000118,-8.178806621999968,0.0],[114.265024638000114,-8.178995146999966,0.0],[114.265047001000084,-8.179144768999947,0.0],[114.265102314000046,-8.179342513999927,0.0],[114.265170245000036,-8.179508358999954,0.0],[114.265356851000092,-8.179701302999945,0.0]]}},
{"type":"Feature","properties":{"Name":"Saluran Sekunder Pringgading I","Kategori":"Saluran Irigasi Sekunder","DI":"Pringgading I","KorSDA":"Kabat","Status":null,"DI_PERMEN":"Pringgading I","ID_TANAH":null},"geometry":{"type":"LineString","coordinates":[[114.240490030000046,-8.178444997999975,0.0],[114.240557831000046,-8.178546746999928,0.0],[114.240561324000055,-8.178628745999958,0.0],[114.240543935,-8.178717930999937,0.0],[114.240542615000095,-8.178820318999954,0.0],[114.240570160000061,-8.178936968999949,0.0],[114.240657499,-8.179093888999944,0.0],[114.240740511000013,-8.17914030299994,0.0],[114.240815523000038,-8.179205620999937,0.0],[114.240880334000053,-8.179301196999972,0.0],[114.24092487300004,-8.179347785999937,0.0],[114.24093033500003,-8.179464183999926,0.0],[114.241037410000104,-8.179619675999959,0.0],[114.241099829000063,-8.179747075999956,0.0],[114.241113491000078,-8.179870430999927,0.0],[114.241144420000069,-8.179974524999977,0.0]]}},
{"type":"Feature","properties":{"Name":"Saluran Sekunder Rowogatel","Kategori":"Saluran Irigasi Sekunder","DI":"Rowogatel","KorSDA":"Kabat","Status":null,"DI_PERMEN":"Rowogatel","ID_TANAH":null},"geometry":{"type":"MultiLineString","coordinates":[[[114.340269606000106,-8.238763022999933,0.0],[114.340309473000048,-8.238839684999959,0.0],[114.340313667000032,-8.238898394999978,0.0],[114.340298745000041,-8.238959394999938,0.0],[114.340265617000114,-8.238998588999948,0.0],[114.340238237000108,-8.239039359999936,0.0],[114.340237337000076,-8.239073764999944,0.0],[114.340267841000014,-8.23913909099997,0.0],[114.340280706000044,-8.239200667999967,0.0],[114.340317801000083,-8.239264906999949,0.0],[114.340341865000028,-8.239337491999947,0.0]],[[114.339837365000108,-8.238923059999934,0.0],[114.339935615000059,-8.238888742999961,0.0],[114.340006552000091,-8.238860366999972,0.0],[114.340071384000112,-8.238829887999941,0.0],[114.340121014000033,-8.238783971999965,0.0],[114.340162479000014,-8.23876637199993,0.0],[114.340211371,-8.238759836999975,0.0],[114.34026979600003,-8.238763179999978,0.0],[114.3403244430001,-8.23871294199995,0.0],[114.340353242000106,-8.238659884999947,0.0],[114.340381407000109,-8.238613777999944,0.0]]]}},
{"type":"Feature","properties":{"Name":"Saluran Sekunder Sawi","Kategori":"Saluran Irigasi Sekunder","DI":"Sawi","KorSDA":"Kabat","Status":null,"DI_PERMEN":"Sawi","ID_TANAH":null},"geometry":{"type":"LineString","coordinates":[[114.342275483000094,-8.243092808999961,0.0],[114.342244900000082,-8.242958524999949,0.0],[114.34222309900008,-8.242812916999981,0.0],[114.342227812000033,-8.242643029999954,0.0],[114.342232717000115,-8.242552761999946,0.0],[114.342258140000013,-8.242365768999946,0.0],[114.342262445000074,-8.242222206999941,0.0],[114.34234115400011,-8.24193521199993,0.0],[114.342352603000109,-8.241861583999935,0.0],[114.342374799000027,-8.241722187999926,0.0],[114.342332124000109,-8.241593020999971,0.0],[114.342392367000116,-8.241491469999971,0.0],[114.342503997000108,-8.241481048999958,0.0],[114.342631173000086,-8.241463121999971,0.0],[114.342740348,-8.241425629999981,0.0],[114.342860078000058,-8.241409921999946,0.0],[114.342968859000052,-8.241527749999932,0.0],[114.343044443000053,-8.241576503999966,0.0],[114.343108030000053,-8.241687658999979,0.0],[114.343156872,-8.241796450999971,0.0],[114.343212693000055,-8.241933289999963,0.0],[114.343312575000027,-8.24201736699996,0.0],[114.34339164000005,-8.24206451799995,0.0],[114.343484794,-8.242170077999958,0.0],[114.343612556000039,-8.242172231999973,0.0],[114.343691852,-8.242146766999952,0.0],[114.343819433000021,-8.242160053999953,0.0],[114.343937397000104,-8.242188416999966,0.0],[114.34401863700009,-8.24221487799997,0.0],[114.344129319000103,-8.242226083999981,0.0],[114.344194109000114,-8.242213067999955,0.0],[114.3442817990001,-8.242220961999976,0.0],[114.344377353000027,-8.242218230999981,0.0],[114.344538013000033,-8.242210240999952,0.0],[114.344645578000041,-8.24220425599998,0.0],[114.344689243000062,-8.242253949999963,0.0],[114.344830921000039,-8.242426414999954,0.0],[114.344926402000056,-8.242447864999974,0.0],[114.3450770070001,-8.242502832999946,0.0],[114.345159710000075,-8.242518255999926,0.0],[114.34526951600003,-8.242528292999964,0.0],[114.34535750200007,-8.242550241999936,0.0],[114.345327708000013,-8.242625541999928,0.0],[114.345322090000082,-8.242696488999968,0.0],[114.34532037200006,-8.24276877899996,0.0],[114.345305858000074,-8.242864906999955,0.0],[114.345284420000098,-8.242952148999962,0.0],[114.345268519000115,-8.243026610999948,0.0],[114.345253444000036,-8.243125092999946,0.0],[114.345231100000092,-8.24320006499994,0.0],[114.345216219,-8.24328570199998,0.0],[114.345222145000093,-8.243327393999948,0.0],[114.345321818000116,-8.243338431999973,0.0],[114.345425857,-8.243353003999971,0.0],[114.345546473000013,-8.243360434999943,0.0],[114.345625496000025,-8.243374651999943,0.0],[114.346109777000038,-8.24348985599994,0.0],[114.346281531000045,-8.243533486999979,0.0],[114.346543347000079,-8.243593001999955,0.0],[114.34677384500003,-8.243651523999972,0.0],[114.34697695400007,-8.243684538999958,0.0],[114.347037969000098,-8.243326495999952,0.0],[114.34707620000006,-8.243008890999931,0.0],[114.347104584000022,-8.24274285499996,0.0]]}},
{"type":"Feature","properties":{"Name":"Saluran Tersier Sawi","Kategori":"Saluran Irigasi Tersier","DI":"Sawi","KorSDA":"Kabat","Status":null,"DI_PERMEN":"Sawi","ID_TANAH":null},"geometry":{"type":"LineString","coordinates":[[114.347112155000104,-8.24275042499994,0.0],[114.347226423000052,-8.242748461999952,0.0],[114.347307682000064,-8.242737105999936,0.0],[114.347406260000071,-8.242770004999954,0.0],[114.347569572000111,-8.242829166999968,0.0],[114.347713596000062,-8.242868187999932,0.0],[114.347850755000081,-8.242914423999935,0.0],[114.347956260000046,-8.242955698999936,0.0]]}},
{"type":"Feature","properties":{"Name":"Saluran Sekunder Sukun I","Kategori":"Saluran Irigasi Sekunder","DI":"Sukun I","KorSDA":"Kabat","Status":null,"DI_PERMEN":"Sukun I","ID_TANAH":null},"geometry":{"type":"LineString","coordinates":[[114.307156470000109,-8.271619363999946,0.0],[114.307062873000064,-8.271652974999938,0.0],[114.306994068000108,-8.271681994999938,0.0],[114.306948599000066,-8.271700343999953,0.0],[114.306860793000055,-8.271693691999928,0.0],[114.306791892000092,-8.271701448999977,0.0],[114.306730504000029,-8.271712793999939,0.0],[114.306664154000032,-8.271727939999948,0.0],[114.306585903000041,-8.271728418999942,0.0],[114.306523592000076,-8.271759494999969,0.0],[114.306485399000053,-8.271784770999943,0.0],[114.30644274000008,-8.271849843999973,0.0],[114.306401920000098,-8.27192692899996,0.0],[114.306355374000077,-8.27200057899995,0.0],[114.306303198000023,-8.272064171999943,0.0],[114.306263521,-8.272100828999953,0.0],[114.306230380000102,-8.272158095999941,0.0],[114.306033407000086,-8.272176677999937,0.0],[114.305940193000083,-8.272200188999932,0.0],[114.305809006000118,-8.272188046999929,0.0],[114.305686174000016,-8.272179445999939,0.0],[114.305576359000042,-8.272143772999925,0.0],[114.305487988000095,-8.272079454999925,0.0],[114.305439795000098,-8.272001301999978,0.0],[114.30543574100011,-8.271994737999933,0.0],[114.305397462000087,-8.27191705599995,0.0],[114.305345097000099,-8.271848144999979,0.0]]}},
{"type":"Feature","properties":{"Name":"Saluran Tersier Sukun I","Kategori":"Saluran Irigasi Tersier","DI":"Sukun I","KorSDA":"Kabat","Status":null,"DI_PERMEN":"Sukun I","ID_TANAH":null},"geometry":{"type":"LineString","coordinates":[[114.305342254000038,-8.27184965999993,0.0],[114.305163854000057,-8.271962689999953,0.0],[114.304972448000058,-8.272093451999979,0.0]]}},
{"type":"Feature","properties":{"Name":"Saluran Sekunder Sumber Bakri","Kategori":"Saluran Irigasi Sekunder","DI":"Sumber Bakri","KorSDA":"Kabat","Status":null,"DI_PERMEN":"Sbr. Bakri","ID_TANAH":null},"geometry":{"type":"MultiLineString","coordinates":[[[114.372333809000111,-8.24849872599998,0.0],[114.372292715000071,-8.248583897999936,0.0],[114.372251765000101,-8.24869310899993,0.0],[114.372211723000078,-8.248839035999936,0.0],[114.372162722000098,-8.249005545999978,0.0],[114.372128260000068,-8.249102931999971,0.0],[114.372067628000082,-8.249251886999957,0.0],[114.372001825000098,-8.249422532999972,0.0],[114.371925834000081,-8.249583676999976,0.0]],[[114.372330974000079,-8.248490901999958,0.0],[114.372473255000045,-8.248527195999941,0.0],[114.372573217000081,-8.24856110199994,0.0],[114.372650815000043,-8.248585695999964,0.0],[114.372719313000061,-8.248618610999927,0.0],[114.372768321000081,-8.248638656999958,0.0],[114.372889389000079,-8.248672160999945,0.0],[114.37298738700008,-8.248707614999944,0.0],[114.373118687000101,-8.248747218999938,0.0],[114.373199720000116,-8.248760629999936,0.0],[114.37332406400003,-8.24880030099996,0.0],[114.373457995000081,-8.248843630999943,0.0],[114.373540215000048,-8.248873511999932,0.0],[114.373688477000087,-8.248906166999973,0.0],[114.37373603900005,-8.248922802999971,0.0]]]}},
{"type":"Feature","properties":{"Name":"Saluran Tersier Sumber Bakri","Kategori":"Saluran Irigasi Tersier","DI":"Sumber Bakri","KorSDA":"Kabat","Status":null,"DI_PERMEN":"Sbr. Bakri","ID_TANAH":null},"geometry":{"type":"LineString","coordinates":[[114.372768894000046,-8.248639517999948,0.0],[114.37257678200001,-8.249202134999962,0.0],[114.372474796,-8.249546972999951,0.0],[114.372927081000057,-8.249702055999933,0.0]]}},
{"type":"Feature","properties":{"Name":"Saluran Sekunder Sumber Bendo","Kategori":"Saluran Irigasi Sekunder","DI":"Sumber Bendo","KorSDA":"Kabat","Status":null,"DI_PERMEN":"Sbr. Bendo","ID_TANAH":null},"geometry":{"type":"LineString","coordinates":[[114.310783856000057,-8.26406351299994,0.0],[114.311024563000046,-8.264239078999935,0.0],[114.311151496000093,-8.264328236999972,0.0],[114.311252546000105,-8.264376631999937,0.0],[114.311316266000063,-8.264388741999937,0.0],[114.311402792000081,-8.264421166999966,0.0],[114.311514743000089,-8.264458849999926,0.0],[114.311526532000016,-8.26446247299998,0.0],[114.311840544,-8.264593064999929,0.0],[114.311944798000013,-8.264659882999979,0.0],[114.312058810000053,-8.264706967999928,0.0],[114.312188010000114,-8.264739802999941,0.0],[114.312346594000019,-8.264793728999962,0.0],[114.312528508000014,-8.264881005999939,0.0],[114.312711456000102,-8.264910934999932,0.0],[114.312872919000029,-8.264912232999961,0.0],[114.31304413600003,-8.264946116999965,0.0],[114.313167862000114,-8.265011849999951,0.0],[114.313298294000106,-8.265087208999944,0.0],[114.313384903000042,-8.265188784999964,0.0],[114.313432893000027,-8.265263939999954,0.0],[114.31350795700007,-8.265329594999969,0.0],[114.313618871000017,-8.265398200999925,0.0],[114.313703463000024,-8.26544350599994,0.0],[114.31376913400004,-8.265483232999941,0.0],[114.313826886000015,-8.265545712999938,0.0],[114.313863658000059,-8.265626838999935,0.0],[114.313906029,-8.265723196999943,0.0],[114.313984966000021,-8.265835180999943,0.0],[114.314045682000028,-8.265917519999959,0.0],[114.314094991000047,-8.265956124999946,0.0],[114.314158967000026,-8.266005363999966,0.0],[114.314215115000025,-8.266056688999981,0.0],[114.314373479000096,-8.266143335999971,0.0]]}},
{"type":"Feature","properties":{"Name":"Saluran Tersier Sumber Bendo","Kategori":"Saluran Irigasi Tersier","DI":"Sumber Bendo","KorSDA":"Kabat","Status":null,"DI_PERMEN":"Sbr. Bendo","ID_TANAH":null},"geometry":{"type":"MultiLineString","coordinates":[[[114.31438886400008,-8.266162374999965,0.0],[114.314395648000072,-8.266227626999978,0.0],[114.314400061000015,-8.266328299999941,0.0],[114.314393383000038,-8.266415560999974,0.0],[114.314380793000055,-8.266477935999944,0.0],[114.314361862000055,-8.266515441999957,0.0],[114.314360647000058,-8.266535123999972,0.0],[114.314369901000077,-8.266549304999955,0.0],[114.31439527100008,-8.26656068799997,0.0],[114.314437013000088,-8.266567736999946,0.0],[114.31446918000006,-8.266569769999933,0.0],[114.314495226000076,-8.266564381999956,0.0],[114.314541306000024,-8.266560053999967,0.0],[114.314567678000117,-8.266560951999963,0.0],[114.314598306000107,-8.26655660199998,0.0],[114.314617105000025,-8.266563631999929,0.0],[114.314629989000082,-8.266590978999943,0.0],[114.314659558000017,-8.266628041999979,0.0],[114.314686573000017,-8.266676841999981,0.0],[114.31470885400006,-8.26671844599997,0.0],[114.314729033000049,-8.266762685999936,0.0],[114.314751128000012,-8.266798129999927,0.0],[114.314783330000068,-8.26688011799996,0.0],[114.314800145000049,-8.266925089999972,0.0],[114.314810751000095,-8.266983951999975,0.0],[114.314823181000065,-8.267020300999945,0.0],[114.314879196000106,-8.267035211999939,0.0],[114.314931993000073,-8.267029560999958,0.0],[114.31499670300002,-8.267034035999927,0.0],[114.315056400000117,-8.267032770999947,0.0],[114.315088550000041,-8.267028760999949,0.0],[114.315122055000074,-8.267011156999956,0.0],[114.315154365000012,-8.266979570999979,0.0],[114.315188276000072,-8.266948232999937,0.0],[114.315213729000106,-8.266955167999981,0.0],[114.315286897000078,-8.267018526999948,0.0],[114.315344092000032,-8.267070510999929,0.0],[114.315392755000062,-8.267119184999956,0.0],[114.315447676000076,-8.267139891999932,0.0],[114.315474452000103,-8.267153174999976,0.0],[114.315426829000103,-8.267321240999934,0.0],[114.315366825000069,-8.267425104999973,0.0],[114.315340305000063,-8.267474368999956,0.0],[114.315280826000048,-8.267523447999963,0.0],[114.315236065000022,-8.267556338999952,0.0],[114.315169737000019,-8.267592726999965,0.0],[114.315125628000033,-8.267635145999975,0.0],[114.315093500000103,-8.267655676999937,0.0],[114.315056680000112,-8.267676644999938,0.0],[114.315034386000093,-8.267697293999959,0.0],[114.31506416600007,-8.267725361999965,0.0],[114.315115933000016,-8.267753218999928,0.0],[114.31517842300002,-8.267787885999951,0.0],[114.315253208000058,-8.267815926999958,0.0],[114.315304590000096,-8.267843370999969,0.0],[114.315352976000099,-8.267879618999928,0.0],[114.31544048,-8.267924188999928,0.0],[114.315491169000097,-8.267962452999939,0.0],[114.315516863000084,-8.267991868999957,0.0],[114.315514658000097,-8.268024349999962,0.0],[114.315507288000049,-8.268058421999967,0.0],[114.315516340000045,-8.268089721999957,0.0],[114.315544077000027,-8.268120333999946,0.0],[114.315595528000017,-8.268129570999974,0.0],[114.31563739,-8.268135331999929,0.0],[114.315686615000118,-8.268133809999938,0.0],[114.315718749000098,-8.26815068999997,0.0],[114.315748780000035,-8.268159816999969,0.0]],[[114.314388881000013,-8.266150437999954,0.0],[114.314487922000012,-8.266163620999976,0.0],[114.314592974000107,-8.266163830999972,0.0],[114.314674986000114,-8.26617979599996,0.0],[114.314782943000068,-8.266203209999958,0.0],[114.31488420900007,-8.266242786999953,0.0],[114.314958888000092,-8.266252307999935,0.0],[114.315046445,-8.266260767999938,0.0],[114.315132844000118,-8.26628149499993,0.0],[114.315140764000034,-8.266285061999952,0.0],[114.315243094000039,-8.266313200999946,0.0],[114.315330007000057,-8.266338594999979,0.0],[114.315334559,-8.266341383999929,0.0],[114.315454347000014,-8.26639044999996,0.0],[114.315506771000059,-8.266423293999935,0.0],[114.315587492000077,-8.266447906999929,0.0],[114.31564999200009,-8.266471048999961,0.0],[114.315653443000087,-8.266471649999971,0.0],[114.315786278000019,-8.266565490999938,0.0],[114.315860666000049,-8.266582634999963,0.0],[114.315946805000067,-8.266578369999934,0.0],[114.316050534000055,-8.266604232999953,0.0],[114.31617897700005,-8.266679150999948,0.0],[114.316283109000096,-8.26674320799998,0.0],[114.316377328000044,-8.266784658999939,0.0],[114.316462725000065,-8.266794082999979,0.0],[114.31655562900005,-8.266817412999956,0.0],[114.316581993000113,-8.266820530999951,0.0],[114.316733381000063,-8.266821565999976,0.0],[114.316934958000047,-8.266824148999945,0.0],[114.317122074000054,-8.266849463999961,0.0]]]}},
{"type":"Feature","properties":{"Name":"Saluran Sekunder Blimbing II","Kategori":"Saluran Irigasi Sekunder","DI":"Sumber Blimbing II","KorSDA":"Kabat","Status":null,"DI_PERMEN":"Sumber Blimbing II","ID_TANAH":null},"geometry":{"type":"LineString","coordinates":[[114.253296019000118,-8.175442165999925,0.0],[114.253396958000053,-8.175450059999946,0.0],[114.253470802000038,-8.175541469999928,0.0],[114.253582695000091,-8.175591769999926,0.0],[114.253735003000088,-8.175625466999975,0.0],[114.253789135000034,-8.175622620999945,0.0],[114.253840506000074,-8.175556005999965,0.0],[114.253924587000029,-8.175590082999975,0.0],[114.254012516000103,-8.175646121999932,0.0],[114.254118941000115,-8.175705204999929,0.0],[114.254194016000042,-8.175784165999971,0.0],[114.254246509000041,-8.175825128999975,0.0],[114.254292852000049,-8.175828012999943,0.0],[114.25436404900006,-8.175862695999967,0.0],[114.254422661000035,-8.175891814999943,0.0],[114.25456589700002,-8.175939941999957,0.0]]}},
{"type":"Feature","properties":{"Name":"Saluran Sekunder Sumber Blimbing III","Kategori":"Saluran Irigasi Sekunder","DI":"Sumber Blimbing III","KorSDA":"Kabat","Status":null,"DI_PERMEN":"Sumber Blimbing III","ID_TANAH":null},"geometry":{"type":"MultiLineString","coordinates":[[[114.258522932,-8.174102859999948,0.0],[114.258414370000082,-8.17413331399996,0.0],[114.258379684000033,-8.174223919999974,0.0],[114.258345275000011,-8.174299355999949,0.0],[114.258261386000072,-8.174299943999927,0.0],[114.258204474000081,-8.17430507499995,0.0],[114.258132299000067,-8.174429045999943,0.0],[114.258100433000095,-8.174475299999926,0.0],[114.258006888000068,-8.17458728899993,0.0],[114.257904091000114,-8.17460915199996,0.0]],[[114.258528083000101,-8.174099271999978,0.0],[114.258593696000048,-8.174206065999954,0.0],[114.258598709000012,-8.174338834999958,0.0],[114.258567013000061,-8.174461579999956,0.0],[114.258545410000011,-8.174524534999932,0.0],[114.258547950000093,-8.174592515999962,0.0]]]}},
{"type":"Feature","properties":{"Name":"Saluran Sekunder Sumber Dari","Kategori":"Saluran Irigasi Sekunder","DI":"Sumber Dari","KorSDA":"Kabat","Status":null,"DI_PERMEN":"Sbr. Dari","ID_TANAH":null},"geometry":{"type":"LineString","coordinates":[[114.364242991000083,-8.256596877999925,0.0],[114.364442574,-8.256685260999973,0.0],[114.364607343000102,-8.256787409999959,0.0],[114.364698621000116,-8.256854994999969,0.0],[114.36479405800003,-8.256901937999942,0.0],[114.36488822900003,-8.256961367999963,0.0],[114.364967786000079,-8.256998495999937,0.0],[114.364996536000035,-8.256965417999936,0.0],[114.365051353000013,-8.256845940999938,0.0],[114.365096816,-8.256712508999954,0.0],[114.365130816000033,-8.256615347999968,0.0],[114.365179149000028,-8.256501276999927,0.0],[114.365255518000026,-8.256329162999975,0.0],[114.365332896000041,-8.256135816999972,0.0],[114.365432444000021,-8.255895190999979,0.0],[114.365446481000049,-8.255875183999933,0.0],[114.365553318000025,-8.255932589999929,0.0],[114.365706371000101,-8.256013055999972,0.0],[114.365856569000016,-8.25609277999996,0.0],[114.365998937000086,-8.256154034999952,0.0]]}},
{"type":"Feature","properties":{"Name":"Saluran Sekunder Sumber Ganti","Kategori":"Saluran Irigasi Sekunder","DI":"Sumber Ganti","KorSDA":"Kabat","Status":null,"DI_PERMEN":"Sbr. Ganti","ID_TANAH":null},"geometry":{"type":"LineString","coordinates":[[114.236198414000114,-8.186687623999944,0.0],[114.236251916000015,-8.186677112999973,0.0],[114.236304835000055,-8.186732827999947,0.0],[114.236350163000111,-8.186788164999939,0.0],[114.236383824000086,-8.186799515999951,0.0],[114.236456756000052,-8.186834980999947,0.0]]}},
{"type":"Feature","properties":{"Name":"Saluran Sekunder Sumber Jambu","Kategori":"Saluran Irigasi Sekunder","DI":"Sumber Jambu","KorSDA":"Kabat","Status":null,"DI_PERMEN":"Jambu","ID_TANAH":null},"geometry":{"type":"LineString","coordinates":[[114.251846682000064,-8.168576009999981,0.0],[114.251845596000067,-8.168765599999972,0.0],[114.251807774000099,-8.169064294999941,0.0],[114.25177692200009,-8.169277204999958,0.0],[114.251753719000021,-8.169357084999945,0.0],[114.251772317000018,-8.169445541999949,0.0],[114.251853496000081,-8.16957326499994,0.0],[114.251942578000012,-8.169714106999947,0.0],[114.2519911710001,-8.16986499199993,0.0],[114.252134433000037,-8.170046515999957,0.0],[114.252281074000052,-8.170308837999926,0.0],[114.252366841000025,-8.170495202999973,0.0],[114.252476372000046,-8.17071169299993,0.0],[114.252590590000068,-8.170880573999966,0.0],[114.25251758200011,-8.171021322999934,0.0],[114.252650410000115,-8.171142334999956,0.0],[114.252763084000094,-8.17130687699995,0.0],[114.252945695000108,-8.171545486999946,0.0],[114.253270550000025,-8.172020870999972,0.0],[114.253502556000058,-8.172427886999969,0.0]]}},
{"type":"Feature","properties":{"Name":"Saluran Sekunder Sumber Lengen","Kategori":"Saluran Irigasi Sekunder","DI":"Sumber Lengen","KorSDA":"Kabat","Status":null,"DI_PERMEN":"Sbr. Lengen","ID_TANAH":null},"geometry":{"type":"LineString","coordinates":[[114.254184236000015,-8.206450376999953,0.0],[114.254223385000046,-8.206454075999943,0.0],[114.254252948000044,-8.206490763999966,0.0],[114.254237985000032,-8.206545757999947,0.0],[114.254236888000037,-8.206588283999963,0.0],[114.254238844000042,-8.206641748999971,0.0],[114.254248611000094,-8.206682066999974,0.0],[114.25423344,-8.206744600999968,0.0],[114.254238074000114,-8.206797965999954,0.0],[114.254256606000013,-8.20684063899995,0.0],[114.254293742000073,-8.20689241599996,0.0],[114.254347633000066,-8.206969871999945,0.0],[114.254428161000078,-8.20703193099996,0.0],[114.254495530000099,-8.207101755999929,0.0],[114.254563191000102,-8.207119009999928,0.0],[114.254643787000077,-8.207151879999969,0.0],[114.254687649000061,-8.207179649999944,0.0],[114.254745022000066,-8.207226306999928,0.0],[114.254737952000028,-8.20727769299998,0.0]]}},
{"type":"Feature","properties":{"Name":"Saluran Sekunder Sumber Lerek","Kategori":"Saluran Irigasi Sekunder","DI":"Sumber Lerek","KorSDA":"Kabat","Status":null,"DI_PERMEN":"Sbr. Lerek","ID_TANAH":null},"geometry":{"type":"LineString","coordinates":[[114.248461914000018,-8.178797162999956,0.0],[114.248505552000097,-8.178922435999937,0.0],[114.248581701000035,-8.179007655999953,0.0],[114.248628530000019,-8.179091323999955,0.0],[114.248638711000012,-8.179174975999956,0.0],[114.248664560000066,-8.17924563899993,0.0],[114.24868880300005,-8.179300962999946,0.0],[114.248716939000019,-8.179369692999956,0.0],[114.248737010000013,-8.179430727999943,0.0],[114.248784974000046,-8.17951446099994,0.0],[114.248832908000054,-8.179625028999965,0.0],[114.248861040000065,-8.179718271999946,0.0],[114.248897322000062,-8.179854460999934,0.0],[114.248899268000059,-8.179856836999932,0.0],[114.248933989000079,-8.179995454999926,0.0],[114.248945346000028,-8.180074834999971,0.0],[114.248945511000102,-8.180135428999961,0.0],[114.248905162000028,-8.180201030999967,0.0],[114.248868709000021,-8.180260896999926,0.0],[114.248858068000118,-8.18034475099995,0.0],[114.248874288000025,-8.180424111999969,0.0],[114.248861875000102,-8.180484515999979,0.0],[114.248818702000108,-8.180633606999947,0.0],[114.248848809000037,-8.180696544999932,0.0],[114.248893656000064,-8.180755985999951,0.0],[114.248911210000074,-8.180844984999965,0.0],[114.248844213000098,-8.181015773999945,0.0],[114.248876963000043,-8.181098044999942,0.0],[114.248928129000092,-8.181177164999951,0.0]]}},
{"type":"Feature","properties":{"Name":"Saluran Sekunder Sumber Mailang Kabat","Kategori":"Saluran Irigasi Sekunder","DI":"Sumber Mailang Kabat","KorSDA":"Kabat","Status":null,"DI_PERMEN":"Sbr. Mailang","ID_TANAH":null},"geometry":{"type":"LineString","coordinates":[[114.317907503000015,-8.262183935999929,0.0],[114.318003712000063,-8.26214588199997,0.0],[114.318106155,-8.26213380799993,0.0],[114.318234419000078,-8.262133066999979,0.0],[114.318326807000062,-8.26213990399998,0.0],[114.31844056400007,-8.262146690999941,0.0],[114.318454959000064,-8.262149488999967,0.0],[114.318570771000054,-8.262167619999957,0.0],[114.318641272000036,-8.262210398999969,0.0],[114.318750119000015,-8.262253543999975,0.0],[114.318918071000098,-8.262291790999939,0.0],[114.318990621000012,-8.262336183999935,0.0],[114.319029722000096,-8.262397996999937,0.0],[114.319105779000097,-8.262485994999963,0.0],[114.319168771000022,-8.262536449999971,0.0],[114.319216138000115,-8.262579511999945,0.0]]}},
{"type":"Feature","properties":{"Name":"Saluran Tersier Sumber Mailang Kabat","Kategori":"Saluran Irigasi Tersier","DI":"Sumber Mailang Kabat","KorSDA":"Kabat","Status":null,"DI_PERMEN":"Sbr. Mailang","ID_TANAH":null},"geometry":{"type":"MultiLineString","coordinates":[[[114.319219080000039,-8.262584362999974,0.0],[114.31929914300008,-8.262701435999929,0.0],[114.319378802000074,-8.262816960999942,0.0],[114.319436120000091,-8.262863264999964,0.0],[114.319505287000084,-8.262912657999948,0.0],[114.319557639000095,-8.262936459999935,0.0],[114.319606034000117,-8.262951138999938,0.0],[114.319663870000113,-8.262967123999942,0.0],[114.319726090000017,-8.262967489999937,0.0],[114.319775845000095,-8.262980361999951,0.0],[114.319852893000075,-8.262990489999936,0.0],[114.319945522000012,-8.263046462999966,0.0],[114.319998122000015,-8.263091174999943,0.0],[114.320025992000069,-8.263130520999937,0.0],[114.320058904,-8.263163057999975,0.0],[114.320089518000032,-8.263199221999969,0.0]],[[114.319218216000081,-8.262583852999967,0.0],[114.319232919000115,-8.262651843999947,0.0],[114.319259915000089,-8.262695754999982,0.0],[114.319240491000073,-8.262719143999959,0.0],[114.319212794,-8.262734860999956,0.0],[114.319181673000116,-8.26274054299995,0.0],[114.31918048700004,-8.262765674999969,0.0],[114.319157258000018,-8.262798278999981,0.0],[114.319123724000065,-8.262833278999949,0.0],[114.319100186000014,-8.262868989999959,0.0],[114.319059925000033,-8.262912312999958,0.0],[114.319024408000018,-8.262985141999934,0.0],[114.318980121000095,-8.263044216999958,0.0],[114.318921751000062,-8.263105971999948,0.0],[114.318920826000067,-8.263108655999929,0.0]]]}},
{"type":"Feature","properties":{"Name":"Saluran Sekunder Sumber Marsam","Kategori":"Saluran Irigasi Sekunder","DI":"Sumber Marsam","KorSDA":"Kabat","Status":null,"DI_PERMEN":"Sbr. Marsam","ID_TANAH":null},"geometry":{"type":"MultiLineString","coordinates":[[[114.366265979000104,-8.252609837999955,0.0],[114.366343828000026,-8.252677496999979,0.0],[114.366342191000058,-8.252765903999943,0.0],[114.366340036000111,-8.252929699999981,0.0],[114.366321066000069,-8.253034922999973,0.0],[114.366330443000038,-8.253060123999944,0.0],[114.366357919000052,-8.253088911999953,0.0],[114.36642297100002,-8.253122521999956,0.0],[114.3666250120001,-8.253184217999944,0.0],[114.367063235000046,-8.253330806999941,0.0]],[[114.366263762000017,-8.252606915999934,0.0],[114.366332674000091,-8.252452441999935,0.0],[114.366356757000062,-8.252386735999949,0.0],[114.366375092000112,-8.252379575999953,0.0],[114.366452330000016,-8.252405876999944,0.0],[114.36649099400006,-8.252328993999981,0.0],[114.366523140000027,-8.252245732999938,0.0],[114.366592626000056,-8.252103129999966,0.0]]]}},
{"type":"Feature","properties":{"Name":"Saluran Sekunder Sumber Nongko I","Kategori":"Saluran Irigasi Sekunder","DI":"Sumber Nongko I","KorSDA":"Kabat","Status":null,"DI_PERMEN":"Sbr. Gn. Nongko I","ID_TANAH":null},"geometry":{"type":"LineString","coordinates":[[114.242546701000038,-8.178521063999938,0.0],[114.242532996000023,-8.178544861999967,0.0]]}},
{"type":"Feature","properties":{"Name":"Saluran Sekunder Sumber Nongko II","Kategori":"Saluran Irigasi Sekunder","DI":"Sumber Nongko II","KorSDA":"Kabat","Status":null,"DI_PERMEN":"Sbr. Gn. Nongko II","ID_TANAH":null},"geometry":{"type":"LineString","coordinates":[[114.247339700000111,-8.170740031999969,0.0],[114.247343779000062,-8.170780824999952,0.0],[114.247381008000048,-8.170806309999932,0.0],[114.247416219000115,-8.170807068999977,0.0],[114.247453513000096,-8.170790649999958,0.0],[114.247468673000071,-8.17077446899998,0.0],[114.247519088000104,-8.170709831999943,0.0],[114.247568627000078,-8.170683762999943,0.0],[114.247618682000052,-8.170656270999928,0.0],[114.247651456000085,-8.170624793999934,0.0],[114.247713866000026,-8.17069188399995,0.0],[114.247744904000115,-8.170727314999965,0.0],[114.247750362000033,-8.170741869999972,0.0]]}},
{"type":"Feature","properties":{"Name":"Saluran Sekunder Sumber Pancoran Kabat","Kategori":"Saluran Irigasi Sekunder","DI":"Sumber Pancoran Kabat","KorSDA":"Kabat","Status":null,"DI_PERMEN":"Sbr. Pancoran","ID_TANAH":null},"geometry":{"type":"LineString","coordinates":[[114.324984864000044,-8.222419958999978,0.0],[114.325237042000026,-8.222508347999963,0.0],[114.325490779,-8.222630056999947,0.0],[114.325631852000015,-8.222700335999946,0.0],[114.325830612000118,-8.222788970999943,0.0],[114.32606347,-8.222780779999937,0.0],[114.32620751200011,-8.222789316999979,0.0],[114.326482815000077,-8.222788917999935,0.0],[114.326577634000046,-8.222787367999956,0.0],[114.326623837000056,-8.222761684999966,0.0],[114.326701101000026,-8.22275983399993,0.0],[114.3267427400001,-8.222591760999933,0.0],[114.326759723,-8.222461109999927,0.0],[114.32681755100009,-8.222395451999944,0.0],[114.326883297000109,-8.222379996999962,0.0],[114.326998073000027,-8.222404170999937,0.0],[114.32710305,-8.22242522199997,0.0],[114.327206044000036,-8.222431873999938,0.0],[114.327292903000057,-8.22242635799995,0.0],[114.327384961,-8.222433701999933,0.0],[114.327487462000022,-8.222426854999981,0.0],[114.327606156000115,-8.22246996399997,0.0],[114.327652315000023,-8.222477754999943,0.0],[114.327685963000022,-8.222462653999969,0.0],[114.327715341000044,-8.222418938999965,0.0],[114.327791044000037,-8.222433034999938,0.0],[114.327882672000101,-8.222466811999936,0.0],[114.327964649000023,-8.222498714999972,0.0],[114.328040536000117,-8.222531423999953,0.0],[114.328118013000108,-8.222556331999954,0.0],[114.328248037000094,-8.222600646999979,0.0],[114.32831309900007,-8.222482571999933,0.0],[114.328574821000075,-8.221731518999945,0.0]]}},
{"type":"Feature","properties":{"Name":"Saluran Tersier Sumber Pancoran Kabat","Kategori":"Saluran Irigasi Tersier","DI":"Sumber Pancoran Kabat","KorSDA":"Kabat","Status":null,"DI_PERMEN":"Sbr. Pancoran","ID_TANAH":null},"geometry":{"type":"MultiLineString","coordinates":[[[114.328579112000057,-8.22174122499996,0.0],[114.32893390400011,-8.221808820999968,0.0],[114.3292322100001,-8.221886846999951,0.0]],[[114.328584366000086,-8.22173100699996,0.0],[114.32869947100005,-8.221423520999963,0.0]]]}},
{"type":"Feature","properties":{"Name":"Saluran Sekunder Sumber Petung","Kategori":"Saluran Irigasi Sekunder","DI":"Sumber Petung","KorSDA":"Kabat","Status":null,"DI_PERMEN":"Sumber Petung","ID_TANAH":null},"geometry":{"type":"LineString","coordinates":[[114.242520372000058,-8.178559358999962,0.0],[114.24260420600001,-8.178719286999979,0.0],[114.242608977000032,-8.178801292999935,0.0],[114.242572394000035,-8.178882644999931,0.0],[114.242584119000071,-8.178993464999962,0.0],[114.242607434000092,-8.179095303999929,0.0],[114.24268918000007,-8.179212159999963,0.0],[114.242774761000078,-8.17930410699995,0.0],[114.242819987000075,-8.179392390999965,0.0],[114.242849807000084,-8.179457563999961,0.0],[114.242903622000085,-8.179560040999945,0.0],[114.24294962700003,-8.179629729999931,0.0],[114.242992271000048,-8.179722622999975,0.0],[114.243013110000106,-8.179797907999955,0.0],[114.243029772000114,-8.179886905999979,0.0],[114.243049629000097,-8.17993800499994,0.0],[114.243071977000113,-8.180102931999954,0.0],[114.243110737000052,-8.180165830999954,0.0],[114.243144186000109,-8.180210967999926,0.0],[114.243176263,-8.180243736999955,0.0],[114.243234641000072,-8.180245013999979,0.0],[114.243306039000117,-8.180277996999962,0.0],[114.243336787000089,-8.180294517999926,0.0],[114.243393735000041,-8.180337350999935,0.0]]}},
{"type":"Feature","properties":{"Name":"Saluran Sekunder Sumber Pring Kabat","Kategori":"Saluran Irigasi Sekunder","DI":"Sumber Pring Kabat","KorSDA":"Kabat","Status":null,"DI_PERMEN":"Sbr. Pring","ID_TANAH":null},"geometry":{"type":"LineString","coordinates":[[114.271631268000078,-8.181615206999936,0.0],[114.271806426000012,-8.181784691999951,0.0],[114.271960790000094,-8.181931310999971,0.0],[114.272084367000048,-8.182037213999934,0.0],[114.272234786000013,-8.182135337999966,0.0],[114.272356626000033,-8.182372101999931,0.0],[114.272568834000026,-8.182715947999952,0.0],[114.272757032000072,-8.182992213999967,0.0],[114.272804298000096,-8.183077938999929,0.0],[114.272783360000062,-8.18316082299998,0.0],[114.272720356000036,-8.183211129999961,0.0],[114.272692269000117,-8.183272289999934,0.0],[114.272733232000064,-8.183381192999946,0.0],[114.272736149000025,-8.183483530999979,0.0],[114.272703693000039,-8.183635906999939,0.0],[114.272663846000114,-8.183765406999953,0.0],[114.272711387000072,-8.183898236999937,0.0],[114.272698026000057,-8.184028874999967,0.0],[114.272685360000082,-8.184163043999945,0.0],[114.27272503800009,-8.184327331999953,0.0],[114.272786889000031,-8.184467813999959,0.0],[114.272771868000063,-8.184687072999964,0.0],[114.272718723000025,-8.184865677999937,0.0],[114.272636461000047,-8.184971076999943,0.0],[114.272598478000077,-8.185053014999937,0.0],[114.272631014000012,-8.185134146999928,0.0],[114.27252205000002,-8.185311153999976,0.0],[114.272443774000067,-8.18548950099995,0.0],[114.272395500000016,-8.18560132999994,0.0],[114.272426716000041,-8.185756982999976,0.0],[114.272392923000098,-8.185857476999956,0.0],[114.272356276000096,-8.186004228999934,0.0],[114.272351178,-8.186041870999929,0.0],[114.272374632000037,-8.186135011999966,0.0],[114.272374178000064,-8.186217706999969,0.0],[114.272309853000024,-8.186244334999969,0.0],[114.272224554000104,-8.186338705999958,0.0],[114.272155559000112,-8.186394957999937,0.0],[114.272070822000046,-8.18642796499995,0.0],[114.271993332000079,-8.186501503999978,0.0],[114.271963002,-8.186571734999973,0.0],[114.271974505000117,-8.186735209999938,0.0],[114.272016872000108,-8.186824048999938,0.0],[114.272029970000062,-8.186964239999952,0.0],[114.272064353000019,-8.187009146999969,0.0],[114.272117945000105,-8.187030066999966,0.0],[114.272144010000034,-8.187072333999936,0.0],[114.27216032900003,-8.187146957999971,0.0],[114.272201327000062,-8.187189072999956,0.0],[114.272272752000049,-8.187220275999948,0.0],[114.272290462000115,-8.187277889999962,0.0],[114.272369765,-8.187400812999954,0.0],[114.272433895000063,-8.187491067999929,0.0],[114.272467468000059,-8.187561013999925,0.0],[114.272491162000051,-8.187681633999944,0.0],[114.272505948000116,-8.187750209999933,0.0],[114.272579258000064,-8.187799109999958,0.0],[114.272580157000107,-8.187810663999926,0.0],[114.272645222000051,-8.187822469999958,0.0],[114.272702070000037,-8.187834420999934,0.0],[114.272728083000061,-8.187898914999948,0.0],[114.272759270000051,-8.187962252999966,0.0]]}},
{"type":"Feature","properties":{"Name":"Saluran Tersier Sumber Pring Kabat","Kategori":"Saluran Irigasi Tersier","DI":"Sumber Pring Kabat","KorSDA":"Kabat","Status":null,"DI_PERMEN":"Sbr. Pring","ID_TANAH":null},"geometry":{"type":"LineString","coordinates":[[114.272759151000059,-8.187960271999941,0.0],[114.272733606000088,-8.187999789999935,0.0],[114.272734240000091,-8.188046005999979,0.0],[114.272777179000059,-8.188095644999976,0.0],[114.272813355000039,-8.188140675999932,0.0],[114.272881169000016,-8.188178389999962,0.0],[114.272984521000012,-8.188338715999976,0.0],[114.272981700000059,-8.188406629999974,0.0],[114.272967427000026,-8.188476952999963,0.0],[114.27297067500001,-8.188541648999944,0.0],[114.272993891000056,-8.188583176999941,0.0],[114.272992846000079,-8.188637473999961,0.0],[114.272966093000036,-8.188696835999963,0.0],[114.272907395000061,-8.188802052999961,0.0],[114.272867857000051,-8.188897753999981,0.0],[114.272793197000055,-8.189045782999926,0.0],[114.272818491000066,-8.189071513999977,0.0],[114.273157635000075,-8.189248335999935,0.0],[114.27320101600003,-8.189253526999948,0.0],[114.273362002000113,-8.189341798999976,0.0]]}},
{"type":"Feature","properties":{"Name":"Saluran Sekunder Sumber Seguling","Kategori":"Saluran Irigasi Sekunder","DI":"Sumber Seguling","KorSDA":"Kabat","Status":null,"DI_PERMEN":"Sumber Seguling","ID_TANAH":null},"geometry":{"type":"LineString","coordinates":[[114.344896333000065,-8.269664155999976,0.0],[114.344926526000108,-8.269718325999975,0.0],[114.34489704900011,-8.269788826999957,0.0],[114.344859448000079,-8.269867116999933,0.0],[114.344854840000039,-8.269930821999935,0.0],[114.344857525000066,-8.270015927999964,0.0],[114.344900101,-8.27010499499994,0.0],[114.344829148000031,-8.270374833999938,0.0],[114.344798237000077,-8.270499520999977,0.0]]}},
{"type":"Feature","properties":{"Name":"Saluran Sekunder Sumber Seruni","Kategori":"Saluran Irigasi Sekunder","DI":"Sumber Seruni","KorSDA":"Kabat","Status":null,"DI_PERMEN":"Sruni","ID_TANAH":null},"geometry":{"type":"LineString","coordinates":[[114.241988253000045,-8.177680344999942,0.0],[114.241944416000024,-8.177682702999959,0.0]]}},
{"type":"Feature","properties":{"Name":"Saluran Sekunder Sumber Talangseng","Kategori":"Saluran Irigasi Sekunder","DI":"Sumber Talangseng","KorSDA":"Kabat","Status":null,"DI_PERMEN":"Sumber Talangseng","ID_TANAH":null},"geometry":{"type":"LineString","coordinates":[[114.25109727600011,-8.175681766999958,0.0],[114.251089456000045,-8.175752528999965,0.0],[114.251101551000033,-8.175795623999932,0.0],[114.251093472000093,-8.175838923999947,0.0],[114.251071126000056,-8.175863602999925,0.0],[114.251080402000071,-8.175897772999974,0.0],[114.251094849000083,-8.175935554999967,0.0],[114.251102779,-8.175974764999978,0.0],[114.25109919800002,-8.175990543999944,0.0]]}},
{"type":"Feature","properties":{"Name":"Saluran Tersier Sumber Talangseng","Kategori":"Saluran Irigasi Tersier","DI":"Sumber Talangseng","KorSDA":"Kabat","Status":null,"DI_PERMEN":"Sumber Talangseng","ID_TANAH":null},"geometry":{"type":"LineString","coordinates":[[114.251104356000042,-8.175992484999938,0.0],[114.25105777400006,-8.176025465999942,0.0],[114.251010594000036,-8.176052260999938,0.0],[114.251001558000098,-8.176099527999952,0.0]]}},
{"type":"Feature","properties":{"Name":"Saluran Sekunder Sumber Urip II","Kategori":"Saluran Irigasi Sekunder","DI":"Sumber Urip II","KorSDA":"Kabat","Status":null,"DI_PERMEN":"Sbr. Urip II","ID_TANAH":null},"geometry":{"type":"LineString","coordinates":[[114.280762356000082,-8.237779939999939,0.0],[114.280879789000096,-8.237785590999977,0.0],[114.280908597,-8.237851258999967,0.0],[114.280964978000043,-8.23788458699994,0.0],[114.281005023000034,-8.237981952999974,0.0]]}},
{"type":"Feature","properties":{"Name":"Saluran Sekunder Sumber Waginah","Kategori":"Saluran Irigasi Sekunder","DI":"Sumber Waginah","KorSDA":"Kabat","Status":null,"DI_PERMEN":"Sbr. Waginah","ID_TANAH":null},"geometry":{"type":"LineString","coordinates":[[114.271112517,-8.180764784999951,0.0],[114.271095418000073,-8.180862462999926,0.0],[114.271134611000093,-8.180918375999966,0.0],[114.27114747600001,-8.180982302999951,0.0],[114.271194050000076,-8.181069909999962,0.0],[114.271206298000038,-8.181133583999951,0.0]]}},
{"type":"Feature","properties":{"Name":"Saluran Sekunder Sumber Watu Ulo","Kategori":"Saluran Irigasi Sekunder","DI":"Sumber Watu Ulo","KorSDA":"Kabat","Status":null,"DI_PERMEN":"Sbr. Watu Ulo","ID_TANAH":null},"geometry":{"type":"LineString","coordinates":[[114.34183766700005,-8.228827845999945,0.0],[114.341910596000048,-8.228870625999946,0.0],[114.341981938000117,-8.228944217999981,0.0],[114.342074388000015,-8.22900498499996,0.0],[114.342177182000114,-8.22907044699997,0.0],[114.342377960000022,-8.229187101999969,0.0],[114.342570789000092,-8.229272023999954,0.0],[114.342789997000068,-8.229341960999932,0.0],[114.342995331000111,-8.229338286999962,0.0],[114.343147341000076,-8.229329332999953,0.0],[114.343291559000022,-8.229347315999973,0.0],[114.34341366000001,-8.229410167999959,0.0],[114.343568006000055,-8.229526024999927,0.0],[114.343723141000055,-8.229633879999938,0.0],[114.343911386000059,-8.229727394999941,0.0],[114.344048386000054,-8.229758114999981,0.0],[114.344266319000099,-8.229750593999938,0.0]]}},
{"type":"Feature","properties":{"Name":"Saluran Tersier Sumber Watu Ulo","Kategori":"Saluran Irigasi Tersier","DI":"Sumber Watu Ulo","KorSDA":"Kabat","Status":null,"DI_PERMEN":"Sbr. Watu Ulo","ID_TANAH":null},"geometry":{"type":"LineString","coordinates":[[114.344267253000112,-8.229748828999959,0.0],[114.344305552000037,-8.22969864099997,0.0],[114.34433394000007,-8.229630995999969,0.0],[114.344354198000019,-8.229546673999948,0.0],[114.344360903000052,-8.229425688999982,0.0]]}},
{"type":"Feature","properties":{"Name":"Saluran Sekunder Tawang Alun","Kategori":"Saluran Irigasi Sekunder","DI":"Tawang Alun","KorSDA":"Kabat","Status":null,"DI_PERMEN":"Tawangalun","ID_TANAH":null},"geometry":{"type":"LineString","coordinates":[[114.303537130000109,-8.278371437999965,0.0],[114.304768617000036,-8.279214697999976,0.0],[114.304747464000116,-8.279278094999938,0.0],[114.304739226000038,-8.279313853999952,0.0],[114.304755320000027,-8.279370496999945,0.0],[114.304785447000086,-8.279395913999963,0.0],[114.304912899000101,-8.279457616999935,0.0],[114.30531734300007,-8.27967310799994,0.0],[114.305422786,-8.279726647999951,0.0],[114.305542199000115,-8.279770192999933,0.0],[114.30588332800005,-8.279859317999978,0.0]]}},
{"type":"Feature","properties":{"Name":"Saluran Tersier Tawang Alun","Kategori":"Saluran Irigasi Tersier","DI":"Tawang Alun","KorSDA":"Kabat","Status":null,"DI_PERMEN":"Tawangalun","ID_TANAH":null},"geometry":{"type":"MultiLineString","coordinates":[[[114.305880244000036,-8.27986244799996,0.0],[114.306061643000021,-8.279954023999949,0.0],[114.306297690000065,-8.280028911999977,0.0],[114.306606618000046,-8.280137433999926,0.0],[114.306734311000014,-8.280197748999967,0.0]],[[114.305879002000097,-8.279851872999927,0.0],[114.30607812300002,-8.279557760999978,0.0],[114.306297598000015,-8.279265497999972,0.0],[114.306426945000112,-8.279088584999954,0.0],[114.306549655000026,-8.278928625999981,0.0],[114.306678564000094,-8.278757506999966,0.0],[114.306810786000028,-8.27852199199998,0.0]]]}},
{"type":"Feature","properties":{"Name":"Saluran Sekunder Urip","Kategori":"Saluran Irigasi Sekunder","DI":"Urip","KorSDA":"Kabat","Status":null,"DI_PERMEN":"Dam Urip","ID_TANAH":null},"geometry":{"type":"LineString","coordinates":[[114.26111409400005,-8.21065200399994,0.0],[114.261158888000068,-8.210672550999959,0.0],[114.261219075000099,-8.210742916999948,0.0],[114.261324050000098,-8.21083794499998,0.0],[114.261395040000025,-8.210907986999928,0.0],[114.261533984000039,-8.210969462999969,0.0],[114.261650258000031,-8.211012068999935,0.0],[114.261818272000028,-8.211028082999974,0.0],[114.26188942400006,-8.211022554999943,0.0],[114.262064545000044,-8.211025740999958,0.0],[114.262196791000065,-8.211043654999969,0.0],[114.262341039000034,-8.21113562499994,0.0],[114.262472997000032,-8.211223629999949,0.0],[114.262566983000056,-8.211301655999932,0.0],[114.262643014000105,-8.21138493899997,0.0]]}},
{"type":"Feature","properties":{"Name":null,"Kategori":null,"DI":null,"KorSDA":null,"Status":null,"DI_PERMEN":null,"ID_TANAH":null},"geometry":{"type":"LineString","coordinates":[[114.291772468000204,-8.229762648999895,0.0],[114.293247490163481,-8.230719479557195,0.0],[114.294675166766865,-8.231647469349468,0.0],[114.295674540389314,-8.231933004670111,0.0],[114.296531146351413,-8.23239699956622,0.0],[114.297102216992926,-8.233039454037794,0.0],[114.296638222096703,-8.233931751915065,0.0],[114.296388378691177,-8.234324362980942,0.0],[114.29963634296405,-8.236929872782355,0.0],[114.300385873180971,-8.237608019168988,0.0],[114.303027074897273,-8.239178463432836,0.0]]}},
{"type":"Feature","properties":{"Name":null,"Kategori":null,"DI":null,"KorSDA":null,"Status":null,"DI_PERMEN":null,"ID_TANAH":null},"geometry":{"type":"LineString","coordinates":[[114.269580328000075,-8.204052059999981,0.0],[114.270150752551672,-8.204703562269913,0.0],[114.270778930257165,-8.205360293507454,0.0],[114.271935348306101,-8.20625972976768,0.0],[114.272563526011709,-8.206630925684635,0.0],[114.272849061332408,-8.206773693344985,0.0],[114.273163150185155,-8.207002121601477,0.0],[114.273338541133853,-8.207396586129164,0.0],[114.27397692584907,-8.207587469008899,0.0],[114.274676487384795,-8.208187093182403,0.0],[114.274876362109239,-8.208544012333277,0.0],[114.274862085343216,-8.208900931484209,0.0],[114.2749049156414,-8.209172190038885,0.0],[114.275318941856312,-8.209629046551925,0.0],[114.275861458965778,-8.210100179831159,0.0],[114.276746618459924,-8.21061414340835,0.0],[114.277555635201907,-8.211137624829689,0.0],[114.278745365704822,-8.211518338590565,0.0],[114.280054069257972,-8.211803873911265,0.0],[114.280886880610069,-8.211994230791788,0.0],[114.28167210274205,-8.212327355332604,0.0],[114.2824097356538,-8.213112577464528,0.0],[114.282528708704035,-8.213707442715986,0.0],[114.282957011685198,-8.214492664847853,0.0],[114.28302839551543,-8.214968557049076,0.0],[114.282957011685198,-8.215587216910592,0.0],[114.283171163175666,-8.215872752231235,0.0],[114.283575671546714,-8.216253465992281,0.0],[114.283861206867414,-8.216657974363272,0.0],[114.284241920628233,-8.217181455784498,0.0],[114.284646428999395,-8.21753837493543,0.0],[114.284575045169163,-8.217847704866188,0.0],[114.284313304458578,-8.218632926998112,0.0],[114.283885001477415,-8.219275381469686,0.0],[114.283766028427181,-8.220036808991551,0.0],[114.284265715238234,-8.220536495802776,0.0],[114.284789196659631,-8.220964798783825,0.0],[114.285526829571381,-8.22146448559505,0.0],[114.285740981062077,-8.221892788576042,0.0],[114.285675822996041,-8.222391106917655,0.0],[114.285431651131148,-8.222963546028723,0.0],[114.285455445741263,-8.223272875959424,0.0],[114.285740981062077,-8.223796357380763,0.0],[114.285717186451848,-8.224010508871231,0.0],[114.285312678081027,-8.224462606462339,0.0],[114.284979553540097,-8.224795731003212,0.0]]}},
{"type":"Feature","properties":{"Name":null,"Kategori":null,"DI":null,"KorSDA":null,"Status":null,"DI_PERMEN":null,"ID_TANAH":null},"geometry":{"type":"LineString","coordinates":[[114.362368978000177,-8.260891972999957,0.0],[114.362676975813201,-8.260179412013542,0.0],[114.363133832326184,-8.259208591923084,0.0],[114.363514546087117,-8.258589932061625,0.0],[114.363781045719861,-8.257581040595142,0.0],[114.3640380275084,-8.257000452109764,0.0],[114.364152241636702,-8.256800577385263,0.0]]}},
{"type":"Feature","properties":{"Name":"Saluran Sekunder","Kategori":"Saluran Sekunder","DI":"D.I Bagong Ki","KorSDA":null,"Status":null,"DI_PERMEN":null,"ID_TANAH":null},"geometry":{"type":"LineString","coordinates":[[114.357672893000085,-8.239411619999945,0.0],[114.357750366,-8.239396617999949,0.0],[114.357967981000115,-8.23943600999997,0.0],[114.358062515000029,-8.239451517999958,0.0],[114.358106208000095,-8.239453139999959,0.0],[114.358238166000092,-8.239479703999956,0.0],[114.35832910900001,-8.239492150999981,0.0],[114.358379100000093,-8.239493569999976,0.0],[114.358432454000081,-8.239501083999924,0.0],[114.358482589,-8.239505604999975,0.0],[114.358538865000014,-8.239506816999958,0.0],[114.358598508000114,-8.239514126999957,0.0],[114.358664530000055,-8.239524330999931,0.0],[114.358768292000036,-8.23953948799994,0.0],[114.35882532800008,-8.239559323999975,0.0],[114.35888215500006,-8.23957295799994,0.0],[114.358951625000032,-8.23959236599995,0.0],[114.358964217000107,-8.239595045999973,0.0],[114.359065853000061,-8.23964134499994,0.0],[114.359180449000064,-8.239696605999937,0.0],[114.359241616000077,-8.239744366999956,0.0],[114.359299552761456,-8.23977451077598,0.0],[114.35937422907422,-8.239818265973797,0.0],[114.359500741844627,-8.23989543190028,0.0],[114.359655565355027,-8.239989135051154,0.0],[114.359806695917115,-8.240074170346077,0.0],[114.359935982000025,-8.240153317999949,0.0],[114.359999526708663,-8.24019775724431,0.0],[114.360087617623776,-8.24025265380347,0.0],[114.360258866070836,-8.240351207523011,0.0],[114.360362720513024,-8.240418675234425,0.0],[114.36047363800003,-8.240496836999961,0.0],[114.360528362000082,-8.240538458999932,0.0],[114.360601932,-8.24058244899993,0.0],[114.360659941000108,-8.240627125999938,0.0],[114.360737966000102,-8.240699386999951,0.0],[114.360746303000042,-8.240755401999932,0.0],[114.360753954000074,-8.24079267799994,0.0],[114.360770673000047,-8.240820238999968,0.0],[114.360812728000042,-8.240853147999928,0.0],[114.360932008000077,-8.240923569999945,0.0],[114.360984843161859,-8.24094029253704,0.0],[114.361028149000049,-8.240953998999949,0.0],[114.361092641383706,-8.240989249146253,0.0],[114.361259139495118,-8.241068500380495,0.0],[114.36145585700001,-8.241151268999934,0.0],[114.361662723514115,-8.241234585479951,0.0],[114.361776582000061,-8.241277086999947,0.0],[114.361837904000026,-8.241311775999973,0.0],[114.361902846000021,-8.241346281999943,0.0],[114.362001213000099,-8.241386415999955,0.0],[114.362043398000083,-8.241405545999953,0.0],[114.362070042000028,-8.241436938999925,0.0],[114.36206775800008,-8.241463383999921,0.0],[114.362058576000095,-8.241501587999956,0.0],[114.362050200000112,-8.241545279999972,0.0],[114.362032811000063,-8.241583252999929,0.0],[114.362026229000094,-8.241617742999948,0.0],[114.362021191000053,-8.24166327299997,0.0],[114.362003500000014,-8.241736842999957,0.0],[114.361992010000108,-8.241773370999967,0.0],[114.361994227000082,-8.241809197999951,0.0],[114.362007955000081,-8.241847347999967,0.0],[114.362042475026271,-8.241903830084128,0.0],[114.362062795000043,-8.241927256999931,0.0]]}},
{"type":"Feature","properties":{"Name":"Saluran Sekunder Bagong Ka","Kategori":"Saluran Sekunder","DI":"D.I Bagong Ka","KorSDA":null,"Status":null,"DI_PERMEN":null,"ID_TANAH":null},"geometry":{"type":"LineString","coordinates":[[114.35762404400009,-8.239677245999932,0.0],[114.35762571600003,-8.239843608999932,0.0],[114.357641589000082,-8.240066074999961,0.0],[114.357754389000092,-8.240144703999935,0.0],[114.357893664000017,-8.240238370999984,0.0],[114.35804693700004,-8.240341451999932,0.0],[114.358180785000059,-8.240433368999952,0.0],[114.358375477000095,-8.240616350999968,0.0],[114.358475415000044,-8.240756411999943,0.0],[114.358478334000097,-8.240805228999927,0.0],[114.358441550000066,-8.240926593999975,0.0],[114.358312444000035,-8.241165309999921,0.0],[114.358145900000068,-8.24147248099996,0.0],[114.358042481000098,-8.241652678999962,0.0],[114.357899266000118,-8.241914061999978,0.0],[114.357782458000088,-8.242126220999985,0.0],[114.357707956000013,-8.242288911999928,0.0],[114.357587144000036,-8.242527009999952,0.0],[114.357409794000091,-8.242885541999954,0.0],[114.357335550000016,-8.243015316999962,0.0],[114.35721693000005,-8.243265886999946,0.0],[114.357126980000089,-8.243468812999938,0.0],[114.357076871000118,-8.243586916999954,0.0],[114.357056128000067,-8.243668507999933,0.0],[114.356946587000039,-8.243842045999937,0.0],[114.356799592000016,-8.244134828999965,0.0],[114.356619282000111,-8.244502844999944,0.0],[114.356502315000057,-8.244746393999939,0.0]]}}
]
}
